timestamp,open,high,low,close,volume
2023-11-16 08:00:00+00:00,97.481,97.741,96.932,96.932,292.6
2023-11-16 08:15:00+00:00,96.932,96.932,95.5,95.746,1414.5
2023-11-16 08:30:00+00:00,95.746,96.491,95.515,96.402,437.0
2023-11-16 08:45:00+00:00,96.402,96.642,95.983,95.991,272.1
2023-11-16 09:00:00+00:00,95.991,96.148,95.052,95.672,839.3
2023-11-16 09:15:00+00:00,95.672,95.962,95.272,95.352,471.0
2023-11-16 09:30:00+00:00,95.352,95.424,94.505,94.544,1719.6
2023-11-16 09:45:00+00:00,94.544,95.354,94.383,95.232,1842.1
2023-11-16 10:00:00+00:00,95.232,95.422,95.009,95.422,434.7
2023-11-16 10:15:00+00:00,95.422,95.582,95.142,95.487,584.8
2023-11-16 10:30:00+00:00,95.487,95.487,95.062,95.225,1131.4
2023-11-16 10:45:00+00:00,95.225,95.482,94.673,94.765,692.9
2023-11-16 11:00:00+00:00,94.765,95.742,94.616,95.531,588.7
2023-11-16 11:15:00+00:00,95.531,95.705,95.252,95.592,445.2
2023-11-16 11:30:00+00:00,95.592,96.222,95.385,95.974,1124.7
2023-11-16 11:45:00+00:00,95.974,96.362,95.028,95.262,1269.7
2023-11-16 12:00:00+00:00,95.262,95.352,93.893,94.823,1860.0
2023-11-16 12:15:00+00:00,94.823,94.823,93.41,93.604,922.6
2023-11-16 12:30:00+00:00,93.604,94.343,93.463,94.143,446.4
2023-11-16 12:45:00+00:00,94.143,94.373,93.983,94.08,232.7
2023-11-16 13:00:00+00:00,94.08,94.416,93.283,93.353,1035.4
2023-11-16 13:15:00+00:00,93.353,93.53,92.08,93.429,4330.4
2023-11-16 13:30:00+00:00,93.429,93.863,93.029,93.283,377.8
2023-11-16 13:45:00+00:00,93.283,94.272,93.075,93.998,627.2
2023-11-16 14:00:00+00:00,93.998,94.332,93.443,93.654,470.9
2023-11-16 14:15:00+00:00,93.654,93.985,92.785,93.223,264.2
2023-11-16 14:30:00+00:00,93.223,93.873,92.895,93.68,960.4
2023-11-16 14:45:00+00:00,93.68,93.974,93.493,93.813,394.8
2023-11-16 15:00:00+00:00,93.813,94.216,93.753,94.073,283.6
2023-11-16 15:15:00+00:00,94.073,94.142,93.703,94.112,150.8
2023-11-16 15:30:00+00:00,94.112,94.303,92.491,92.735,953.4
2023-11-16 15:45:00+00:00,92.735,92.805,91.354,92.308,3146.0
2023-11-16 16:00:00+00:00,92.308,92.936,92.308,92.732,443.9
2023-11-16 16:15:00+00:00,92.732,93.214,92.708,92.733,172.5
2023-11-16 16:30:00+00:00,92.733,93.397,92.674,93.163,357.5
2023-11-16 16:45:00+00:00,93.163,93.671,92.943,93.671,289.8
2023-11-16 17:00:00+00:00,93.671,98.205,93.485,94.863,39302.4
2023-11-16 17:15:00+00:00,94.863,96.5,94.84,96.086,2029.9
2023-11-16 17:30:00+00:00,96.086,96.086,95.128,95.22,571.3
2023-11-16 17:45:00+00:00,95.22,95.852,93.905,94.287,2871.2
2023-11-16 18:00:00+00:00,94.287,94.773,93.723,94.433,914.2
2023-11-16 18:15:00+00:00,94.433,94.551,93.013,93.587,1161.3
2023-11-16 18:30:00+00:00,93.587,93.587,93.088,93.088,290.5
2023-11-16 18:45:00+00:00,93.088,93.253,92.745,93.168,354.6
2023-11-16 19:00:00+00:00,93.168,93.227,91.696,92.085,847.1
2023-11-16 19:15:00+00:00,92.085,92.492,90.324,91.245,2226.3
2023-11-16 19:30:00+00:00,91.245,91.713,90.786,91.61,1032.8
2023-11-16 19:45:00+00:00,91.61,92.023,91.419,91.983,670.9
2023-11-16 20:00:00+00:00,91.983,92.497,91.608,91.861,1829.2
2023-11-16 20:15:00+00:00,91.861,91.861,91.239,91.661,378.0
2023-11-16 20:30:00+00:00,91.661,92.296,91.618,91.874,431.6
2023-11-16 20:45:00+00:00,91.874,91.925,91.295,91.423,318.1
2023-11-16 21:00:00+00:00,91.423,91.463,90.652,91.155,472.7
2023-11-16 21:15:00+00:00,91.155,91.683,90.931,90.931,341.3
2023-11-16 21:30:00+00:00,90.931,91.626,90.894,91.232,188.6
2023-11-16 21:45:00+00:00,91.232,91.703,91.147,91.225,703.1
2023-11-16 22:00:00+00:00,91.225,91.862,91.135,91.715,242.3
2023-11-16 22:15:00+00:00,91.715,92.253,91.715,92.101,366.2
2023-11-16 22:30:00+00:00,92.101,92.101,91.673,91.918,117.4
2023-11-16 22:45:00+00:00,91.918,92.241,91.649,91.649,103.8
2023-11-16 23:00:00+00:00,91.649,91.863,90.989,91.145,251.4
2023-11-16 23:15:00+00:00,91.145,91.145,90.1,90.331,655.5
2023-11-16 23:30:00+00:00,90.331,90.858,89.996,90.774,395.2
2023-11-16 23:45:00+00:00,90.774,91.423,90.684,91.06,95.8
2023-11-17 00:00:00+00:00,91.06,91.191,90.708,90.912,291.5
2023-11-17 00:15:00+00:00,90.912,91.741,90.886,91.595,267.6
2023-11-17 00:30:00+00:00,91.595,92.311,91.281,92.161,269.2
2023-11-17 00:45:00+00:00,92.161,92.521,92.017,92.493,207.9
2023-11-17 01:00:00+00:00,92.493,92.536,91.957,92.097,254.8
2023-11-17 01:15:00+00:00,92.097,92.394,92.021,92.337,146.4
2023-11-17 01:30:00+00:00,92.337,92.781,91.962,92.767,598.9
2023-11-17 01:45:00+00:00,92.767,93.33,92.602,93.306,1887.5
2023-11-17 02:00:00+00:00,93.306,93.56,93.001,93.001,668.6
2023-11-17 02:15:00+00:00,93.001,93.31,92.647,93.31,188.5
2023-11-17 02:30:00+00:00,93.31,93.35,92.517,92.604,305.9
2023-11-17 02:45:00+00:00,92.604,93.014,92.407,92.797,122.9
2023-11-17 03:00:00+00:00,92.797,92.884,92.077,92.164,716.1
2023-11-17 03:15:00+00:00,92.164,92.412,91.723,92.208,493.5
2023-11-17 03:30:00+00:00,92.208,92.911,92.082,92.811,989.6
2023-11-17 03:45:00+00:00,92.811,92.811,92.508,92.557,190.4
2023-11-17 04:00:00+00:00,92.557,92.746,92.127,92.218,534.1
2023-11-17 04:15:00+00:00,92.218,92.574,92.085,92.395,169.2
2023-11-17 04:30:00+00:00,92.395,92.651,92.077,92.374,103.5
2023-11-17 04:45:00+00:00,92.374,92.579,92.177,92.307,104.6
2023-11-17 05:00:00+00:00,92.307,92.418,92.007,92.058,125.5
2023-11-17 05:15:00+00:00,92.058,92.51,91.841,92.09,162.6
2023-11-17 05:30:00+00:00,92.09,92.141,91.797,91.941,251.5
2023-11-17 05:45:00+00:00,91.941,92.241,91.893,92.241,128.7
2023-11-17 06:00:00+00:00,92.241,92.311,91.76,91.947,147.3
2023-11-17 06:15:00+00:00,91.947,92.421,91.947,92.268,149.8
2023-11-17 06:30:00+00:00,92.268,92.581,92.247,92.277,479.8
2023-11-17 06:45:00+00:00,92.277,92.347,91.851,92.01,141.8
2023-11-17 07:00:00+00:00,92.01,92.037,91.567,91.58,447.4
2023-11-17 07:15:00+00:00,91.58,91.829,91.187,91.327,653.4
2023-11-17 07:30:00+00:00,91.327,91.405,90.948,91.01,480.9
2023-11-17 07:45:00+00:00,91.01,91.091,90.298,90.617,4779.2
2023-11-17 08:00:00+00:00,90.617,91.091,90.272,90.319,611.8
2023-11-17 08:15:00+00:00,90.319,91.043,90.179,90.988,621.5
2023-11-17 08:30:00+00:00,90.988,91.244,90.899,90.962,318.5
2023-11-17 08:45:00+00:00,90.962,91.091,90.769,90.906,195.4
2023-11-17 09:00:00+00:00,90.906,90.999,90.662,90.709,244.5
2023-11-17 09:15:00+00:00,90.709,91.113,90.632,90.651,253.3
2023-11-17 09:30:00+00:00,90.651,90.66,89.964,90.088,1310.5
2023-11-17 09:45:00+00:00,90.088,90.278,89.886,90.108,392.4
2023-11-17 10:00:00+00:00,90.108,90.222,88.674,88.815,2439.8
2023-11-17 10:15:00+00:00,88.815,89.005,87.777,88.279,6257.2
2023-11-17 10:30:00+00:00,88.279,88.757,87.851,87.981,434.8
2023-11-17 10:45:00+00:00,87.981,88.527,87.683,88.462,662.2
2023-11-17 11:00:00+00:00,88.462,88.637,88.145,88.567,159.2
2023-11-17 11:15:00+00:00,88.567,88.819,88.151,88.819,359.8
2023-11-17 11:30:00+00:00,88.819,88.819,88.355,88.489,167.5
2023-11-17 11:45:00+00:00,88.489,88.562,88.167,88.431,320.3
2023-11-17 12:00:00+00:00,88.431,88.587,87.966,88.024,423.0
2023-11-17 12:15:00+00:00,88.024,88.026,87.385,87.638,630.1
2023-11-17 12:30:00+00:00,87.638,88.147,87.409,88.022,218.3
2023-11-17 12:45:00+00:00,88.022,88.779,87.988,88.779,442.3
2023-11-17 13:00:00+00:00,88.779,89.343,88.775,89.341,395.9
2023-11-17 13:15:00+00:00,89.341,89.455,88.848,88.886,498.4
2023-11-17 13:30:00+00:00,88.886,89.082,88.765,88.917,251.5
2023-11-17 13:45:00+00:00,88.917,88.917,88.168,88.333,765.5
2023-11-17 14:00:00+00:00,88.333,88.729,87.917,88.053,243.7
2023-11-17 14:15:00+00:00,88.053,88.197,87.635,87.827,294.6
2023-11-17 14:30:00+00:00,87.827,88.227,86.804,86.81,782.7
2023-11-17 14:45:00+00:00,86.81,86.97,86.184,86.906,1271.0
2023-11-17 15:00:00+00:00,86.906,87.15,86.334,87.07,236.9
2023-11-17 15:15:00+00:00,87.07,87.132,85.894,86.179,517.8
2023-11-17 15:30:00+00:00,86.179,86.885,85.601,85.65,1373.8
2023-11-17 15:45:00+00:00,85.65,85.951,84.984,85.344,3460.8
2023-11-17 16:00:00+00:00,85.344,86.431,85.0,86.232,510.6
2023-11-17 16:15:00+00:00,86.232,86.76,86.09,86.567,209.2
2023-11-17 16:30:00+00:00,86.567,86.567,85.595,86.062,385.0
2023-11-17 16:45:00+00:00,86.062,86.231,85.788,86.038,254.7
2023-11-17 17:00:00+00:00,86.038,87.608,85.889,86.876,3291.2
2023-11-17 17:15:00+00:00,86.876,87.181,86.525,86.717,418.0
2023-11-17 17:30:00+00:00,86.717,87.432,86.492,87.36,288.1
2023-11-17 17:45:00+00:00,87.36,87.702,87.133,87.665,170.8
2023-11-17 18:00:00+00:00,87.665,87.852,87.319,87.825,305.4
2023-11-17 18:15:00+00:00,87.825,87.842,87.292,87.566,140.9
2023-11-17 18:30:00+00:00,87.566,87.752,87.317,87.536,160.6
2023-11-17 18:45:00+00:00,87.536,87.898,87.269,87.802,225.7
2023-11-17 19:00:00+00:00,87.802,87.897,87.398,87.656,185.9
2023-11-17 19:15:00+00:00,87.656,87.891,87.263,87.301,275.9
2023-11-17 19:30:00+00:00,87.301,87.688,87.185,87.231,403.0
2023-11-17 19:45:00+00:00,87.231,87.41,87.074,87.126,224.5
2023-11-17 20:00:00+00:00,87.126,87.85,87.05,87.782,385.2
2023-11-17 20:15:00+00:00,87.782,87.852,87.418,87.49,110.6
2023-11-17 20:30:00+00:00,87.49,87.49,87.001,87.022,254.9
2023-11-17 20:45:00+00:00,87.022,87.481,86.932,87.154,239.1
2023-11-17 21:00:00+00:00,87.154,87.522,87.143,87.415,95.3
2023-11-17 21:15:00+00:00,87.415,87.491,86.99,87.332,47.4
2023-11-17 21:30:00+00:00,87.332,87.632,87.266,87.456,83.9
2023-11-17 21:45:00+00:00,87.456,87.755,87.272,87.649,39.8
2023-11-17 22:00:00+00:00,87.649,88.032,87.581,87.96,85.2
2023-11-17 22:15:00+00:00,87.96,88.362,87.661,88.139,124.4
2023-11-17 22:30:00+00:00,88.139,88.397,88.139,88.266,429.4
2023-11-17 22:45:00+00:00,88.266,88.652,88.24,88.639,196.4
2023-11-17 23:00:00+00:00,88.639,88.982,88.59,88.955,221.0
2023-11-17 23:15:00+00:00,88.955,89.041,88.204,88.204,271.6
2023-11-17 23:30:00+00:00,88.204,88.598,88.204,88.489,99.1
2023-11-17 23:45:00+00:00,88.489,88.713,88.15,88.699,164.6
2023-11-18 00:00:00+00:00,88.699,88.922,88.41,88.424,118.6
2023-11-18 00:15:00+00:00,88.424,88.53,88.0,88.003,153.8
2023-11-18 00:30:00+00:00,88.003,88.249,87.511,87.534,347.4
2023-11-18 00:45:00+00:00,87.534,88.162,87.515,87.588,183.3
2023-11-18 01:00:00+00:00,87.588,87.978,87.36,87.407,123.9
2023-11-18 01:15:00+00:00,87.407,87.817,87.32,87.794,69.5
2023-11-18 01:30:00+00:00,87.794,87.988,87.54,87.692,152.1
2023-11-18 01:45:00+00:00,87.692,87.852,87.198,87.312,141.8
2023-11-18 02:00:00+00:00,87.312,87.752,87.29,87.72,83.2
2023-11-18 02:15:00+00:00,87.72,87.953,87.541,87.696,86.1
2023-11-18 02:30:00+00:00,87.696,87.902,87.434,87.608,192.9
2023-11-18 02:45:00+00:00,87.608,87.792,87.332,87.371,56.3
2023-11-18 03:00:00+00:00,87.371,87.492,87.138,87.225,46.2
2023-11-18 03:15:00+00:00,87.225,87.231,86.632,86.888,397.3
2023-11-18 03:30:00+00:00,86.888,87.129,86.672,86.826,148.2
2023-11-18 03:45:00+00:00,86.826,87.051,86.407,86.552,209.5
2023-11-18 04:00:00+00:00,86.552,87.147,86.552,87.002,76.2
2023-11-18 04:15:00+00:00,87.002,87.353,86.932,87.308,101.0
2023-11-18 04:30:00+00:00,87.308,87.342,86.885,87.138,94.8
2023-11-18 04:45:00+00:00,87.138,87.171,86.65,86.693,61.3
2023-11-18 05:00:00+00:00,86.693,86.845,86.282,86.333,148.3
2023-11-18 05:15:00+00:00,86.333,86.462,85.597,85.894,1026.6
2023-11-18 05:30:00+00:00,85.894,86.362,85.742,85.742,331.9
2023-11-18 05:45:00+00:00,85.742,85.802,85.045,85.139,790.8
2023-11-18 06:00:00+00:00,85.139,85.604,85.0,85.232,230.0
2023-11-18 06:15:00+00:00,85.232,85.333,85.013,85.013,87.6
2023-11-18 06:30:00+00:00,85.013,85.027,84.165,84.483,1272.6
2023-11-18 06:45:00+00:00,84.483,84.483,83.632,83.638,1109.5
2023-11-18 07:00:00+00:00,83.638,83.973,82.715,83.753,1236.7
2023-11-18 07:15:00+00:00,83.753,84.42,83.753,84.362,492.6
2023-11-18 07:30:00+00:00,84.362,84.815,84.332,84.61,225.9
2023-11-18 07:45:00+00:00,84.61,84.963,84.38,84.957,179.0
2023-11-18 08:00:00+00:00,84.957,85.054,84.653,84.848,376.3
2023-11-18 08:15:00+00:00,84.848,85.174,84.691,85.174,227.4
2023-11-18 08:30:00+00:00,85.174,86.338,85.132,86.268,788.8
2023-11-18 08:45:00+00:00,86.268,86.268,85.512,85.95,472.1
2023-11-18 09:00:00+00:00,85.95,86.222,85.81,85.962,194.4
2023-11-18 09:15:00+00:00,85.962,86.342,85.962,86.281,91.0
2023-11-18 09:30:00+00:00,86.281,86.446,86.132,86.445,58.7
2023-11-18 09:45:00+00:00,86.445,86.445,86.028,86.222,107.3
2023-11-26 17:45:00+00:00,97.939,98.057,97.779,97.97,92.8
2023-11-26 18:00:00+00:00,97.97,98.792,97.839,98.682,724.3
2023-11-26 18:15:00+00:00,98.682,98.682,98.079,98.108,582.5
2023-11-26 18:30:00+00:00,98.108,98.416,98.055,98.151,242.6
2023-11-26 18:45:00+00:00,98.151,98.314,97.959,98.047,291.4
2023-11-26 19:00:00+00:00,98.047,98.361,97.988,98.119,299.2
2023-11-26 19:15:00+00:00,98.119,98.23,97.719,97.905,336.0
2023-11-26 19:30:00+00:00,97.905,98.323,97.905,98.031,126.1
2023-11-26 19:45:00+00:00,98.031,98.511,97.92,98.421,282.7
2023-11-26 20:00:00+00:00,98.421,98.501,98.129,98.184,132.8
2023-11-26 20:15:00+00:00,98.184,98.812,98.18,98.612,859.7
2023-11-26 20:30:00+00:00,98.612,98.747,98.473,98.68,119.5
2023-11-26 20:45:00+00:00,98.68,99.19,98.55,98.668,1421.7
2023-11-26 21:00:00+00:00,98.668,98.762,98.21,98.22,505.3
2023-11-26 21:15:00+00:00,98.22,98.29,97.921,97.961,494.4
2023-11-26 21:30:00+00:00,97.961,98.103,97.831,97.87,87.3
2023-11-26 21:45:00+00:00,97.87,98.215,97.86,98.13,136.1
2023-11-26 22:00:00+00:00,98.13,98.908,98.13,98.777,642.3
2023-11-26 22:15:00+00:00,98.777,98.855,98.063,98.308,472.9
2023-11-26 22:30:00+00:00,98.308,98.551,98.17,98.324,216.3
2023-11-26 22:45:00+00:00,98.324,98.59,98.311,98.463,412.8
2023-11-26 23:00:00+00:00,98.463,98.463,97.74,97.942,494.7
2023-11-26 23:15:00+00:00,97.942,98.142,97.771,98.036,59.5
2023-11-26 23:30:00+00:00,98.036,98.122,97.936,98.011,148.9
2023-11-26 23:45:00+00:00,98.011,98.216,97.787,97.827,37.7
2023-11-27 00:00:00+00:00,97.827,98.06,97.616,97.971,289.8
2023-11-27 00:15:00+00:00,97.971,98.448,97.953,98.416,449.8
2023-11-27 00:30:00+00:00,98.416,98.577,98.259,98.507,123.1
2023-11-27 00:45:00+00:00,98.507,98.597,98.363,98.448,79.2
2023-11-27 01:00:00+00:00,98.448,99.074,98.448,98.649,196.8
2023-11-27 01:15:00+00:00,98.649,98.717,98.183,98.339,91.0
2023-11-27 01:30:00+00:00,98.339,98.339,97.676,97.709,180.2
2023-11-27 01:45:00+00:00,97.709,97.999,97.451,97.786,126.5
2023-11-27 02:00:00+00:00,97.786,97.879,97.468,97.499,243.1
2023-11-27 02:15:00+00:00,97.499,97.518,96.969,97.129,249.5
2023-11-27 02:30:00+00:00,97.129,97.129,96.452,96.457,146.6
2023-11-27 02:45:00+00:00,96.457,96.839,96.344,96.689,362.6
2023-11-27 03:00:00+00:00,96.689,96.779,96.34,96.578,355.9
2023-11-27 03:15:00+00:00,96.578,96.578,96.127,96.128,165.5
2023-11-27 03:30:00+00:00,96.128,96.215,95.67,96.129,509.3
2023-11-27 03:45:00+00:00,96.129,96.389,96.078,96.38,90.4
2023-11-27 04:00:00+00:00,96.38,96.398,96.223,96.338,103.1
2023-11-27 04:15:00+00:00,96.338,96.398,95.968,96.047,154.1
2023-11-27 04:30:00+00:00,96.047,96.337,96.047,96.181,369.1
2023-11-27 04:45:00+00:00,96.181,96.477,96.147,96.419,204.2
2023-11-27 05:00:00+00:00,96.419,96.694,96.347,96.694,2371.0
2023-11-27 05:15:00+00:00,96.694,96.789,96.422,96.47,85.3
2023-11-27 05:30:00+00:00,96.47,96.629,96.366,96.554,135.7
2023-11-27 05:45:00+00:00,96.554,96.664,96.304,96.4,106.5
2023-11-27 06:00:00+00:00,96.4,96.753,96.28,96.753,410.6
2023-11-27 06:15:00+00:00,96.753,96.908,96.699,96.798,133.3
2023-11-27 06:30:00+00:00,96.798,96.899,96.549,96.569,190.1
2023-11-27 06:45:00+00:00,96.569,96.629,95.66,95.685,251.4
2023-11-27 07:00:00+00:00,95.685,95.97,95.5,95.522,565.8
2023-11-27 07:15:00+00:00,95.522,95.653,94.514,94.843,1421.5
2023-11-27 07:30:00+00:00,94.843,95.292,94.582,95.282,285.4
2023-11-27 07:45:00+00:00,95.282,95.732,95.192,95.723,283.0
2023-11-27 08:00:00+00:00,95.723,96.251,95.552,96.211,475.5
2023-11-27 08:15:00+00:00,96.211,96.271,95.832,96.257,124.0
2023-11-27 08:30:00+00:00,96.257,96.271,95.942,95.992,147.5
2023-11-27 08:45:00+00:00,95.992,96.017,95.552,95.717,107.4
2023-11-27 09:00:00+00:00,95.717,96.047,95.662,96.03,62.9
2023-11-27 09:15:00+00:00,96.03,96.268,95.681,95.778,111.1
2023-11-27 09:30:00+00:00,95.778,95.957,95.642,95.902,119.9
2023-11-27 09:45:00+00:00,95.902,96.112,95.632,95.637,111.1
2023-11-27 10:00:00+00:00,95.637,95.702,95.549,95.567,230.3
2023-11-27 10:15:00+00:00,95.567,95.682,95.033,95.033,216.5
2023-11-27 10:30:00+00:00,95.033,95.152,94.642,94.966,619.2
2023-11-27 10:45:00+00:00,94.966,95.002,94.312,94.87,704.1
2023-11-27 11:00:00+00:00,94.87,95.182,94.699,94.898,235.3
2023-11-27 11:15:00+00:00,94.898,95.212,94.692,95.051,191.3
2023-11-27 11:30:00+00:00,95.051,95.381,94.706,95.361,279.1
2023-11-27 11:45:00+00:00,95.361,95.581,95.197,95.203,252.9
2023-11-27 12:00:00+00:00,95.203,95.41,95.115,95.347,95.3
2023-11-27 12:15:00+00:00,95.347,95.37,94.966,95.094,116.6
2023-11-27 12:30:00+00:00,95.094,95.33,95.002,95.181,294.9
2023-11-27 12:45:00+00:00,95.181,95.342,94.767,94.802,137.6
2023-11-27 13:00:00+00:00,94.802,95.162,94.736,95.082,202.2
2023-11-27 13:15:00+00:00,95.082,95.386,94.706,95.141,240.0
2023-11-27 13:30:00+00:00,95.141,95.216,94.701,94.781,742.2
2023-11-27 13:45:00+00:00,94.781,95.504,94.494,95.242,634.3
2023-11-27 14:00:00+00:00,95.242,95.452,94.912,94.912,73.4
2023-11-27 14:15:00+00:00,94.912,94.932,94.503,94.504,281.3
2023-11-27 14:30:00+00:00,94.504,94.943,94.213,94.482,395.5
2023-11-27 14:45:00+00:00,94.482,94.763,94.055,94.374,505.9
2023-11-27 15:00:00+00:00,94.374,95.25,94.273,95.095,147.8
2023-11-27 15:15:00+00:00,95.095,95.605,95.044,95.146,210.0
2023-11-27 15:30:00+00:00,95.146,95.384,95.053,95.265,699.0
2023-11-27 15:45:00+00:00,95.265,95.266,94.258,94.483,4162.2
2023-11-27 16:00:00+00:00,94.483,94.952,94.398,94.853,125.5
2023-11-27 16:15:00+00:00,94.853,95.147,94.664,95.017,213.3
2023-11-27 16:30:00+00:00,95.017,95.257,94.744,95.242,227.1
2023-11-27 16:45:00+00:00,95.242,95.402,94.988,95.323,97.9
2023-11-27 17:00:00+00:00,95.323,95.566,95.166,95.512,175.9
2023-11-27 17:15:00+00:00,95.512,95.512,95.226,95.305,208.3
2023-11-27 17:30:00+00:00,95.305,95.485,95.18,95.246,37.3
2023-11-27 17:45:00+00:00,95.246,95.246,94.706,94.747,88.0
2023-11-27 18:00:00+00:00,94.747,95.195,94.747,95.029,54.1
2023-11-27 18:15:00+00:00,95.029,95.265,94.972,95.179,68.6
2023-11-27 18:30:00+00:00,95.179,95.225,94.766,94.806,125.0
2023-11-27 18:45:00+00:00,94.806,95.002,94.496,94.496,227.1
2023-11-27 19:00:00+00:00,94.496,94.62,94.157,94.405,140.2
2023-11-27 19:15:00+00:00,94.405,94.637,94.321,94.58,100.1
2023-11-27 19:30:00+00:00,94.58,94.728,93.684,93.768,658.4
2023-11-27 19:45:00+00:00,93.768,94.263,93.268,94.238,598.5
2023-11-27 20:00:00+00:00,94.238,94.378,93.931,94.253,95.2
2023-11-27 20:15:00+00:00,94.253,94.348,93.749,93.768,171.9
2023-11-27 20:30:00+00:00,93.768,93.959,93.71,93.857,343.8
2023-11-27 20:45:00+00:00,93.857,93.959,93.699,93.878,93.3
2023-11-27 21:00:00+00:00,93.878,94.379,93.817,94.323,123.8
2023-11-27 21:15:00+00:00,94.323,94.649,94.323,94.649,137.7
2023-11-27 21:30:00+00:00,94.649,94.838,94.559,94.689,54.5
2023-11-27 21:45:00+00:00,94.689,94.729,94.459,94.688,105.3
2023-11-27 22:00:00+00:00,94.688,94.728,94.486,94.518,39.0
2023-11-27 22:15:00+00:00,94.518,94.748,94.354,94.678,48.2
2023-11-27 22:30:00+00:00,94.678,94.858,94.647,94.837,243.1
2023-11-27 22:45:00+00:00,94.837,95.367,94.837,95.302,203.7
2023-11-27 23:00:00+00:00,95.302,95.862,95.302,95.858,325.8
2023-11-27 23:15:00+00:00,95.858,96.376,95.776,96.246,303.9
2023-11-27 23:30:00+00:00,96.246,96.246,95.954,96.044,211.5
2023-11-27 23:45:00+00:00,96.044,96.312,95.964,96.214,206.7
2023-11-28 00:00:00+00:00,96.214,98.3,95.95,96.123,14912.9
2023-11-28 00:15:00+00:00,96.123,96.842,96.091,96.118,544.3
2023-11-28 00:30:00+00:00,96.118,96.334,96.118,96.307,333.1
2023-11-28 00:45:00+00:00,96.307,96.364,95.865,95.883,290.1
2023-11-28 01:00:00+00:00,95.883,95.883,95.587,95.674,269.0
2023-11-28 01:15:00+00:00,95.674,95.674,95.203,95.264,144.9
2023-11-28 01:30:00+00:00,95.264,95.625,95.261,95.401,134.1
2023-11-28 01:45:00+00:00,95.401,95.563,95.323,95.363,77.5
2023-11-28 02:00:00+00:00,95.363,95.39,94.805,94.954,383.2
2023-11-28 02:15:00+00:00,94.954,95.445,94.899,95.376,154.3
2023-11-28 02:30:00+00:00,95.376,95.536,95.224,95.512,152.1
2023-11-28 02:45:00+00:00,95.512,95.664,95.213,95.449,283.8
2023-11-28 03:00:00+00:00,95.449,95.618,95.266,95.319,57.8
2023-11-28 03:15:00+00:00,95.319,95.367,95.073,95.364,106.9
2023-11-28 03:30:00+00:00,95.364,95.495,95.023,95.041,61.8
2023-11-28 03:45:00+00:00,95.041,95.108,94.903,95.043,70.1
2023-11-28 04:00:00+00:00,95.043,95.245,94.693,95.143,241.4
2023-11-28 04:15:00+00:00,95.143,95.215,94.819,94.821,211.2
2023-11-28 04:30:00+00:00,94.821,94.848,94.522,94.641,365.9
2023-11-28 04:45:00+00:00,94.641,94.814,94.556,94.662,85.4
2023-11-28 05:00:00+00:00,94.662,94.739,93.983,94.187,482.7
2023-11-28 05:15:00+00:00,94.187,94.25,93.865,93.968,228.6
2023-11-28 05:30:00+00:00,93.968,94.086,93.535,93.848,256.5
2023-11-28 05:45:00+00:00,93.848,93.905,93.535,93.535,299.5
2023-11-28 06:00:00+00:00,93.535,94.028,93.456,94.027,291.8
2023-11-28 06:15:00+00:00,94.027,94.237,93.965,94.127,66.0
2023-11-28 06:30:00+00:00,94.127,94.437,94.097,94.237,216.8
2023-11-28 06:45:00+00:00,94.237,94.415,94.005,94.307,61.7
2023-11-28 07:00:00+00:00,94.307,94.369,93.875,93.875,63.2
2023-11-28 07:15:00+00:00,93.875,94.036,93.546,93.645,151.6
2023-11-28 07:30:00+00:00,93.645,93.997,93.624,93.979,180.1
2023-11-28 07:45:00+00:00,93.979,94.426,93.912,94.246,419.4
2023-11-28 08:00:00+00:00,94.246,94.326,93.845,93.897,183.8
2023-11-28 08:15:00+00:00,93.897,94.148,93.786,93.905,270.4
2023-11-28 08:30:00+00:00,93.905,94.205,93.782,93.831,92.1
2023-11-28 08:45:00+00:00,93.831,93.955,93.557,93.557,234.2
2023-11-28 09:00:00+00:00,93.557,93.687,93.491,93.583,231.3
2023-11-28 09:15:00+00:00,93.583,93.907,93.583,93.834,255.9
2023-11-28 09:30:00+00:00,93.834,94.1,93.663,94.058,261.0
2023-11-28 09:45:00+00:00,94.058,94.228,93.988,93.988,152.0
2023-11-28 10:00:00+00:00,93.988,94.066,93.566,93.736,172.0
2023-11-28 10:15:00+00:00,93.736,93.977,93.514,93.538,119.4
2023-11-28 10:30:00+00:00,93.538,93.88,93.538,93.746,142.6
2023-11-28 10:45:00+00:00,93.746,93.842,93.237,93.463,2547.0
2023-11-28 11:00:00+00:00,93.463,93.805,93.463,93.69,160.8
2023-11-28 11:15:00+00:00,93.69,94.215,93.665,94.113,318.9
2023-11-28 11:30:00+00:00,94.113,94.293,93.833,93.846,309.9
2023-11-28 11:45:00+00:00,93.846,94.135,93.663,94.124,249.9
2023-11-28 12:00:00+00:00,94.124,94.228,93.272,93.3,435.5
2023-11-28 12:15:00+00:00,93.3,93.601,93.122,93.158,767.6
2023-11-28 12:30:00+00:00,93.158,93.625,92.945,93.462,1437.2
2023-11-28 12:45:00+00:00,93.462,93.469,93.241,93.334,1932.0
2023-11-28 13:00:00+00:00,93.334,93.367,92.9,93.08,831.1
2023-11-28 13:15:00+00:00,93.08,93.559,93.08,93.487,365.0
2023-11-28 13:30:00+00:00,93.487,93.949,93.487,93.857,490.8
2023-11-28 13:45:00+00:00,93.857,94.272,93.699,94.196,112.7
2023-11-28 14:00:00+00:00,94.196,94.298,93.787,94.207,309.9
2023-11-28 14:15:00+00:00,94.207,94.38,94.056,94.295,1310.6
2023-11-28 14:30:00+00:00,94.295,94.602,94.07,94.49,382.9
2023-11-28 14:45:00+00:00,94.49,94.5,94.052,94.114,132.6
2023-11-28 15:00:00+00:00,94.114,94.551,94.045,94.439,285.1
2023-11-28 15:15:00+00:00,94.439,94.611,94.339,94.339,109.0
2023-11-28 15:30:00+00:00,94.339,94.848,93.89,94.766,557.2
2023-11-28 15:45:00+00:00,94.766,94.95,94.404,94.718,220.4
2023-11-28 16:00:00+00:00,94.718,94.939,94.417,94.503,249.8
2023-11-28 16:15:00+00:00,94.503,95.69,94.488,95.523,4988.2
2023-11-28 16:30:00+00:00,95.523,98.179,95.49,97.675,23321.3
2023-11-28 16:45:00+00:00,97.675,98.949,97.316,98.781,4243.9
2023-11-28 17:00:00+00:00,98.781,98.932,98.111,98.297,1904.4
2023-11-28 17:15:00+00:00,98.297,98.689,98.107,98.19,1364.3
2023-11-28 17:30:00+00:00,98.19,98.301,98.077,98.134,468.1
2023-11-28 17:45:00+00:00,98.134,98.211,98.007,98.062,1205.7
2023-11-28 18:00:00+00:00,98.062,98.112,97.973,98.034,862.7
2023-11-28 18:15:00+00:00,98.034,98.378,97.964,98.092,952.8
2023-11-28 18:30:00+00:00,98.092,98.144,97.995,98.018,309.2
2023-11-28 18:45:00+00:00,98.018,98.199,97.904,98.151,352.9
2023-11-28 19:00:00+00:00,98.151,98.278,97.944,98.037,451.8
2023-11-28 19:15:00+00:00,98.037,98.098,97.925,97.964,234.6
2023-11-28 19:30:00+00:00,97.964,98.277,97.906,98.087,516.7
2023-12-07 03:30:00+00:00,97.144,97.468,97.134,97.441,88.4
2023-12-07 03:45:00+00:00,97.441,97.913,97.434,97.849,208.2
2023-12-07 04:00:00+00:00,97.849,98.12,97.814,97.899,200.2
2023-12-07 04:15:00+00:00,97.899,98.078,97.824,98.035,97.8
2023-12-07 04:30:00+00:00,98.035,98.615,98.035,98.603,159.2
2023-12-07 04:45:00+00:00,98.603,98.748,98.245,98.354,829.3
2023-12-07 05:00:00+00:00,98.354,98.586,98.308,98.374,77.4
2023-12-07 05:15:00+00:00,98.374,98.767,98.314,98.754,128.1
2023-12-07 05:30:00+00:00,98.754,98.777,98.541,98.576,405.5
2023-12-07 05:45:00+00:00,98.576,98.625,98.404,98.608,104.6
2023-12-07 06:00:00+00:00,98.608,98.897,98.54,98.829,114.3
2023-12-07 06:15:00+00:00,98.829,98.902,98.504,98.884,176.7
2023-12-07 06:30:00+00:00,98.884,98.907,98.601,98.751,140.1
2023-12-07 06:45:00+00:00,98.751,98.751,98.3,98.428,327.6
2023-12-07 07:00:00+00:00,98.428,98.958,98.428,98.918,198.1
2023-12-07 07:15:00+00:00,98.918,98.918,98.521,98.648,130.2
2023-12-07 07:30:00+00:00,98.648,98.667,98.304,98.599,94.1
2023-12-07 07:45:00+00:00,98.599,98.638,98.413,98.436,97.6
2023-12-07 08:00:00+00:00,98.436,98.83,98.144,98.153,363.2
2023-12-07 08:15:00+00:00,98.153,98.458,97.634,97.669,720.7
2023-12-07 08:30:00+00:00,97.669,98.203,97.435,98.033,298.8
2023-12-07 08:45:00+00:00,98.033,98.204,97.307,97.449,160.6
2023-12-07 09:00:00+00:00,97.449,97.658,97.044,97.094,332.4
2023-12-07 09:15:00+00:00,97.094,97.138,95.5,95.629,2571.3
2023-12-07 09:30:00+00:00,95.629,96.029,94.526,95.989,4752.1
2023-12-07 09:45:00+00:00,95.989,96.413,95.889,96.159,221.5
2023-12-07 10:00:00+00:00,96.159,96.424,95.639,95.803,205.0
2023-12-07 10:15:00+00:00,95.803,96.029,95.555,95.8,221.1
2023-12-07 10:30:00+00:00,95.8,96.319,95.735,96.105,468.0
2023-12-07 10:45:00+00:00,96.105,96.208,95.595,95.753,386.7
2023-12-07 11:00:00+00:00,95.753,96.049,95.636,96.006,194.7
2023-12-07 11:15:00+00:00,96.006,96.397,96.0,96.294,778.0
2023-12-07 11:30:00+00:00,96.294,96.369,95.725,95.809,66.4
2023-12-07 11:45:00+00:00,95.809,96.185,95.609,96.133,176.2
2023-12-07 12:00:00+00:00,96.133,96.405,95.741,96.312,83.5
2023-12-07 12:15:00+00:00,96.312,96.479,95.947,96.462,144.0
2023-12-07 12:30:00+00:00,96.462,96.668,96.317,96.602,246.2
2023-12-07 12:45:00+00:00,96.602,96.83,96.581,96.83,290.5
2023-12-07 13:00:00+00:00,96.83,97.028,96.498,96.498,190.1
2023-12-07 13:15:00+00:00,96.498,96.669,96.285,96.419,158.5
2023-12-07 13:30:00+00:00,96.419,96.462,96.059,96.129,71.8
2023-12-07 13:45:00+00:00,96.129,96.297,95.953,96.139,66.4
2023-12-07 14:00:00+00:00,96.139,96.329,96.017,96.295,67.8
2023-12-07 14:15:00+00:00,96.295,96.569,96.066,96.489,51.6
2023-12-07 14:30:00+00:00,96.489,96.739,96.132,96.163,51.9
2023-12-07 14:45:00+00:00,96.163,96.661,96.066,96.485,73.1
2023-12-07 15:00:00+00:00,96.485,96.794,96.415,96.513,234.9
2023-12-07 15:15:00+00:00,96.513,97.979,96.513,97.951,593.1
2023-12-07 15:30:00+00:00,97.951,98.878,97.914,98.474,1330.8
2023-12-07 15:45:00+00:00,98.474,98.572,97.879,98.318,1431.7
2023-12-07 16:00:00+00:00,98.318,99.536,97.921,99.353,1235.4
2023-12-07 16:15:00+00:00,99.353,99.538,98.754,99.186,291.1
2023-12-07 16:30:00+00:00,99.186,99.54,99.101,99.358,495.1
2023-12-07 16:45:00+00:00,99.358,99.677,99.118,99.592,114.7
2023-12-07 17:00:00+00:00,99.592,99.668,98.654,99.075,869.3
2023-12-07 17:15:00+00:00,99.075,99.661,99.012,99.575,1156.7
2023-12-07 17:30:00+00:00,99.575,99.702,98.888,99.048,1583.7
2023-12-07 17:45:00+00:00,99.048,99.531,98.643,99.509,262.9
2023-12-07 18:00:00+00:00,99.509,99.554,99.122,99.258,386.7
2023-12-07 18:15:00+00:00,99.258,99.438,99.042,99.318,380.5
2023-12-07 18:30:00+00:00,99.318,99.453,98.644,98.664,88.8
2023-12-07 18:45:00+00:00,98.664,99.018,98.527,98.704,326.0
2023-12-07 19:00:00+00:00,98.704,98.915,98.536,98.566,107.4
2023-12-07 19:15:00+00:00,98.566,98.607,97.714,97.832,673.8
2023-12-07 19:30:00+00:00,97.832,98.218,97.614,97.627,225.2
2023-12-07 19:45:00+00:00,97.627,97.938,97.608,97.915,143.3
2023-12-07 20:00:00+00:00,97.915,98.428,97.774,98.36,170.5
2023-12-07 20:15:00+00:00,98.36,98.418,97.974,97.996,70.6
2023-12-07 20:30:00+00:00,97.996,98.137,97.554,97.983,272.0
2023-12-07 20:45:00+00:00,97.983,98.228,97.874,98.197,131.6
2023-12-07 21:00:00+00:00,98.197,98.53,98.131,98.398,179.7
2023-12-07 21:15:00+00:00,98.398,99.233,98.343,99.09,128.1
2023-12-07 21:30:00+00:00,99.09,99.538,98.7,99.279,621.7
2023-12-07 21:45:00+00:00,99.279,99.326,98.692,99.038,569.1
2023-12-07 22:00:00+00:00,99.038,99.208,98.924,99.025,234.7
2023-12-07 22:15:00+00:00,99.025,99.086,98.567,98.825,380.9
2023-12-07 22:30:00+00:00,98.825,98.898,98.351,98.514,552.0
2023-12-07 22:45:00+00:00,98.514,98.668,98.155,98.198,134.3
2023-12-07 23:00:00+00:00,98.198,98.478,98.12,98.168,264.2
2023-12-07 23:15:00+00:00,98.168,98.286,97.994,98.09,239.1
2023-12-07 23:30:00+00:00,98.09,98.685,98.08,98.685,306.7
2023-12-07 23:45:00+00:00,98.685,98.798,98.575,98.67,172.8
2023-12-08 00:00:00+00:00,98.67,99.862,98.67,99.743,1911.7
2023-12-08 00:15:00+00:00,99.743,100.335,99.646,99.713,599.4
2023-12-08 00:30:00+00:00,99.713,99.911,98.796,98.873,445.2
2023-12-08 00:45:00+00:00,98.873,99.165,98.566,98.807,587.2
2023-12-08 01:00:00+00:00,98.807,98.906,98.213,98.392,307.0
2023-12-08 01:15:00+00:00,98.392,98.952,98.376,98.567,93.7
2023-12-08 01:30:00+00:00,98.567,98.699,98.48,98.595,49.3
2023-12-08 01:45:00+00:00,98.595,98.863,98.4,98.556,96.2
2023-12-08 02:00:00+00:00,98.556,98.777,98.556,98.659,36.7
2023-12-08 02:15:00+00:00,98.659,98.952,98.566,98.677,138.8
2023-12-08 02:30:00+00:00,98.677,98.862,98.546,98.836,387.1
2023-12-08 02:45:00+00:00,98.836,99.199,98.578,99.099,562.5
2023-12-08 03:00:00+00:00,99.099,99.255,98.765,99.215,419.8
2023-12-08 03:15:00+00:00,99.215,99.835,99.215,99.671,1107.8
2023-12-08 03:30:00+00:00,99.671,99.785,99.235,99.737,483.8
2023-12-08 03:45:00+00:00,99.737,99.895,99.412,99.455,83.1
2023-12-08 04:00:00+00:00,99.455,99.938,99.403,99.908,68.1
2023-12-08 04:15:00+00:00,99.908,100.035,99.585,99.873,205.6
2023-12-08 04:30:00+00:00,99.873,99.975,99.427,99.478,404.2
2023-12-08 04:45:00+00:00,99.478,99.583,99.317,99.559,485.9
2023-12-08 05:00:00+00:00,99.559,99.635,99.349,99.635,254.9
2023-12-08 05:15:00+00:00,99.635,100.141,99.634,100.055,348.0
2023-12-08 05:30:00+00:00,100.055,100.115,99.612,99.979,66.2
2023-12-08 05:45:00+00:00,99.979,100.383,99.973,100.193,215.3
2023-12-08 06:00:00+00:00,100.193,100.845,100.135,100.845,580.9
2023-12-08 06:15:00+00:00,100.845,100.9,100.556,100.707,460.1
2023-12-08 06:30:00+00:00,100.707,100.707,100.035,100.06,245.2
2023-12-08 06:45:00+00:00,100.06,100.535,100.03,100.349,685.1
2023-12-08 07:00:00+00:00,100.349,100.42,99.745,99.88,545.5
2023-12-08 07:15:00+00:00,99.88,100.095,99.154,99.154,670.1
2023-12-08 07:30:00+00:00,99.154,99.708,98.796,99.675,611.6
2023-12-08 07:45:00+00:00,99.675,99.953,99.54,99.54,125.3
2023-12-08 08:00:00+00:00,99.54,99.884,98.966,99.105,1141.2
2023-12-08 08:15:00+00:00,99.105,99.555,98.889,98.924,4211.9
2023-12-08 08:30:00+00:00,98.924,98.973,98.766,98.869,530.1
2023-12-08 08:45:00+00:00,98.869,98.919,98.601,98.601,152.3
2023-12-08 09:00:00+00:00,98.601,98.886,98.485,98.582,486.5
2023-12-08 09:15:00+00:00,98.582,98.976,98.516,98.893,656.9
2023-12-08 09:30:00+00:00,98.893,99.255,98.863,99.05,2777.9
2023-12-08 09:45:00+00:00,99.05,99.27,98.72,98.799,238.4
2023-12-08 10:00:00+00:00,98.799,99.155,98.689,99.088,226.5
2023-12-08 10:15:00+00:00,99.088,99.189,98.886,99.182,1376.9
2023-12-08 10:30:00+00:00,99.182,99.349,99.027,99.349,88.1
2023-12-08 10:45:00+00:00,99.349,99.575,99.197,99.54,191.9
2023-12-08 11:00:00+00:00,99.54,100.015,99.54,99.976,442.6
2023-12-08 11:15:00+00:00,99.976,100.174,99.842,100.123,775.6
2023-12-08 11:30:00+00:00,100.123,100.425,100.099,100.396,238.5
2023-12-08 11:45:00+00:00,100.396,100.396,100.001,100.175,752.5
2023-12-08 12:00:00+00:00,100.175,100.185,99.655,99.952,756.6
2023-12-08 12:15:00+00:00,99.952,100.657,99.879,100.582,944.5
2023-12-08 12:30:00+00:00,100.582,100.635,100.297,100.415,782.0
2023-12-08 12:45:00+00:00,100.415,100.465,100.112,100.112,261.3
2023-12-08 13:00:00+00:00,100.112,100.112,99.475,99.778,1087.9
2023-12-08 13:15:00+00:00,99.778,99.965,99.265,99.325,1534.1
2023-12-08 13:30:00+00:00,99.325,99.325,98.296,98.68,3228.2
2023-12-08 13:45:00+00:00,98.68,98.736,98.0,98.066,1541.9
2023-12-08 14:00:00+00:00,98.066,98.486,97.744,97.901,1166.5
2023-12-08 14:15:00+00:00,97.901,98.616,97.897,98.606,711.3
2023-12-08 14:30:00+00:00,98.606,98.836,98.528,98.802,582.0
2023-12-08 14:45:00+00:00,98.802,98.876,97.925,98.166,2347.3
2023-12-08 15:00:00+00:00,98.166,98.63,97.6,97.726,1931.0
2023-12-08 15:15:00+00:00,97.726,98.096,97.502,97.616,1050.2
2023-12-08 15:30:00+00:00,97.616,97.686,97.043,97.362,1589.2
2023-12-08 15:45:00+00:00,97.362,97.616,96.851,96.905,2179.6
2023-12-08 16:00:00+00:00,96.905,97.439,96.684,97.436,2720.8
2023-12-08 16:15:00+00:00,97.436,97.886,97.384,97.74,1150.2
2023-12-08 16:30:00+00:00,97.74,98.056,97.466,97.658,1203.3
2023-12-08 16:45:00+00:00,97.658,97.749,96.947,97.075,2400.3
2023-12-08 17:00:00+00:00,97.075,97.162,96.277,96.661,3236.7
2023-12-08 17:15:00+00:00,96.661,96.947,95.88,96.054,2203.6
2023-12-08 17:30:00+00:00,96.054,96.651,95.993,96.517,592.3
2023-12-08 17:45:00+00:00,96.517,96.857,96.252,96.564,5192.9
2023-12-08 18:00:00+00:00,96.564,96.837,96.397,96.807,1940.7
2023-12-08 18:15:00+00:00,96.807,97.081,96.777,97.081,1061.7
2023-12-08 18:30:00+00:00,97.081,97.246,97.006,97.198,329.1
2023-12-08 18:45:00+00:00,97.198,97.43,97.17,97.217,341.6
2023-12-08 19:00:00+00:00,97.217,97.736,97.215,97.696,353.4
2023-12-08 19:15:00+00:00,97.696,97.746,97.376,97.376,347.7
2023-12-08 19:30:00+00:00,97.376,97.906,97.376,97.895,457.5
2023-12-08 19:45:00+00:00,97.895,98.0,97.697,97.903,1373.8
2023-12-08 20:00:00+00:00,97.903,98.296,97.9,98.218,866.6
2023-12-08 20:15:00+00:00,98.218,98.306,97.736,98.212,1580.7
2023-12-08 20:30:00+00:00,98.212,98.326,98.004,98.279,389.5
2023-12-08 20:45:00+00:00,98.279,98.376,98.115,98.316,384.3
2023-12-08 21:00:00+00:00,98.316,98.39,97.955,98.118,675.0
2023-12-08 21:15:00+00:00,98.118,98.285,97.876,98.232,1122.3
2023-12-08 21:30:00+00:00,98.232,98.526,97.886,98.136,605.7
2023-12-08 21:45:00+00:00,98.136,98.441,97.867,98.406,339.9
2023-12-08 22:00:00+00:00,98.406,98.426,98.142,98.356,330.1
2023-12-08 22:15:00+00:00,98.356,98.476,98.266,98.426,793.6
2023-12-08 22:30:00+00:00,98.426,98.456,98.255,98.316,137.9
2023-12-08 22:45:00+00:00,98.316,98.5,98.217,98.31,290.2
2023-12-08 23:00:00+00:00,98.31,98.636,98.277,98.626,414.8
2023-12-08 23:15:00+00:00,98.626,98.896,98.536,98.847,756.4
2023-12-08 23:30:00+00:00,98.847,99.205,98.833,99.132,657.8
2023-12-08 23:45:00+00:00,99.132,99.545,99.115,99.482,1192.3
2023-12-09 00:00:00+00:00,99.482,99.904,99.418,99.904,1538.8
2023-12-09 00:15:00+00:00,99.904,100.593,99.836,100.587,3123.8
2023-12-09 00:30:00+00:00,100.587,100.877,100.264,100.797,702.7
2023-12-09 00:45:00+00:00,100.797,100.9,100.283,100.453,1375.6
2023-12-09 01:00:00+00:00,100.453,100.587,98.852,99.353,3153.1
2023-12-09 01:15:00+00:00,99.353,99.897,99.353,99.736,1584.4
2023-12-09 01:30:00+00:00,99.736,100.193,99.493,99.877,533.3
2023-12-09 01:45:00+00:00,99.877,100.087,99.667,99.937,534.8
2023-12-09 02:00:00+00:00,99.937,100.097,99.703,99.733,171.2
2023-12-09 02:15:00+00:00,99.733,99.847,99.507,99.523,72.6
2023-12-09 02:30:00+00:00,99.523,100.177,99.523,100.083,238.1
2023-12-09 02:45:00+00:00,100.083,100.217,99.943,99.968,262.8
2023-12-09 03:00:00+00:00,99.968,100.477,99.968,100.417,180.1
2023-12-09 03:15:00+00:00,100.417,100.986,100.417,100.961,875.3
2023-12-09 03:30:00+00:00,100.961,101.508,100.961,101.477,1847.5
2023-12-09 03:45:00+00:00,101.477,101.549,100.971,101.341,430.0
2023-12-09 04:00:00+00:00,101.341,101.719,101.106,101.125,660.6
2023-12-09 04:15:00+00:00,101.125,101.349,101.044,101.172,144.6
2023-12-09 04:30:00+00:00,101.172,101.179,100.6,100.616,1309.9
2023-12-09 04:45:00+00:00,100.616,101.369,100.61,101.211,813.5
2023-12-09 05:00:00+00:00,101.211,101.288,100.889,101.074,299.5
2023-12-09 05:15:00+00:00,101.074,101.079,100.406,100.767,810.5
2023-12-17 13:15:00+00:00,103.442,103.505,103.054,103.379,375.6
2023-12-17 13:30:00+00:00,103.379,103.451,102.453,102.536,563.9
2023-12-17 13:45:00+00:00,102.536,102.813,102.115,102.412,1184.3
2023-12-17 14:00:00+00:00,102.412,103.252,102.353,103.058,520.0
2023-12-17 14:15:00+00:00,103.058,103.058,101.635,101.778,1720.6
2023-12-17 14:30:00+00:00,101.778,102.443,101.38,102.443,1287.3
2023-12-17 14:45:00+00:00,102.443,102.583,101.769,102.135,241.5
2023-12-17 15:00:00+00:00,102.135,102.603,101.605,102.285,178.4
2023-12-17 15:15:00+00:00,102.285,102.473,101.907,102.283,95.7
2023-12-17 15:30:00+00:00,102.283,102.777,102.123,102.769,223.6
2023-12-17 15:45:00+00:00,102.769,103.501,102.725,103.333,290.2
2023-12-17 16:00:00+00:00,103.333,103.408,102.815,103.115,236.2
2023-12-17 16:15:00+00:00,103.115,104.643,102.837,104.523,1988.2
2023-12-17 16:30:00+00:00,104.523,104.977,104.017,104.109,708.2
2023-12-17 16:45:00+00:00,104.109,104.329,103.684,104.329,121.5
2023-12-17 17:00:00+00:00,104.329,104.719,104.016,104.676,482.6
2023-12-17 17:15:00+00:00,104.676,104.947,104.55,104.85,246.2
2023-12-17 17:30:00+00:00,104.85,105.014,104.274,104.302,1010.6
2023-12-17 17:45:00+00:00,104.302,104.528,103.692,103.962,297.8
2023-12-17 18:00:00+00:00,103.962,103.989,103.302,103.396,182.7
2023-12-17 18:15:00+00:00,103.396,103.981,102.935,103.798,393.1
2023-12-17 18:30:00+00:00,103.798,104.357,103.697,104.252,441.5
2023-12-17 18:45:00+00:00,104.252,104.535,104.19,104.292,85.5
2023-12-17 19:00:00+00:00,104.292,104.56,104.222,104.543,61.1
2023-12-17 19:15:00+00:00,104.543,104.555,104.124,104.206,83.3
2023-12-17 19:30:00+00:00,104.206,104.206,103.84,103.874,195.2
2023-12-17 19:45:00+00:00,103.874,104.075,103.814,103.963,85.1
2023-12-17 20:00:00+00:00,103.963,104.274,103.934,104.262,56.9
2023-12-17 20:15:00+00:00,104.262,104.322,103.845,104.052,114.0
2023-12-17 20:30:00+00:00,104.052,104.065,103.584,103.933,310.7
2023-12-17 20:45:00+00:00,103.933,104.18,103.826,104.024,69.4
2023-12-17 21:00:00+00:00,104.024,104.097,103.407,103.411,504.9
2023-12-17 21:15:00+00:00,103.411,103.487,103.014,103.072,151.2
2023-12-17 21:30:00+00:00,103.072,103.083,102.571,102.571,543.5
2023-12-17 21:45:00+00:00,102.571,102.613,102.366,102.571,312.8
2023-12-17 22:00:00+00:00,102.571,102.633,102.112,102.313,793.6
2023-12-17 22:15:00+00:00,102.313,102.383,102.179,102.249,174.7
2023-12-17 22:30:00+00:00,102.249,102.258,100.656,100.846,2176.2
2023-12-17 22:45:00+00:00,100.846,101.893,100.787,101.265,1504.8
2023-12-17 23:00:00+00:00,101.265,101.282,100.756,100.757,1442.9
2023-12-17 23:15:00+00:00,100.757,100.838,99.875,99.97,1639.1
2023-12-17 23:30:00+00:00,99.97,100.353,99.677,100.121,836.7
2023-12-17 23:45:00+00:00,100.121,100.574,100.037,100.037,331.2
2023-12-18 00:00:00+00:00,100.037,100.583,100.037,100.418,1705.2
2023-12-18 00:15:00+00:00,100.418,101.022,100.25,100.831,1541.9
2023-12-18 00:30:00+00:00,100.831,100.932,100.532,100.699,74.7
2023-12-18 00:45:00+00:00,100.699,100.723,100.228,100.242,149.8
2023-12-18 01:00:00+00:00,100.242,100.592,99.738,100.55,1140.1
2023-12-18 01:15:00+00:00,100.55,100.642,99.908,99.981,658.3
2023-12-18 01:30:00+00:00,99.981,99.994,98.7,98.76,2449.0
2023-12-18 01:45:00+00:00,98.76,99.298,98.53,98.53,1394.9
2023-12-18 02:00:00+00:00,98.53,99.021,98.492,98.876,477.4
2023-12-18 02:15:00+00:00,98.876,98.968,98.12,98.425,435.7
2023-12-18 02:30:00+00:00,98.425,98.683,97.911,98.129,1879.4
2023-12-18 02:45:00+00:00,98.129,98.179,96.904,97.466,2152.1
2023-12-18 03:00:00+00:00,97.466,98.086,97.346,97.695,180.2
2023-12-18 03:15:00+00:00,97.695,98.156,97.686,98.006,208.4
2023-12-18 03:30:00+00:00,98.006,98.016,97.673,97.876,329.4
2023-12-18 03:45:00+00:00,97.876,97.99,97.706,97.836,106.9
2023-12-18 04:00:00+00:00,97.836,97.942,97.496,97.657,80.4
2023-12-18 04:15:00+00:00,97.657,98.155,97.566,98.145,117.3
2023-12-18 04:30:00+00:00,98.145,98.176,97.826,97.976,364.8
2023-12-18 04:45:00+00:00,97.976,98.086,97.774,98.016,117.3
2023-12-18 05:00:00+00:00,98.016,98.051,97.656,97.697,255.4
2023-12-18 05:15:00+00:00,97.697,97.968,97.607,97.804,87.3
2023-12-18 05:30:00+00:00,97.804,97.937,97.284,97.284,718.7
2023-12-18 05:45:00+00:00,97.284,97.403,96.897,97.131,283.8
2023-12-18 06:00:00+00:00,97.131,97.383,97.055,97.176,747.5
2023-12-18 06:15:00+00:00,97.176,98.102,97.063,98.096,216.2
2023-12-18 06:30:00+00:00,98.096,98.206,97.87,98.006,868.9
2023-12-18 06:45:00+00:00,98.006,98.246,97.846,98.097,359.0
2023-12-18 07:00:00+00:00,98.097,98.144,97.709,98.088,483.2
2023-12-18 07:15:00+00:00,98.088,98.157,97.797,98.029,102.1
2023-12-18 07:30:00+00:00,98.029,98.314,97.353,97.353,892.9
2023-12-18 07:45:00+00:00,97.353,97.353,96.5,96.798,995.9
2023-12-18 08:00:00+00:00,96.798,97.167,95.641,95.908,3555.6
2023-12-18 08:15:00+00:00,95.908,96.903,95.754,96.784,3342.3
2023-12-18 08:30:00+00:00,96.784,97.2,96.599,97.123,729.0
2023-12-18 08:45:00+00:00,97.123,97.172,96.713,96.95,236.4
2023-12-18 09:00:00+00:00,96.95,97.06,96.064,96.07,748.7
2023-12-18 09:15:00+00:00,96.07,96.309,94.795,95.257,2108.0
2023-12-18 09:30:00+00:00,95.257,96.313,95.257,96.181,579.7
2023-12-18 09:45:00+00:00,96.181,96.358,95.831,95.932,203.4
2023-12-18 10:00:00+00:00,95.932,95.978,94.642,95.054,616.0
2023-12-18 10:15:00+00:00,95.054,95.413,94.186,94.284,1394.2
2023-12-18 10:30:00+00:00,94.284,94.631,93.238,94.218,2467.2
2023-12-18 10:45:00+00:00,94.218,94.978,94.129,94.898,714.2
2023-12-18 11:00:00+00:00,94.898,95.907,94.728,95.907,1888.2
2023-12-18 11:15:00+00:00,95.907,96.178,95.678,96.152,897.9
2023-12-18 11:30:00+00:00,96.152,96.158,95.427,95.527,535.3
2023-12-18 11:45:00+00:00,95.527,96.504,95.488,96.346,869.9
2023-12-18 12:00:00+00:00,96.346,96.508,96.064,96.217,989.5
2023-12-18 12:15:00+00:00,96.217,96.308,95.747,96.225,966.4
2023-12-18 12:30:00+00:00,96.225,96.3,95.819,95.998,95.7
2023-12-18 12:45:00+00:00,95.998,95.998,95.447,95.467,377.7
2023-12-18 13:00:00+00:00,95.467,96.233,95.317,96.049,205.8
2023-12-18 13:15:00+00:00,96.049,96.86,96.049,96.803,724.7
2023-12-18 13:30:00+00:00,96.803,97.137,96.785,96.896,1040.2
2023-12-18 13:45:00+00:00,96.896,97.388,96.731,97.19,374.9
2023-12-18 14:00:00+00:00,97.19,97.31,96.831,96.831,705.8
2023-12-18 14:15:00+00:00,96.831,97.624,96.816,97.565,246.6
2023-12-18 14:30:00+00:00,97.565,98.106,97.475,98.069,399.3
2023-12-18 14:45:00+00:00,98.069,98.069,97.199,97.347,156.8
2023-12-18 15:00:00+00:00,97.347,97.387,95.503,95.503,450.6
2023-12-18 15:15:00+00:00,95.503,95.725,94.817,95.073,537.7
2023-12-18 15:30:00+00:00,95.073,95.945,95.06,95.697,625.7
2023-12-18 15:45:00+00:00,95.697,95.839,95.247,95.269,205.3
2023-12-18 16:00:00+00:00,95.269,95.557,94.848,95.239,257.9
2023-12-18 16:15:00+00:00,95.239,95.647,94.944,95.447,447.9
2023-12-18 16:30:00+00:00,95.447,95.698,95.387,95.439,399.7
2023-12-18 16:45:00+00:00,95.439,95.947,95.227,95.925,473.4
2023-12-18 17:00:00+00:00,95.925,97.185,95.766,96.451,3212.1
2023-12-18 17:15:00+00:00,96.451,96.907,96.388,96.849,159.2
2023-12-18 17:30:00+00:00,96.849,97.865,96.387,97.4,7787.9
2023-12-18 17:45:00+00:00,97.4,97.455,96.68,96.928,545.7
2023-12-18 18:00:00+00:00,96.928,96.928,96.31,96.31,280.5
2023-12-18 18:15:00+00:00,96.31,96.676,96.31,96.415,125.6
2023-12-18 18:30:00+00:00,96.415,97.155,96.406,97.155,126.9
2023-12-18 18:45:00+00:00,97.155,97.253,96.859,97.195,109.6
2023-12-18 19:00:00+00:00,97.195,97.709,97.105,97.547,126.1
2023-12-18 19:15:00+00:00,97.547,97.615,97.172,97.36,109.3
2023-12-18 19:30:00+00:00,97.36,97.394,96.986,97.057,98.4
2023-12-18 19:45:00+00:00,97.057,97.133,96.706,97.114,182.3
2023-12-18 20:00:00+00:00,97.114,97.48,96.616,96.711,237.2
2023-12-18 20:15:00+00:00,96.711,96.826,96.536,96.746,60.6
2023-12-18 20:30:00+00:00,96.746,97.763,96.616,97.607,218.0
2023-12-18 20:45:00+00:00,97.607,98.174,97.607,97.967,180.2
2023-12-18 21:00:00+00:00,97.967,98.93,97.945,98.854,915.9
2023-12-18 21:15:00+00:00,98.854,99.191,98.539,99.191,772.7
2023-12-18 21:30:00+00:00,99.191,99.337,98.826,99.227,466.2
2023-12-18 21:45:00+00:00,99.227,99.467,99.123,99.437,274.0
2023-12-18 22:00:00+00:00,99.437,99.467,98.645,99.012,345.3
2023-12-18 22:15:00+00:00,99.012,99.057,98.696,98.914,358.1
2023-12-18 22:30:00+00:00,98.914,99.039,98.579,98.689,243.4
2023-12-18 22:45:00+00:00,98.689,99.046,98.594,98.894,115.0
2023-12-18 23:00:00+00:00,98.894,99.347,98.894,99.078,339.7
2023-12-18 23:15:00+00:00,99.078,99.096,98.56,98.817,174.1
2023-12-18 23:30:00+00:00,98.817,98.972,98.736,98.942,31.9
2023-12-18 23:45:00+00:00,98.942,99.398,98.904,99.355,97.3
2023-12-19 00:00:00+00:00,99.355,99.407,98.684,99.334,800.4
2023-12-19 00:15:00+00:00,99.334,101.173,99.334,99.528,7601.0
2023-12-19 00:30:00+00:00,99.528,100.119,99.297,100.119,177.0
2023-12-19 00:45:00+00:00,100.119,100.26,99.577,99.577,192.1
2023-12-19 01:00:00+00:00,99.577,100.142,99.441,100.1,79.9
2023-12-19 01:15:00+00:00,100.1,100.674,99.964,100.593,269.9
2023-12-19 01:30:00+00:00,100.593,100.924,100.367,100.919,299.1
2023-12-19 01:45:00+00:00,100.919,105.468,100.916,105.061,15517.5
2023-12-19 02:00:00+00:00,105.061,105.556,104.834,104.951,1664.0
2023-12-19 02:15:00+00:00,104.951,105.51,104.869,105.058,959.2
2023-12-19 02:30:00+00:00,105.058,106.172,105.058,105.403,609.3
2023-12-19 02:45:00+00:00,105.403,105.406,104.965,104.987,686.6
2023-12-19 03:00:00+00:00,104.987,105.256,104.928,105.156,428.7
2023-12-19 03:15:00+00:00,105.156,105.731,104.898,105.017,318.1
2023-12-19 03:30:00+00:00,105.017,105.106,104.928,105.057,192.3
2023-12-19 03:45:00+00:00,105.057,105.297,104.957,104.957,186.3
2023-12-19 04:00:00+00:00,104.957,105.278,104.957,105.138,409.0
2023-12-19 04:15:00+00:00,105.138,105.297,104.941,105.158,176.2
2023-12-19 04:30:00+00:00,105.158,105.288,104.918,105.089,367.9
2023-12-19 04:45:00+00:00,105.089,105.216,104.977,105.056,191.7
2023-12-19 05:00:00+00:00,105.056,105.156,104.901,104.953,153.1
2023-12-19 05:15:00+00:00,104.953,105.658,104.926,105.648,683.9
2023-12-19 05:30:00+00:00,105.648,106.248,105.639,105.746,1887.0
2023-12-19 05:45:00+00:00,105.746,106.499,105.296,106.429,289.2
2023-12-19 06:00:00+00:00,106.429,107.191,105.943,105.972,1025.7
2023-12-19 06:15:00+00:00,105.972,106.612,105.702,106.445,763.9
2023-12-19 06:30:00+00:00,106.445,107.451,106.232,107.23,811.5
2023-12-19 06:45:00+00:00,107.23,107.882,106.847,107.048,5629.6
2023-12-19 07:00:00+00:00,107.048,107.048,104.902,104.982,4389.3
2023-12-19 07:15:00+00:00,104.982,105.031,104.289,104.548,1421.1
2023-12-19 07:30:00+00:00,104.548,105.743,104.548,105.481,910.6
2023-12-19 07:45:00+00:00,105.481,106.104,105.481,105.91,868.4
2023-12-19 08:00:00+00:00,105.91,106.4,105.672,106.347,896.8
2023-12-19 08:15:00+00:00,106.347,106.413,105.7,106.193,845.0
2023-12-19 08:30:00+00:00,106.193,106.234,105.4,105.764,323.8
2023-12-19 08:45:00+00:00,105.764,105.906,105.149,105.254,265.2
2023-12-19 09:00:00+00:00,105.254,105.539,104.991,105.484,420.9
2023-12-19 09:15:00+00:00,105.484,105.611,105.03,105.122,373.1
2023-12-19 09:30:00+00:00,105.122,105.139,103.842,104.15,2125.9
2023-12-19 09:45:00+00:00,104.15,105.065,104.15,105.001,657.7
2023-12-19 10:00:00+00:00,105.001,105.06,104.342,104.384,861.5
2023-12-19 10:15:00+00:00,104.384,104.637,103.982,104.396,198.0
2023-12-19 10:30:00+00:00,104.396,104.564,103.832,104.522,285.0
2023-12-19 10:45:00+00:00,104.522,104.723,104.043,104.061,301.1
2023-12-19 11:00:00+00:00,104.061,104.263,103.726,103.729,244.5
2023-12-19 11:15:00+00:00,103.729,103.842,103.2,103.383,563.0
2023-12-19 11:30:00+00:00,103.383,103.592,103.113,103.433,282.5
2023-12-19 11:45:00+00:00,103.433,103.433,103.012,103.056,364.2
2023-12-19 12:00:00+00:00,103.056,103.353,103.022,103.294,327.0
2023-12-19 12:15:00+00:00,103.294,103.303,102.59,102.74,1298.9
2023-12-19 12:30:00+00:00,102.74,102.943,102.184,102.255,770.7
2023-12-19 12:45:00+00:00,102.255,102.925,102.255,102.631,292.3
2023-12-19 13:00:00+00:00,102.631,103.134,102.375,102.635,843.8
2023-12-19 13:15:00+00:00,102.635,102.84,102.445,102.687,195.3
2023-12-19 13:30:00+00:00,102.687,103.364,102.687,102.917,495.1
2023-12-19 13:45:00+00:00,102.917,102.99,102.461,102.461,321.0
2023-12-19 14:00:00+00:00,102.461,102.714,101.194,101.572,1267.2
2023-12-19 14:15:00+00:00,101.572,102.324,101.572,102.324,380.6
2023-12-19 14:30:00+00:00,102.324,102.684,101.975,102.025,675.1
2023-12-19 14:45:00+00:00,102.025,102.067,101.004,101.347,572.0
2023-12-19 15:00:00+00:00,101.347,102.353,101.0,102.285,843.9
2023-12-27 23:00:00+00:00,111.648,111.993,111.451,111.985,300.8
2023-12-27 23:15:00+00:00,111.985,113.05,111.947,112.408,1331.7
2023-12-27 23:30:00+00:00,112.408,113.284,112.196,113.065,639.9
2023-12-27 23:45:00+00:00,113.065,113.1,111.598,111.948,1002.2
2023-12-28 00:00:00+00:00,111.948,116.577,111.948,115.686,16616.2
2023-12-28 00:15:00+00:00,115.686,118.39,115.535,117.558,6166.2
2023-12-28 00:30:00+00:00,117.558,122.205,117.558,121.788,9346.3
2023-12-28 00:45:00+00:00,121.788,125.088,121.565,123.216,12850.4
2023-12-28 01:00:00+00:00,123.216,123.391,121.173,122.144,3904.3
2023-12-28 01:15:00+00:00,122.144,122.938,119.551,120.643,5329.9
2023-12-28 01:30:00+00:00,120.643,122.537,120.431,122.445,2732.7
2023-12-28 01:45:00+00:00,122.445,124.278,122.118,122.586,5280.7
2023-12-28 02:00:00+00:00,122.586,124.308,121.193,124.298,4311.3
2023-12-28 02:15:00+00:00,124.298,124.47,122.66,122.875,2917.1
2023-12-28 02:30:00+00:00,122.875,124.427,122.805,123.52,1530.0
2023-12-28 02:45:00+00:00,123.52,125.323,123.203,123.48,2635.8
2023-12-28 03:00:00+00:00,123.48,125.882,122.668,125.473,3247.2
2023-12-28 03:15:00+00:00,125.473,125.655,124.015,124.753,1783.2
2023-12-28 03:30:00+00:00,124.753,126.6,124.753,126.6,2950.1
2023-12-28 03:45:00+00:00,126.6,126.6,124.971,125.742,2450.8
2023-12-28 04:00:00+00:00,125.742,126.535,124.438,126.52,4410.5
2023-12-28 04:15:00+00:00,126.52,129.844,126.52,129.335,8589.6
2023-12-28 04:30:00+00:00,129.335,129.399,126.693,126.693,2312.0
2023-12-28 04:45:00+00:00,126.693,127.267,125.349,126.0,6492.4
2023-12-28 05:00:00+00:00,126.0,127.676,124.069,124.471,6947.2
2023-12-28 05:15:00+00:00,124.471,125.753,124.082,124.741,2771.0
2023-12-28 05:30:00+00:00,124.741,126.209,124.741,125.743,2003.3
2023-12-28 05:45:00+00:00,125.743,126.811,125.648,126.246,2920.5
2023-12-28 06:00:00+00:00,126.246,126.311,124.3,124.493,3061.4
2023-12-28 06:15:00+00:00,124.493,124.714,121.933,122.825,4671.7
2023-12-28 06:30:00+00:00,122.825,124.419,122.213,122.877,3614.3
2023-12-28 06:45:00+00:00,122.877,124.024,122.403,123.031,4768.2
2023-12-28 07:00:00+00:00,123.031,123.292,121.033,121.048,4056.7
2023-12-28 07:15:00+00:00,121.048,123.3,120.775,123.137,3119.6
2023-12-28 07:30:00+00:00,123.137,123.458,121.711,122.108,2142.3
2023-12-28 07:45:00+00:00,122.108,122.349,121.227,122.242,1132.0
2023-12-28 08:00:00+00:00,122.242,123.655,121.759,123.011,2284.7
2023-12-28 08:15:00+00:00,123.011,123.396,121.856,121.884,2099.2
2023-12-28 08:30:00+00:00,121.884,122.355,120.664,121.057,1708.9
2023-12-28 08:45:00+00:00,121.057,121.342,119.026,119.756,4945.6
2023-12-28 09:00:00+00:00,119.756,120.662,119.553,120.402,826.3
2023-12-28 09:15:00+00:00,120.402,120.776,119.956,120.472,1634.7
2023-12-28 09:30:00+00:00,120.472,121.484,120.016,120.749,1175.6
2023-12-28 09:45:00+00:00,120.749,120.783,120.096,120.192,427.1
2023-12-28 10:00:00+00:00,120.192,121.819,120.124,121.398,1269.8
2023-12-28 10:15:00+00:00,121.398,122.589,121.161,121.747,1475.0
2023-12-28 10:30:00+00:00,121.747,122.391,120.584,122.37,1893.5
2023-12-28 10:45:00+00:00,122.37,122.562,121.515,121.944,962.0
2023-12-28 11:00:00+00:00,121.944,122.278,121.392,121.392,294.9
2023-12-28 11:15:00+00:00,121.392,121.619,120.615,120.856,924.5
2023-12-28 11:30:00+00:00,120.856,121.424,120.563,120.894,1075.5
2023-12-28 11:45:00+00:00,120.894,121.095,120.392,120.664,932.2
2023-12-28 12:00:00+00:00,120.664,120.892,119.8,120.071,651.2
2023-12-28 12:15:00+00:00,120.071,120.194,117.713,117.713,2998.3
2023-12-28 12:30:00+00:00,117.713,117.774,116.127,116.28,2238.9
2023-12-28 12:45:00+00:00,116.28,116.694,115.509,115.577,1759.6
2023-12-28 13:00:00+00:00,115.577,116.694,114.358,116.022,3156.9
2023-12-28 13:15:00+00:00,116.022,117.964,116.022,117.766,1524.1
2023-12-28 13:30:00+00:00,117.766,118.146,116.66,117.439,1254.5
2023-12-28 13:45:00+00:00,117.439,117.518,116.334,116.464,2011.1
2023-12-28 14:00:00+00:00,116.464,116.827,114.585,115.243,1549.7
2023-12-28 14:15:00+00:00,115.243,116.124,113.504,115.788,4081.6
2023-12-28 14:30:00+00:00,115.788,115.904,113.673,113.673,1543.9
2023-12-28 14:45:00+00:00,113.673,115.454,113.655,115.454,2303.6
2023-12-28 15:00:00+00:00,115.454,115.737,114.601,114.977,657.2
2023-12-28 15:15:00+00:00,114.977,114.981,113.256,113.368,2151.0
2023-12-28 15:30:00+00:00,113.368,114.304,113.033,113.607,1566.7
2023-12-28 15:45:00+00:00,113.607,114.262,113.52,114.222,996.0
2023-12-28 16:00:00+00:00,114.222,114.89,113.922,114.56,1185.7
2023-12-28 16:15:00+00:00,114.56,114.56,113.479,113.922,457.9
2023-12-28 16:30:00+00:00,113.922,115.884,113.919,115.874,1798.8
2023-12-28 16:45:00+00:00,115.874,117.038,115.567,116.006,1230.6
2023-12-28 17:00:00+00:00,116.006,117.001,116.006,116.496,1208.3
2023-12-28 17:15:00+00:00,116.496,117.468,116.341,116.984,504.0
2023-12-28 17:30:00+00:00,116.984,117.294,116.336,116.369,756.2
2023-12-28 17:45:00+00:00,116.369,116.765,115.69,116.544,536.5
2023-12-28 18:00:00+00:00,116.544,116.924,115.746,116.383,670.8
2023-12-28 18:15:00+00:00,116.383,116.726,115.447,116.72,1380.4
2023-12-28 18:30:00+00:00,116.72,116.931,116.008,116.545,590.9
2023-12-28 18:45:00+00:00,116.545,116.947,115.935,116.281,521.4
2023-12-28 19:00:00+00:00,116.281,117.786,116.277,117.452,599.6
2023-12-28 19:15:00+00:00,117.452,117.452,116.396,116.722,350.9
2023-12-28 19:30:00+00:00,116.722,117.104,116.428,117.055,699.8
2023-12-28 19:45:00+00:00,117.055,118.846,116.928,118.696,1313.6
2023-12-28 20:00:00+00:00,118.696,118.696,116.374,117.184,854.1
2023-12-28 20:15:00+00:00,117.184,117.787,116.674,116.754,301.1
2023-12-28 20:30:00+00:00,116.754,117.848,116.168,117.846,674.6
2023-12-28 20:45:00+00:00,117.846,118.081,117.338,117.568,111.1
2023-12-28 21:00:00+00:00,117.568,119.486,117.065,118.917,1200.6
2023-12-28 21:15:00+00:00,118.917,120.108,118.627,119.401,875.4
2023-12-28 21:30:00+00:00,119.401,119.43,117.848,118.742,1398.0
2023-12-28 21:45:00+00:00,118.742,118.756,117.455,118.348,992.3
2023-12-28 22:00:00+00:00,118.348,119.906,118.036,119.866,1704.0
2023-12-28 22:15:00+00:00,119.866,120.375,119.348,120.355,442.6
2023-12-28 22:30:00+00:00,120.355,120.356,119.401,119.872,212.0
2023-12-28 22:45:00+00:00,119.872,121.636,119.803,121.356,2808.8
2023-12-28 23:00:00+00:00,121.356,121.714,119.1,119.329,1117.1
2023-12-28 23:15:00+00:00,119.329,119.825,119.1,119.206,682.5
2023-12-28 23:30:00+00:00,119.206,120.06,118.303,120.05,1239.5
2023-12-28 23:45:00+00:00,120.05,120.05,118.617,118.868,301.1
2023-12-29 00:00:00+00:00,118.868,122.354,118.017,118.424,3386.6
2023-12-29 00:15:00+00:00,118.424,119.173,117.298,117.298,2335.8
2023-12-29 00:30:00+00:00,117.298,117.715,115.63,116.171,3137.2
2023-12-29 00:45:00+00:00,116.171,116.714,114.242,114.369,3352.8
2023-12-29 01:00:00+00:00,114.369,115.222,113.46,114.354,3385.2
2023-12-29 01:15:00+00:00,114.354,114.715,111.789,113.093,3507.4
2023-12-29 01:30:00+00:00,113.093,113.277,111.539,112.524,5001.3
2023-12-29 01:45:00+00:00,112.524,113.504,111.904,113.493,1865.4
2023-12-29 02:00:00+00:00,113.493,113.894,113.188,113.282,913.8
2023-12-29 02:15:00+00:00,113.282,113.625,112.627,112.758,385.3
2023-12-29 02:30:00+00:00,112.758,114.34,112.758,114.118,310.3
2023-12-29 02:45:00+00:00,114.118,114.454,113.423,113.497,653.4
2023-12-29 03:00:00+00:00,113.497,113.932,113.254,113.904,107.0
2023-12-29 03:15:00+00:00,113.904,113.942,112.649,113.073,373.2
2023-12-29 03:30:00+00:00,113.073,114.433,113.073,114.344,421.6
2023-12-29 03:45:00+00:00,114.344,114.619,113.85,114.061,298.7
2023-12-29 04:00:00+00:00,114.061,114.529,113.65,113.823,276.3
2023-12-29 04:15:00+00:00,113.823,114.808,113.563,114.612,1257.9
2023-12-29 04:30:00+00:00,114.612,115.1,114.392,114.658,328.2
2023-12-29 04:45:00+00:00,114.658,115.043,114.484,115.026,327.3
2023-12-29 05:00:00+00:00,115.026,115.323,114.59,114.767,737.0
2023-12-29 05:15:00+00:00,114.767,114.845,113.83,113.877,295.8
2023-12-29 05:30:00+00:00,113.877,114.034,113.487,113.915,331.0
2023-12-29 05:45:00+00:00,113.915,113.915,113.168,113.243,426.0
2023-12-29 06:00:00+00:00,113.243,113.938,113.037,113.532,165.5
2023-12-29 06:15:00+00:00,113.532,113.963,113.397,113.563,239.3
2023-12-29 06:30:00+00:00,113.563,113.563,112.95,112.95,127.9
2023-12-29 06:45:00+00:00,112.95,113.278,112.145,113.123,633.3
2023-12-29 07:00:00+00:00,113.123,113.721,112.444,112.478,654.7
2023-12-29 07:15:00+00:00,112.478,112.488,111.811,112.17,740.0
2023-12-29 07:30:00+00:00,112.17,112.379,111.125,111.712,1355.9
2023-12-29 07:45:00+00:00,111.712,111.856,108.801,109.375,23891.8
2023-12-29 08:00:00+00:00,109.375,110.814,109.273,110.684,2885.6
2023-12-29 08:15:00+00:00,110.684,110.914,110.071,110.596,1090.7
2023-12-29 08:30:00+00:00,110.596,111.31,110.593,110.891,1430.2
2023-12-29 08:45:00+00:00,110.891,111.222,110.767,110.956,1358.2
2023-12-29 09:00:00+00:00,110.956,111.029,110.321,110.637,1118.2
2023-12-29 09:15:00+00:00,110.637,111.888,110.564,111.888,754.6
2023-12-29 09:30:00+00:00,111.888,112.294,111.873,112.052,276.7
2023-12-29 09:45:00+00:00,112.052,112.59,111.549,112.391,1580.8
2023-12-29 10:00:00+00:00,112.391,112.434,111.771,112.295,514.1
2023-12-29 10:15:00+00:00,112.295,112.867,112.239,112.665,687.2
2023-12-29 10:30:00+00:00,112.665,113.093,112.434,113.044,1143.8
2023-12-29 10:45:00+00:00,113.044,113.152,112.465,112.465,901.0
2023-12-29 11:00:00+00:00,112.465,113.463,112.465,113.405,383.7
2023-12-29 11:15:00+00:00,113.405,113.634,113.098,113.379,984.2
2023-12-29 11:30:00+00:00,113.379,113.668,113.307,113.399,499.0
2023-12-29 11:45:00+00:00,113.399,113.4,112.42,112.553,2773.1
2023-12-29 12:00:00+00:00,112.553,112.89,112.42,112.421,670.0
2023-12-29 12:15:00+00:00,112.421,112.955,112.42,112.684,1410.9
2023-12-29 12:30:00+00:00,112.684,113.17,112.491,112.875,2097.1
2023-12-29 12:45:00+00:00,112.875,113.777,112.577,113.617,1363.0
2023-12-29 13:00:00+00:00,113.617,113.861,112.599,112.625,799.4
2023-12-29 13:15:00+00:00,112.625,113.187,112.584,113.041,446.8
2023-12-29 13:30:00+00:00,113.041,113.922,112.554,113.596,1247.7
2023-12-29 13:45:00+00:00,113.596,113.896,113.148,113.293,526.9
2023-12-29 14:00:00+00:00,113.293,114.254,113.073,114.191,448.6
2023-12-29 14:15:00+00:00,114.191,114.704,113.573,113.944,1457.4
2023-12-29 14:30:00+00:00,113.944,114.908,113.375,114.824,1270.6
2023-12-29 14:45:00+00:00,114.824,115.074,114.174,115.037,536.3
2023-12-29 15:00:00+00:00,115.037,115.136,113.921,114.343,1273.2
2023-12-29 15:15:00+00:00,114.343,114.354,113.118,113.194,2341.9
2023-12-29 15:30:00+00:00,113.194,113.562,111.74,112.278,1475.7
2023-12-29 15:45:00+00:00,112.278,112.278,110.154,111.391,2464.8
2023-12-29 16:00:00+00:00,111.391,112.163,110.698,110.698,1597.0
2023-12-29 16:15:00+00:00,110.698,111.31,109.504,111.231,4076.7
2023-12-29 16:30:00+00:00,111.231,111.713,110.818,110.934,911.3
2023-12-29 16:45:00+00:00,110.934,111.163,109.643,109.831,1697.3
2023-12-29 17:00:00+00:00,109.831,110.429,109.357,110.008,1248.9
2023-12-29 17:15:00+00:00,110.008,111.074,109.767,109.931,2011.1
2023-12-29 17:30:00+00:00,109.931,110.047,109.073,109.208,357.5
2023-12-29 17:45:00+00:00,109.208,110.853,109.029,110.645,955.2
2023-12-29 18:00:00+00:00,110.645,111.044,110.441,110.535,367.8
2023-12-29 18:15:00+00:00,110.535,110.719,110.326,110.534,615.5
2023-12-29 18:30:00+00:00,110.534,111.415,110.534,111.342,474.8
2023-12-29 18:45:00+00:00,111.342,111.342,110.878,111.005,115.1
2023-12-29 19:00:00+00:00,111.005,111.071,110.335,110.799,426.2
2023-12-29 19:15:00+00:00,110.799,111.363,110.613,111.045,514.9
2023-12-29 19:30:00+00:00,111.045,111.793,111.045,111.579,167.3
2023-12-29 19:45:00+00:00,111.579,111.991,111.437,111.791,139.3
2023-12-29 20:00:00+00:00,111.791,111.869,111.513,111.859,214.6
2023-12-29 20:15:00+00:00,111.859,111.965,111.533,111.701,711.4
2023-12-29 20:30:00+00:00,111.701,111.847,111.349,111.464,155.1
2023-12-29 20:45:00+00:00,111.464,112.318,111.464,112.256,166.9
2023-12-29 21:00:00+00:00,112.256,112.504,111.871,112.454,308.2
2023-12-29 21:15:00+00:00,112.454,112.454,111.165,111.261,656.4
2023-12-29 21:30:00+00:00,111.261,111.829,111.073,111.7,200.0
2023-12-29 21:45:00+00:00,111.7,111.76,110.749,111.005,498.1
2023-12-29 22:00:00+00:00,111.005,111.105,110.396,110.516,413.3
2023-12-29 22:15:00+00:00,110.516,110.914,108.263,110.814,3869.2
2023-12-29 22:30:00+00:00,110.814,111.773,110.327,111.762,493.0
2023-12-29 22:45:00+00:00,111.762,111.783,110.946,111.205,221.4
2023-12-29 23:00:00+00:00,111.205,111.615,111.12,111.175,134.0
2023-12-29 23:15:00+00:00,111.175,112.166,111.122,111.967,69.3
2023-12-29 23:30:00+00:00,111.967,113.014,111.938,112.547,1158.6
2023-12-29 23:45:00+00:00,112.547,112.745,112.051,112.557,1454.5
2023-12-30 00:00:00+00:00,112.557,112.577,111.647,112.297,1849.3
2023-12-30 00:15:00+00:00,112.297,112.497,111.723,111.737,1270.0
2023-12-30 00:30:00+00:00,111.737,112.075,111.31,111.705,474.4
2023-12-30 00:45:00+00:00,111.705,113.357,111.667,112.514,962.7
2024-01-07 08:45:00+00:00,99.409,99.483,98.593,98.71,748.4
2024-01-07 09:00:00+00:00,98.71,99.106,98.461,98.525,188.5
2024-01-07 09:15:00+00:00,98.525,98.801,98.28,98.544,383.4
2024-01-07 09:30:00+00:00,98.544,98.583,97.603,98.122,1149.6
2024-01-07 09:45:00+00:00,98.122,98.394,97.743,97.853,159.9
2024-01-07 10:00:00+00:00,97.853,98.373,97.833,98.201,163.0
2024-01-07 10:15:00+00:00,98.201,98.373,97.973,98.193,95.8
2024-01-07 10:30:00+00:00,98.193,98.306,97.913,98.109,200.2
2024-01-07 10:45:00+00:00,98.109,98.387,98.03,98.318,80.6
2024-01-07 11:00:00+00:00,98.318,98.552,98.202,98.282,90.5
2024-01-07 11:15:00+00:00,98.282,98.892,98.222,98.752,74.9
2024-01-07 11:30:00+00:00,98.752,99.052,98.7,98.762,125.3
2024-01-07 11:45:00+00:00,98.762,98.892,98.389,98.413,198.8
2024-01-07 12:00:00+00:00,98.413,98.413,97.866,98.183,349.8
2024-01-07 12:15:00+00:00,98.183,98.393,98.044,98.068,88.6
2024-01-07 12:30:00+00:00,98.068,98.653,98.068,98.613,61.5
2024-01-07 12:45:00+00:00,98.613,98.614,98.407,98.557,117.0
2024-01-07 13:00:00+00:00,98.557,99.132,98.501,99.07,86.5
2024-01-07 13:15:00+00:00,99.07,99.501,98.936,99.369,272.1
2024-01-07 13:30:00+00:00,99.369,99.611,99.135,99.435,531.4
2024-01-07 13:45:00+00:00,99.435,99.491,99.209,99.481,138.4
2024-01-07 14:00:00+00:00,99.481,99.528,98.958,99.106,579.8
2024-01-07 14:15:00+00:00,99.106,99.106,98.65,98.895,111.6
2024-01-07 14:30:00+00:00,98.895,99.262,98.626,99.132,216.8
2024-01-07 14:45:00+00:00,99.132,99.227,98.959,99.18,65.3
2024-01-07 15:00:00+00:00,99.18,99.232,98.958,98.971,364.0
2024-01-07 15:15:00+00:00,98.971,99.01,98.0,98.084,353.7
2024-01-07 15:30:00+00:00,98.084,98.377,97.807,97.905,369.5
2024-01-07 15:45:00+00:00,97.905,98.066,97.336,97.866,530.0
2024-01-07 16:00:00+00:00,97.866,98.106,97.646,97.956,160.2
2024-01-07 16:15:00+00:00,97.956,98.206,97.956,98.136,135.0
2024-01-07 16:30:00+00:00,98.136,98.186,97.667,97.96,243.5
2024-01-07 16:45:00+00:00,97.96,97.96,96.726,96.888,1940.5
2024-01-07 17:00:00+00:00,96.888,97.617,96.436,97.564,1441.2
2024-01-07 17:15:00+00:00,97.564,97.76,97.398,97.602,163.3
2024-01-07 17:30:00+00:00,97.602,97.827,97.447,97.796,75.8
2024-01-07 17:45:00+00:00,97.796,98.068,97.508,97.733,71.0
2024-01-07 18:00:00+00:00,97.733,98.088,97.707,97.907,117.8
2024-01-07 18:15:00+00:00,97.907,98.107,97.907,97.983,56.7
2024-01-07 18:30:00+00:00,97.983,98.3,97.983,98.232,92.4
2024-01-07 18:45:00+00:00,98.232,98.418,98.101,98.127,127.7
2024-01-07 19:00:00+00:00,98.127,98.288,98.037,98.173,45.3
2024-01-07 19:15:00+00:00,98.173,98.187,97.907,98.183,698.4
2024-01-07 19:30:00+00:00,98.183,98.609,98.012,98.518,250.3
2024-01-07 19:45:00+00:00,98.518,98.538,98.279,98.414,49.8
2024-01-07 20:00:00+00:00,98.414,98.539,98.147,98.465,207.1
2024-01-07 20:15:00+00:00,98.465,98.559,98.008,98.172,88.6
2024-01-07 20:30:00+00:00,98.172,98.183,97.829,97.925,71.1
2024-01-07 20:45:00+00:00,97.925,97.939,97.617,97.654,108.7
2024-01-07 21:00:00+00:00,97.654,97.733,97.541,97.687,42.9
2024-01-07 21:15:00+00:00,97.687,97.687,97.398,97.629,63.5
2024-01-07 21:30:00+00:00,97.629,97.629,96.969,97.08,127.1
2024-01-07 21:45:00+00:00,97.08,97.08,96.811,96.949,174.5
2024-01-07 22:00:00+00:00,96.949,96.959,96.1,96.346,277.6
2024-01-07 22:15:00+00:00,96.346,96.549,95.29,95.72,751.0
2024-01-07 22:30:00+00:00,95.72,95.72,94.013,95.173,1202.3
2024-01-07 22:45:00+00:00,95.173,95.194,94.263,94.473,153.5
2024-01-07 23:00:00+00:00,94.473,95.452,94.473,95.132,181.8
2024-01-07 23:15:00+00:00,95.132,95.219,93.666,93.724,575.1
2024-01-07 23:30:00+00:00,93.724,94.163,93.594,93.954,687.6
2024-01-07 23:45:00+00:00,93.954,94.884,93.954,94.844,121.2
2024-01-08 00:00:00+00:00,94.844,94.906,93.532,93.74,323.5
2024-01-08 00:15:00+00:00,93.74,94.043,93.113,93.413,286.1
2024-01-08 00:30:00+00:00,93.413,93.725,92.708,93.507,442.1
2024-01-08 00:45:00+00:00,93.507,93.547,92.2,92.2,340.0
2024-01-08 01:00:00+00:00,92.2,93.506,92.172,93.426,466.0
2024-01-08 01:15:00+00:00,93.426,93.426,92.306,93.183,763.1
2024-01-08 01:30:00+00:00,93.183,93.465,92.526,92.603,440.3
2024-01-08 01:45:00+00:00,92.603,93.036,92.509,92.606,133.9
2024-01-08 02:00:00+00:00,92.606,92.989,91.976,92.029,764.8
2024-01-08 02:15:00+00:00,92.029,92.321,90.835,91.481,706.4
2024-01-08 02:30:00+00:00,91.481,91.64,90.292,90.971,1295.0
2024-01-08 02:45:00+00:00,90.971,90.971,89.231,90.29,1103.3
2024-01-08 03:00:00+00:00,90.29,90.884,90.074,90.074,588.9
2024-01-08 03:15:00+00:00,90.074,90.074,88.348,89.038,1240.7
2024-01-08 03:30:00+00:00,89.038,90.456,89.038,90.276,557.9
2024-01-08 03:45:00+00:00,90.276,90.607,90.178,90.467,149.0
2024-01-08 04:00:00+00:00,90.467,91.008,90.208,90.866,205.4
2024-01-08 04:15:00+00:00,90.866,91.345,90.814,91.276,116.5
2024-01-08 04:30:00+00:00,91.276,91.716,91.261,91.701,281.7
2024-01-08 04:45:00+00:00,91.701,92.146,91.664,92.092,219.2
2024-01-08 05:00:00+00:00,92.092,92.115,91.565,91.66,183.5
2024-01-08 05:15:00+00:00,91.66,91.925,91.317,91.385,192.8
2024-01-08 05:30:00+00:00,91.385,91.795,91.385,91.773,172.7
2024-01-08 05:45:00+00:00,91.773,92.205,91.773,92.082,166.5
2024-01-08 06:00:00+00:00,92.082,92.195,91.815,92.181,97.3
2024-01-08 06:15:00+00:00,92.181,93.765,92.181,93.721,972.3
2024-01-08 06:30:00+00:00,93.721,94.833,93.528,94.1,1575.6
2024-01-08 06:45:00+00:00,94.1,94.13,93.231,93.403,369.4
2024-01-08 07:00:00+00:00,93.403,94.308,93.32,94.308,234.1
2024-01-08 07:15:00+00:00,94.308,94.796,93.771,93.968,131.7
2024-01-08 07:30:00+00:00,93.968,93.992,93.291,93.525,207.8
2024-01-08 07:45:00+00:00,93.525,93.882,93.406,93.712,96.9
2024-01-08 08:00:00+00:00,93.712,94.291,93.662,94.149,99.9
2024-01-08 08:15:00+00:00,94.149,94.701,94.03,94.083,271.9
2024-01-08 08:30:00+00:00,94.083,94.222,93.729,93.753,293.1
2024-01-08 08:45:00+00:00,93.753,94.202,93.709,93.84,110.1
2024-01-08 09:00:00+00:00,93.84,94.093,93.772,94.055,85.3
2024-01-08 09:15:00+00:00,94.055,94.343,94.021,94.286,41.7
2024-01-08 09:30:00+00:00,94.286,94.563,93.839,94.383,157.4
2024-01-08 09:45:00+00:00,94.383,94.533,93.45,93.629,206.4
2024-01-08 10:00:00+00:00,93.629,94.094,93.499,94.06,63.1
2024-01-08 10:15:00+00:00,94.06,94.313,93.949,94.265,219.0
2024-01-08 10:30:00+00:00,94.265,94.318,94.085,94.154,923.7
2024-01-08 10:45:00+00:00,94.154,94.4,94.006,94.246,91.7
2024-01-08 11:00:00+00:00,94.246,94.649,94.177,94.612,136.7
2024-01-08 11:15:00+00:00,94.612,94.762,94.123,94.733,210.2
2024-01-08 11:30:00+00:00,94.733,94.835,94.344,94.375,69.7
2024-01-08 11:45:00+00:00,94.375,95.4,94.375,95.304,256.8
2024-01-08 12:00:00+00:00,95.304,96.434,95.299,96.238,1083.6
2024-01-08 12:15:00+00:00,96.238,96.331,95.101,95.101,1234.2
2024-01-08 12:30:00+00:00,95.101,96.035,95.101,95.88,260.3
2024-01-08 12:45:00+00:00,95.88,96.473,95.785,96.437,701.4
2024-01-08 13:00:00+00:00,96.437,96.623,96.097,96.511,185.7
2024-01-08 13:15:00+00:00,96.511,97.163,96.499,97.053,586.8
2024-01-08 13:30:00+00:00,97.053,97.092,96.517,97.032,519.5
2024-01-08 13:45:00+00:00,97.032,97.096,96.17,96.317,248.6
2024-01-08 14:00:00+00:00,96.317,96.542,95.976,96.361,316.4
2024-01-08 14:15:00+00:00,96.361,96.581,96.122,96.323,178.0
2024-01-08 14:30:00+00:00,96.323,96.702,95.948,96.182,154.0
2024-01-08 14:45:00+00:00,96.182,96.333,95.489,95.583,1038.5
2024-01-08 15:00:00+00:00,95.583,95.915,95.289,95.657,164.8
2024-01-08 15:15:00+00:00,95.657,95.736,95.04,95.157,352.9
2024-01-08 15:30:00+00:00,95.157,95.75,94.921,95.409,281.6
2024-01-08 15:45:00+00:00,95.409,95.79,95.2,95.674,452.8
2024-01-08 16:00:00+00:00,95.674,96.222,95.551,95.563,627.8
2024-01-08 16:15:00+00:00,95.563,95.812,95.244,95.625,55.8
2024-01-08 16:30:00+00:00,95.625,95.742,95.032,95.307,144.3
2024-01-08 16:45:00+00:00,95.307,95.432,94.958,94.989,60.3
2024-01-08 17:00:00+00:00,94.989,95.072,94.678,94.948,191.6
2024-01-08 17:15:00+00:00,94.948,95.348,94.744,95.17,122.4
2024-01-08 17:30:00+00:00,95.17,95.721,95.061,95.593,204.7
2024-01-08 17:45:00+00:00,95.593,96.708,95.527,96.681,577.1
2024-01-08 18:00:00+00:00,96.681,97.419,96.649,97.396,522.2
2024-01-08 18:15:00+00:00,97.396,97.748,97.203,97.698,530.0
2024-01-08 18:30:00+00:00,97.698,98.325,97.621,98.211,798.6
2024-01-08 18:45:00+00:00,98.211,98.322,97.687,98.309,398.1
2024-01-08 19:00:00+00:00,98.309,98.535,97.521,98.289,569.7
2024-01-08 19:15:00+00:00,98.289,98.626,98.089,98.359,322.2
2024-01-08 19:30:00+00:00,98.359,99.965,98.359,99.531,2092.1
2024-01-08 19:45:00+00:00,99.531,99.873,99.214,99.346,1148.0
2024-01-08 20:00:00+00:00,99.346,99.578,98.86,98.94,206.5
2024-01-08 20:15:00+00:00,98.94,99.134,98.468,98.468,574.0
2024-01-08 20:30:00+00:00,98.468,98.717,98.08,98.202,850.3
2024-01-08 20:45:00+00:00,98.202,98.784,97.783,98.466,173.9
2024-01-08 21:00:00+00:00,98.466,98.73,98.283,98.544,117.8
2024-01-08 21:15:00+00:00,98.544,98.997,98.476,98.663,192.9
2024-01-08 21:30:00+00:00,98.663,99.442,98.645,99.285,60.7
2024-01-08 21:45:00+00:00,99.285,99.336,98.59,98.605,68.1
2024-01-08 22:00:00+00:00,98.605,99.059,98.537,98.964,59.7
2024-01-08 22:15:00+00:00,98.964,99.282,98.964,99.207,340.1
2024-01-08 22:30:00+00:00,99.207,99.318,98.705,98.782,159.6
2024-01-08 22:45:00+00:00,98.782,99.247,98.765,99.247,123.5
2024-01-08 23:00:00+00:00,99.247,99.352,98.764,99.165,302.6
2024-01-08 23:15:00+00:00,99.165,99.206,98.755,98.834,219.1
2024-01-08 23:30:00+00:00,98.834,98.882,98.614,98.774,150.4
2024-01-08 23:45:00+00:00,98.774,99.072,98.633,99.044,110.7
2024-01-09 00:00:00+00:00,99.044,99.135,98.367,99.055,201.7
2024-01-09 00:15:00+00:00,99.055,99.06,97.638,97.997,648.8
2024-01-09 00:30:00+00:00,97.997,98.005,96.3,97.303,747.3
2024-01-09 00:45:00+00:00,97.303,97.795,97.006,97.566,251.5
2024-01-09 01:00:00+00:00,97.566,98.055,97.509,98.045,172.2
2024-01-09 01:15:00+00:00,98.045,98.167,96.971,97.116,332.0
2024-01-09 01:30:00+00:00,97.116,97.376,96.822,96.968,255.2
2024-01-09 01:45:00+00:00,96.968,97.517,96.72,97.4,95.7
2024-01-09 02:00:00+00:00,97.4,97.593,97.0,97.164,144.5
2024-01-09 02:15:00+00:00,97.164,97.838,97.164,97.611,233.7
2024-01-09 02:30:00+00:00,97.611,97.716,97.269,97.383,54.6
2024-01-09 02:45:00+00:00,97.383,97.414,97.107,97.309,44.4
2024-01-09 03:00:00+00:00,97.309,97.386,96.996,97.121,48.1
2024-01-09 03:15:00+00:00,97.121,97.32,96.942,97.178,98.8
2024-01-09 03:30:00+00:00,97.178,97.186,96.937,96.961,63.1
2024-01-09 03:45:00+00:00,96.961,97.102,96.858,97.076,64.1
2024-01-09 04:00:00+00:00,97.076,97.516,96.901,97.486,141.9
2024-01-09 04:15:00+00:00,97.486,97.486,96.89,97.111,83.4
2024-01-09 04:30:00+00:00,97.111,97.656,97.061,97.656,861.4
2024-01-09 04:45:00+00:00,97.656,98.235,97.607,98.149,167.1
2024-01-09 05:00:00+00:00,98.149,98.26,97.501,97.501,320.7
2024-01-09 05:15:00+00:00,97.501,97.615,97.325,97.5,79.2
2024-01-09 05:30:00+00:00,97.5,97.655,97.125,97.181,70.8
2024-01-09 05:45:00+00:00,97.181,97.765,97.066,97.658,122.6
2024-01-09 06:00:00+00:00,97.658,97.725,97.159,97.697,114.9
2024-01-09 06:15:00+00:00,97.697,97.697,97.216,97.405,79.0
2024-01-09 06:30:00+00:00,97.405,97.605,97.01,97.078,122.7
2024-01-09 06:45:00+00:00,97.078,97.305,96.82,97.14,301.1
2024-01-09 07:00:00+00:00,97.14,97.267,96.716,96.98,390.0
2024-01-09 07:15:00+00:00,96.98,97.486,96.802,97.486,134.4
2024-01-09 07:30:00+00:00,97.486,97.486,97.075,97.182,53.1
2024-01-09 07:45:00+00:00,97.182,97.336,97.14,97.309,73.3
2024-01-09 08:00:00+00:00,97.309,97.331,96.706,96.956,157.6
2024-01-09 08:15:00+00:00,96.956,97.373,96.956,97.164,82.9
2024-01-09 08:30:00+00:00,97.164,97.164,96.298,96.35,752.7
2024-01-09 08:45:00+00:00,96.35,96.606,95.682,95.724,572.8
2024-01-09 09:00:00+00:00,95.724,96.197,95.636,95.636,561.5
2024-01-09 09:15:00+00:00,95.636,95.853,95.199,95.549,290.2
2024-01-09 09:30:00+00:00,95.549,95.77,95.253,95.268,122.7
2024-01-09 09:45:00+00:00,95.268,95.268,94.564,95.068,607.0
2024-01-09 10:00:00+00:00,95.068,95.698,95.058,95.675,130.4
2024-01-09 10:15:00+00:00,95.675,96.011,95.659,95.897,84.0
2024-01-09 10:30:00+00:00,95.897,96.146,95.791,95.962,161.6
