timestamp,open,high,low,close,volume
2024-10-28 08:00:00+00:00,0.3362,0.3378,0.336,0.3374,525044.0
2024-10-28 08:15:00+00:00,0.3374,0.3385,0.337,0.3382,305400.0
2024-10-28 08:30:00+00:00,0.3382,0.3383,0.3365,0.3365,385767.0
2024-10-28 08:45:00+00:00,0.3365,0.3375,0.3363,0.3365,41876.0
2024-10-28 09:00:00+00:00,0.3365,0.3373,0.3361,0.3367,36718.0
2024-10-28 09:15:00+00:00,0.3367,0.3368,0.3348,0.335,63705.0
2024-10-28 09:30:00+00:00,0.335,0.336,0.3347,0.3358,45437.0
2024-10-28 09:45:00+00:00,0.3358,0.3388,0.3358,0.3384,102219.0
2024-10-28 10:00:00+00:00,0.3384,0.3387,0.3376,0.3386,206383.0
2024-10-28 10:15:00+00:00,0.3386,0.3388,0.3378,0.3388,162066.0
2024-10-28 10:30:00+00:00,0.3388,0.3399,0.3388,0.3396,221702.0
2024-10-28 10:45:00+00:00,0.3396,0.3398,0.3385,0.3385,235587.0
2024-10-28 11:00:00+00:00,0.3385,0.3399,0.3379,0.3397,94172.0
2024-10-28 11:15:00+00:00,0.3397,0.3398,0.3389,0.3394,76483.0
2024-10-28 11:30:00+00:00,0.3394,0.3398,0.3385,0.3388,107340.0
2024-10-28 11:45:00+00:00,0.3388,0.3393,0.3385,0.3385,32170.0
2024-10-28 12:00:00+00:00,0.3385,0.3393,0.3372,0.3376,406448.0
2024-10-28 12:15:00+00:00,0.3376,0.3389,0.3376,0.3388,208139.0
2024-10-28 12:30:00+00:00,0.3388,0.3396,0.3381,0.3393,222215.0
2024-10-28 12:45:00+00:00,0.3393,0.3398,0.3389,0.3398,66410.0
2024-10-28 13:00:00+00:00,0.3398,0.3405,0.3382,0.3398,129704.0
2024-10-28 13:15:00+00:00,0.3398,0.3405,0.3394,0.34,106687.0
2024-10-28 13:30:00+00:00,0.34,0.3404,0.3385,0.3402,157228.0
2024-10-28 13:45:00+00:00,0.3402,0.3406,0.3378,0.3378,148918.0
2024-10-28 14:00:00+00:00,0.3378,0.3393,0.3371,0.3386,130814.0
2024-10-28 14:15:00+00:00,0.3386,0.339,0.3363,0.3366,332228.0
2024-10-28 14:30:00+00:00,0.3366,0.3385,0.3366,0.3385,54200.0
2024-10-28 14:45:00+00:00,0.3385,0.3393,0.3379,0.338,32123.0
2024-10-28 15:00:00+00:00,0.338,0.3382,0.3352,0.3356,1752432.0
2024-10-28 15:15:00+00:00,0.3356,0.3357,0.3344,0.3352,1928668.0
2024-10-28 15:30:00+00:00,0.3352,0.3356,0.3347,0.3347,64847.0
2024-10-28 15:45:00+00:00,0.3347,0.3347,0.3334,0.3334,169464.0
2024-10-28 16:00:00+00:00,0.3334,0.3351,0.3327,0.335,361798.0
2024-10-28 16:15:00+00:00,0.335,0.3354,0.3347,0.3349,185951.0
2024-10-28 16:30:00+00:00,0.3349,0.3353,0.3342,0.3353,202889.0
2024-10-28 16:45:00+00:00,0.3353,0.3357,0.3326,0.3334,93889.0
2024-10-28 17:00:00+00:00,0.3334,0.334,0.3308,0.334,560189.0
2024-10-28 17:15:00+00:00,0.334,0.3343,0.3326,0.3343,122064.0
2024-10-28 17:30:00+00:00,0.3343,0.3365,0.3343,0.3363,97787.0
2024-10-28 17:45:00+00:00,0.3363,0.3364,0.334,0.3345,111637.0
2024-10-28 18:00:00+00:00,0.3345,0.3368,0.3341,0.3364,58900.0
2024-10-28 18:15:00+00:00,0.3364,0.3368,0.3352,0.3358,26773.0
2024-10-28 18:30:00+00:00,0.3358,0.3362,0.3351,0.3353,39438.0
2024-10-28 18:45:00+00:00,0.3353,0.3372,0.3349,0.337,69261.0
2024-10-28 19:00:00+00:00,0.337,0.3396,0.337,0.3396,198566.0
2024-10-28 19:15:00+00:00,0.3396,0.3426,0.3396,0.3424,413616.0
2024-10-28 19:30:00+00:00,0.3424,0.3434,0.3408,0.3425,219269.0
2024-10-28 19:45:00+00:00,0.3425,0.3432,0.3412,0.3421,247752.0
2024-10-28 20:00:00+00:00,0.3421,0.3437,0.3415,0.3423,146822.0
2024-10-28 20:15:00+00:00,0.3423,0.3426,0.341,0.341,46310.0
2024-10-28 20:30:00+00:00,0.341,0.3427,0.341,0.3424,71951.0
2024-10-28 20:45:00+00:00,0.3424,0.3425,0.3418,0.3425,39023.0
2024-10-28 21:00:00+00:00,0.3425,0.344,0.3425,0.3433,97219.0
2024-10-28 21:15:00+00:00,0.3433,0.3438,0.3418,0.3429,3171381.0
2024-10-28 21:30:00+00:00,0.3429,0.3454,0.3429,0.3451,1117361.0
2024-10-28 21:45:00+00:00,0.3451,0.3457,0.345,0.3452,359450.0
2024-10-28 22:00:00+00:00,0.3452,0.3477,0.345,0.3465,1211074.0
2024-10-28 22:15:00+00:00,0.3465,0.3466,0.3453,0.3453,118509.0
2024-10-28 22:30:00+00:00,0.3453,0.346,0.3447,0.345,234088.0
2024-10-28 22:45:00+00:00,0.345,0.3458,0.3441,0.3442,43658.0
2024-10-28 23:00:00+00:00,0.3442,0.345,0.3436,0.3436,121684.0
2024-10-28 23:15:00+00:00,0.3436,0.3444,0.343,0.3433,125190.0
2024-10-28 23:30:00+00:00,0.3433,0.3446,0.3433,0.3444,32347.0
2024-10-28 23:45:00+00:00,0.3444,0.3444,0.3433,0.3435,16498.0
2024-10-29 00:00:00+00:00,0.3435,0.344,0.343,0.344,102657.0
2024-10-29 00:15:00+00:00,0.344,0.3451,0.3438,0.3448,35890.0
2024-10-29 00:30:00+00:00,0.3448,0.346,0.3446,0.3457,82098.0
2024-10-29 00:45:00+00:00,0.3457,0.347,0.3452,0.3463,151333.0
2024-10-29 01:00:00+00:00,0.3463,0.3465,0.3451,0.3457,174505.0
2024-10-29 01:15:00+00:00,0.3457,0.3464,0.3452,0.3457,21301.0
2024-10-29 01:30:00+00:00,0.3457,0.3459,0.3453,0.3454,23823.0
2024-10-29 01:45:00+00:00,0.3454,0.3473,0.3454,0.3472,68539.0
2024-10-29 02:00:00+00:00,0.3472,0.3493,0.3461,0.3493,227146.0
2024-10-29 02:15:00+00:00,0.3493,0.3495,0.3478,0.3494,349560.0
2024-10-29 02:30:00+00:00,0.3494,0.3499,0.3484,0.3496,347967.0
2024-10-29 02:45:00+00:00,0.3496,0.3499,0.3487,0.3493,334623.0
2024-10-29 03:00:00+00:00,0.3493,0.35,0.3493,0.3499,90877.0
2024-10-29 03:15:00+00:00,0.3499,0.3511,0.3498,0.3502,439542.0
2024-10-29 03:30:00+00:00,0.3502,0.3504,0.3488,0.349,42465.0
2024-10-29 03:45:00+00:00,0.349,0.3493,0.3488,0.3491,54409.0
2024-10-29 04:00:00+00:00,0.3491,0.3498,0.3491,0.3496,55028.0
2024-10-29 04:15:00+00:00,0.3496,0.3496,0.349,0.3495,79285.0
2024-10-29 04:30:00+00:00,0.3495,0.3496,0.3481,0.3482,529193.0
2024-10-29 04:45:00+00:00,0.3482,0.3486,0.3476,0.3482,182111.0
2024-10-29 05:00:00+00:00,0.3482,0.3486,0.3478,0.3481,103988.0
2024-10-29 05:15:00+00:00,0.3481,0.3481,0.3454,0.3454,293864.0
2024-10-29 05:30:00+00:00,0.3454,0.3463,0.3447,0.3451,176893.0
2024-10-29 05:45:00+00:00,0.3451,0.3458,0.3451,0.3454,106649.0
2024-10-29 06:00:00+00:00,0.3454,0.3461,0.3448,0.3456,89825.0
2024-10-29 06:15:00+00:00,0.3456,0.346,0.3452,0.3455,54181.0
2024-10-29 06:30:00+00:00,0.3455,0.3461,0.3455,0.3455,40914.0
2024-10-29 06:45:00+00:00,0.3455,0.346,0.3455,0.3456,116157.0
2024-10-29 07:00:00+00:00,0.3456,0.3466,0.3456,0.3459,79249.0
2024-10-29 07:15:00+00:00,0.3459,0.3472,0.3456,0.3472,525001.0
2024-10-29 07:30:00+00:00,0.3472,0.3476,0.3468,0.3469,98163.0
2024-10-29 07:45:00+00:00,0.3469,0.3475,0.3468,0.3473,73720.0
2024-10-29 08:00:00+00:00,0.3473,0.348,0.3473,0.3477,88766.0
2024-10-29 08:15:00+00:00,0.3477,0.3481,0.3471,0.348,171100.0
2024-10-29 08:30:00+00:00,0.348,0.3484,0.3468,0.3475,2096025.0
2024-10-29 08:45:00+00:00,0.3475,0.3476,0.3457,0.3463,343820.0
2024-10-29 09:00:00+00:00,0.3463,0.3465,0.3457,0.3459,139132.0
2024-10-29 09:15:00+00:00,0.3459,0.3466,0.3454,0.3465,158034.0
2024-10-29 09:30:00+00:00,0.3465,0.3469,0.3463,0.3468,184227.0
2024-10-29 09:45:00+00:00,0.3468,0.3473,0.3463,0.3473,32000.0
2024-10-29 10:00:00+00:00,0.3473,0.3474,0.3467,0.3467,86048.0
2024-10-29 10:15:00+00:00,0.3467,0.3468,0.3459,0.3462,174643.0
2024-10-29 10:30:00+00:00,0.3462,0.347,0.3461,0.3469,20232.0
2024-10-29 10:45:00+00:00,0.3469,0.3471,0.346,0.3461,135177.0
2024-10-29 11:00:00+00:00,0.3461,0.3469,0.3461,0.3468,45881.0
2024-10-29 11:15:00+00:00,0.3468,0.3471,0.3462,0.347,101338.0
2024-10-29 11:30:00+00:00,0.347,0.3482,0.3468,0.3481,192717.0
2024-10-29 11:45:00+00:00,0.3481,0.3481,0.3474,0.3479,98484.0
2024-10-29 12:00:00+00:00,0.3479,0.3482,0.3466,0.3468,166462.0
2024-10-29 12:15:00+00:00,0.3468,0.3476,0.3468,0.3476,62602.0
2024-10-29 12:30:00+00:00,0.3476,0.3479,0.3471,0.3473,98284.0
2024-10-29 12:45:00+00:00,0.3473,0.3473,0.3464,0.3466,29418.0
2024-10-29 13:00:00+00:00,0.3466,0.3476,0.3465,0.3472,232627.0
2024-10-29 13:15:00+00:00,0.3472,0.3483,0.3472,0.3481,30674.0
2024-10-29 13:30:00+00:00,0.3481,0.3486,0.3467,0.3484,66514.0
2024-10-29 13:45:00+00:00,0.3484,0.3487,0.3474,0.3484,391319.0
2024-10-29 14:00:00+00:00,0.3484,0.3495,0.3471,0.3477,318290.0
2024-10-29 14:15:00+00:00,0.3477,0.3485,0.3469,0.3476,433521.0
2024-10-29 14:30:00+00:00,0.3476,0.3488,0.3473,0.3484,199317.0
2024-10-29 14:45:00+00:00,0.3484,0.3484,0.3476,0.3478,109056.0
2024-10-29 15:00:00+00:00,0.3478,0.3485,0.347,0.3477,62405.0
2024-10-29 15:15:00+00:00,0.3477,0.3485,0.3476,0.3484,189405.0
2024-10-29 15:30:00+00:00,0.3484,0.3495,0.3476,0.3492,155668.0
2024-10-29 15:45:00+00:00,0.3492,0.3507,0.3492,0.3504,200716.0
2024-10-29 16:00:00+00:00,0.3504,0.3518,0.3501,0.351,320472.0
2024-10-29 16:15:00+00:00,0.351,0.3525,0.3508,0.3525,309475.0
2024-10-29 16:30:00+00:00,0.3525,0.3533,0.3513,0.3532,273014.0
2024-10-29 16:45:00+00:00,0.3532,0.3544,0.3532,0.3535,396090.0
2024-10-29 17:00:00+00:00,0.3535,0.3548,0.3527,0.3532,351878.0
2024-10-29 17:15:00+00:00,0.3532,0.3543,0.3531,0.354,102898.0
2024-10-29 17:30:00+00:00,0.354,0.3548,0.3533,0.3535,78741.0
2024-10-29 17:45:00+00:00,0.3535,0.3536,0.3521,0.353,168560.0
2024-10-29 18:00:00+00:00,0.353,0.3539,0.3528,0.353,173790.0
2024-10-29 18:15:00+00:00,0.353,0.3534,0.3519,0.3525,965776.0
2024-10-29 18:30:00+00:00,0.3525,0.3541,0.3525,0.3539,183786.0
2024-10-29 18:45:00+00:00,0.3539,0.3549,0.3535,0.3546,309031.0
2024-10-29 19:00:00+00:00,0.3546,0.3563,0.3546,0.355,493665.0
2024-10-29 19:15:00+00:00,0.355,0.3552,0.3522,0.3529,450987.0
2024-10-29 19:30:00+00:00,0.3529,0.3536,0.3514,0.3523,258944.0
2024-10-29 19:45:00+00:00,0.3523,0.3536,0.3521,0.3529,42599.0
2024-10-29 20:00:00+00:00,0.3529,0.3535,0.3511,0.3531,275817.0
2024-10-29 20:15:00+00:00,0.3531,0.3531,0.3492,0.3503,1365836.0
2024-10-29 20:30:00+00:00,0.3503,0.3518,0.3495,0.351,280326.0
2024-10-29 20:45:00+00:00,0.351,0.3517,0.3507,0.3514,88471.0
2024-10-29 21:00:00+00:00,0.3514,0.353,0.3505,0.353,283618.0
2024-10-29 21:15:00+00:00,0.353,0.354,0.3526,0.3529,141069.0
2024-10-29 21:30:00+00:00,0.3529,0.354,0.3528,0.3539,51382.0
2024-10-29 21:45:00+00:00,0.3539,0.354,0.3533,0.3537,117721.0
2024-10-29 22:00:00+00:00,0.3537,0.3541,0.3527,0.3541,74178.0
2024-10-29 22:15:00+00:00,0.3541,0.3551,0.3538,0.3546,114981.0
2024-10-29 22:30:00+00:00,0.3546,0.3556,0.3545,0.355,47769.0
2024-10-29 22:45:00+00:00,0.355,0.3558,0.3549,0.3553,59189.0
2024-10-29 23:00:00+00:00,0.3553,0.3571,0.3553,0.3567,157602.0
2024-10-29 23:15:00+00:00,0.3567,0.3567,0.3555,0.356,50785.0
2024-10-29 23:30:00+00:00,0.356,0.3562,0.355,0.3556,262986.0
2024-10-29 23:45:00+00:00,0.3556,0.3562,0.3552,0.3561,41256.0
2024-10-30 00:00:00+00:00,0.3561,0.3583,0.3561,0.3577,282307.0
2024-10-30 00:15:00+00:00,0.3577,0.3581,0.3569,0.358,273891.0
2024-10-30 00:30:00+00:00,0.358,0.3604,0.3569,0.3589,4203329.0
2024-10-30 00:45:00+00:00,0.3589,0.359,0.3575,0.3583,191765.0
2024-10-30 01:00:00+00:00,0.3583,0.3589,0.3546,0.3565,458588.0
2024-10-30 01:15:00+00:00,0.3565,0.3579,0.3558,0.3567,332136.0
2024-10-30 01:30:00+00:00,0.3567,0.3594,0.3564,0.3588,174271.0
2024-10-30 01:45:00+00:00,0.3588,0.3601,0.3586,0.3601,610610.0
2024-10-30 02:00:00+00:00,0.3601,0.3637,0.3601,0.3637,448435.0
2024-10-30 02:15:00+00:00,0.3637,0.3639,0.3604,0.3612,842964.0
2024-10-30 02:30:00+00:00,0.3612,0.3628,0.36,0.36,428480.0
2024-10-30 02:45:00+00:00,0.36,0.3606,0.3594,0.3604,47957.0
2024-10-30 03:00:00+00:00,0.3604,0.3615,0.3598,0.36,100718.0
2024-10-30 03:15:00+00:00,0.36,0.3605,0.3588,0.3591,149169.0
2024-10-30 03:30:00+00:00,0.3591,0.3597,0.359,0.3597,149826.0
2024-10-30 03:45:00+00:00,0.3597,0.3601,0.3588,0.359,361578.0
2024-10-30 04:00:00+00:00,0.359,0.3603,0.359,0.3599,83276.0
2024-10-30 04:15:00+00:00,0.3599,0.3599,0.3593,0.3595,94887.0
2024-10-30 04:30:00+00:00,0.3595,0.3596,0.3588,0.3588,96326.0
2024-10-30 04:45:00+00:00,0.3588,0.3589,0.3579,0.3582,50086.0
2024-10-30 05:00:00+00:00,0.3582,0.3587,0.3574,0.3576,148689.0
2024-10-30 05:15:00+00:00,0.3576,0.3581,0.3571,0.358,228755.0
2024-10-30 05:30:00+00:00,0.358,0.3582,0.3576,0.3582,19509.0
2024-10-30 05:45:00+00:00,0.3582,0.3594,0.3582,0.3592,110914.0
2024-10-30 06:00:00+00:00,0.3592,0.3611,0.3592,0.3611,361220.0
2024-10-30 06:15:00+00:00,0.3611,0.3612,0.3595,0.3609,2483094.0
2024-10-30 06:30:00+00:00,0.3609,0.3609,0.3585,0.3586,239511.0
2024-10-30 06:45:00+00:00,0.3586,0.3592,0.3584,0.3586,160718.0
2024-10-30 07:00:00+00:00,0.3586,0.3588,0.358,0.3587,55389.0
2024-10-30 07:15:00+00:00,0.3587,0.3589,0.3572,0.3576,125188.0
2024-10-30 07:30:00+00:00,0.3576,0.3579,0.3575,0.3575,26479.0
2024-10-30 07:45:00+00:00,0.3575,0.3575,0.356,0.3567,639296.0
2024-10-30 08:00:00+00:00,0.3567,0.3581,0.3566,0.358,350043.0
2024-10-30 08:15:00+00:00,0.358,0.359,0.358,0.3587,540189.0
2024-10-30 08:30:00+00:00,0.3587,0.3588,0.3571,0.3571,208128.0
2024-10-30 08:45:00+00:00,0.3571,0.3571,0.3549,0.355,470418.0
2024-10-30 09:00:00+00:00,0.355,0.3565,0.3547,0.3559,74050.0
2024-10-30 09:15:00+00:00,0.3559,0.3568,0.3558,0.3566,19839.0
2024-10-30 09:30:00+00:00,0.3566,0.3566,0.3557,0.3558,65904.0
2024-10-30 09:45:00+00:00,0.3558,0.3564,0.3556,0.3562,24491.0
2024-11-07 17:45:00+00:00,0.3902,0.3915,0.3902,0.3903,223969.0
2024-11-07 18:00:00+00:00,0.3903,0.3925,0.3883,0.3915,651532.0
2024-11-07 18:15:00+00:00,0.3915,0.394,0.3915,0.3938,540716.0
2024-11-07 18:30:00+00:00,0.3938,0.3942,0.392,0.3925,454556.0
2024-11-07 18:45:00+00:00,0.3925,0.395,0.3918,0.3942,574244.0
2024-11-07 19:00:00+00:00,0.3942,0.3943,0.391,0.3935,941928.0
2024-11-07 19:15:00+00:00,0.3935,0.394,0.39,0.3926,888096.0
2024-11-07 19:30:00+00:00,0.3926,0.3933,0.3901,0.3913,468735.0
2024-11-07 19:45:00+00:00,0.3913,0.3938,0.3906,0.3934,273072.0
2024-11-07 20:00:00+00:00,0.3934,0.3977,0.3934,0.3977,826736.0
2024-11-07 20:15:00+00:00,0.3977,0.399,0.3963,0.397,968342.0
2024-11-07 20:30:00+00:00,0.397,0.3995,0.3969,0.398,713262.0
2024-11-07 20:45:00+00:00,0.398,0.3997,0.397,0.3973,527403.0
2024-11-07 21:00:00+00:00,0.3973,0.3993,0.3971,0.3973,319777.0
2024-11-07 21:15:00+00:00,0.3973,0.3986,0.3962,0.3978,192081.0
2024-11-07 21:30:00+00:00,0.3978,0.3999,0.3968,0.3996,275126.0
2024-11-07 21:45:00+00:00,0.3996,0.4014,0.3995,0.4007,1011669.0
2024-11-07 22:00:00+00:00,0.4007,0.4043,0.4006,0.4023,876689.0
2024-11-07 22:15:00+00:00,0.4023,0.4023,0.3957,0.3984,1391181.0
2024-11-07 22:30:00+00:00,0.3984,0.401,0.398,0.4004,351951.0
2024-11-07 22:45:00+00:00,0.4004,0.4006,0.3956,0.3965,521045.0
2024-11-07 23:00:00+00:00,0.3965,0.3984,0.3944,0.3955,1489526.0
2024-11-07 23:15:00+00:00,0.3955,0.3969,0.395,0.3965,1424716.0
2024-11-07 23:30:00+00:00,0.3965,0.4022,0.3961,0.4021,1053332.0
2024-11-07 23:45:00+00:00,0.4021,0.407,0.4014,0.407,2211841.0
2024-11-08 00:00:00+00:00,0.407,0.4097,0.404,0.4073,2468349.0
2024-11-08 00:15:00+00:00,0.4073,0.4148,0.4073,0.4137,2979592.0
2024-11-08 00:30:00+00:00,0.4137,0.418,0.4113,0.4176,1667271.0
2024-11-08 00:45:00+00:00,0.4176,0.4179,0.412,0.4125,839741.0
2024-11-08 01:00:00+00:00,0.4125,0.4182,0.4124,0.4155,730823.0
2024-11-08 01:15:00+00:00,0.4155,0.421,0.415,0.4208,1459151.0
2024-11-08 01:30:00+00:00,0.4208,0.421,0.4093,0.4101,4268410.0
2024-11-08 01:45:00+00:00,0.4101,0.4147,0.4087,0.4145,789380.0
2024-11-08 02:00:00+00:00,0.4145,0.4177,0.413,0.4145,1371522.0
2024-11-08 02:15:00+00:00,0.4145,0.4157,0.4111,0.4116,841968.0
2024-11-08 02:30:00+00:00,0.4116,0.4157,0.4104,0.411,976349.0
2024-11-08 02:45:00+00:00,0.411,0.415,0.411,0.4127,377986.0
2024-11-08 03:00:00+00:00,0.4127,0.4219,0.411,0.4209,2225352.0
2024-11-08 03:15:00+00:00,0.4209,0.4224,0.4179,0.4186,755216.0
2024-11-08 03:30:00+00:00,0.4186,0.4202,0.4161,0.4188,1592203.0
2024-11-08 03:45:00+00:00,0.4188,0.4232,0.4176,0.4223,1041442.0
2024-11-08 04:00:00+00:00,0.4223,0.4251,0.4217,0.4238,1351540.0
2024-11-08 04:15:00+00:00,0.4238,0.4291,0.4232,0.4291,2548373.0
2024-11-08 04:30:00+00:00,0.4291,0.43,0.4189,0.4214,6384671.0
2024-11-08 04:45:00+00:00,0.4214,0.4233,0.4196,0.4205,877017.0
2024-11-08 05:00:00+00:00,0.4205,0.4258,0.4205,0.4253,268078.0
2024-11-08 05:15:00+00:00,0.4253,0.4294,0.4252,0.4278,1447380.0
2024-11-08 05:30:00+00:00,0.4278,0.43,0.426,0.4281,2206486.0
2024-11-08 05:45:00+00:00,0.4281,0.4358,0.4281,0.435,4891097.0
2024-11-08 06:00:00+00:00,0.435,0.4362,0.4311,0.4344,2312801.0
2024-11-08 06:15:00+00:00,0.4344,0.4419,0.4332,0.4418,4276030.0
2024-11-08 06:30:00+00:00,0.4418,0.4441,0.4379,0.4383,1708229.0
2024-11-08 06:45:00+00:00,0.4383,0.4401,0.4307,0.431,2685460.0
2024-11-08 07:00:00+00:00,0.431,0.4324,0.4277,0.4283,3582364.0
2024-11-08 07:15:00+00:00,0.4283,0.4338,0.4283,0.4332,1026898.0
2024-11-08 07:30:00+00:00,0.4332,0.4333,0.4294,0.4299,936320.0
2024-11-08 07:45:00+00:00,0.4299,0.4331,0.4279,0.4283,1101415.0
2024-11-08 08:00:00+00:00,0.4283,0.4298,0.4241,0.4269,2224407.0
2024-11-08 08:15:00+00:00,0.4269,0.4281,0.4241,0.4258,2083966.0
2024-11-08 08:30:00+00:00,0.4258,0.4264,0.4217,0.4226,1407382.0
2024-11-08 08:45:00+00:00,0.4226,0.4277,0.4226,0.4261,993061.0
2024-11-08 09:00:00+00:00,0.4261,0.4298,0.4253,0.4295,633658.0
2024-11-08 09:15:00+00:00,0.4295,0.4298,0.4264,0.4267,644843.0
2024-11-08 09:30:00+00:00,0.4267,0.4309,0.4267,0.4303,394383.0
2024-11-08 09:45:00+00:00,0.4303,0.4345,0.428,0.4319,1895549.0
2024-11-08 10:00:00+00:00,0.4319,0.4338,0.4297,0.4335,795222.0
2024-11-08 10:15:00+00:00,0.4335,0.4346,0.4314,0.4335,535233.0
2024-11-08 10:30:00+00:00,0.4335,0.4369,0.433,0.4362,1609409.0
2024-11-08 10:45:00+00:00,0.4362,0.4372,0.4315,0.4317,1096192.0
2024-11-08 11:00:00+00:00,0.4317,0.4338,0.4306,0.4326,863504.0
2024-11-08 11:15:00+00:00,0.4326,0.4338,0.4294,0.4305,1835561.0
2024-11-08 11:30:00+00:00,0.4305,0.4347,0.4302,0.4338,429348.0
2024-11-08 11:45:00+00:00,0.4338,0.4365,0.4337,0.4346,762120.0
2024-11-08 12:00:00+00:00,0.4346,0.4396,0.4336,0.4394,3519861.0
2024-11-08 12:15:00+00:00,0.4394,0.4414,0.4365,0.4374,2354820.0
2024-11-08 12:30:00+00:00,0.4374,0.4391,0.4359,0.4391,404451.0
2024-11-08 12:45:00+00:00,0.4391,0.4416,0.4373,0.4409,780804.0
2024-11-08 13:00:00+00:00,0.4409,0.4413,0.4361,0.4376,1275390.0
2024-11-08 13:15:00+00:00,0.4376,0.438,0.4341,0.4352,851645.0
2024-11-08 13:30:00+00:00,0.4352,0.4375,0.4343,0.4371,738205.0
2024-11-08 13:45:00+00:00,0.4371,0.4412,0.4368,0.4407,1078800.0
2024-11-08 14:00:00+00:00,0.4407,0.4457,0.4395,0.443,3177734.0
2024-11-08 14:15:00+00:00,0.443,0.4485,0.4422,0.4483,2267191.0
2024-11-08 14:30:00+00:00,0.4483,0.45,0.4441,0.4449,3201050.0
2024-11-08 14:45:00+00:00,0.4449,0.4481,0.4387,0.4395,2865409.0
2024-11-08 15:00:00+00:00,0.4395,0.445,0.4362,0.4372,2315639.0
2024-11-08 15:15:00+00:00,0.4372,0.4428,0.4342,0.4411,2125531.0
2024-11-08 15:30:00+00:00,0.4411,0.4511,0.4403,0.449,5002328.0
2024-11-08 15:45:00+00:00,0.449,0.451,0.4432,0.4501,5029023.0
2024-11-08 16:00:00+00:00,0.4501,0.4552,0.4487,0.4533,5200825.0
2024-11-08 16:15:00+00:00,0.4533,0.4592,0.451,0.454,3585682.0
2024-11-08 16:30:00+00:00,0.454,0.4548,0.4355,0.4383,8888043.0
2024-11-08 16:45:00+00:00,0.4383,0.444,0.4366,0.4403,2398894.0
2024-11-08 17:00:00+00:00,0.4403,0.4448,0.4387,0.442,2013962.0
2024-11-08 17:15:00+00:00,0.442,0.4451,0.4365,0.4392,2557112.0
2024-11-08 17:30:00+00:00,0.4392,0.4479,0.4382,0.4445,3231293.0
2024-11-08 17:45:00+00:00,0.4445,0.4491,0.4441,0.4468,1629174.0
2024-11-08 18:00:00+00:00,0.4468,0.4477,0.4429,0.4455,1283806.0
2024-11-08 18:15:00+00:00,0.4455,0.4473,0.4447,0.4468,1106533.0
2024-11-08 18:30:00+00:00,0.4468,0.4509,0.4452,0.4488,639343.0
2024-11-08 18:45:00+00:00,0.4488,0.4491,0.4445,0.4474,617047.0
2024-11-08 19:00:00+00:00,0.4474,0.448,0.445,0.4466,752569.0
2024-11-08 19:15:00+00:00,0.4466,0.4471,0.4431,0.4434,2051049.0
2024-11-08 19:30:00+00:00,0.4434,0.445,0.4407,0.4425,1119673.0
2024-11-08 19:45:00+00:00,0.4425,0.4454,0.442,0.444,312297.0
2024-11-08 20:00:00+00:00,0.444,0.4459,0.4421,0.4434,1142435.0
2024-11-08 20:15:00+00:00,0.4434,0.4441,0.4398,0.4398,721183.0
2024-11-08 20:30:00+00:00,0.4398,0.4405,0.4382,0.4382,442534.0
2024-11-08 20:45:00+00:00,0.4382,0.4418,0.4364,0.4413,1465463.0
2024-11-08 21:00:00+00:00,0.4413,0.4425,0.4403,0.4405,390539.0
2024-11-08 21:15:00+00:00,0.4405,0.4405,0.4354,0.4364,457646.0
2024-11-08 21:30:00+00:00,0.4364,0.4435,0.4364,0.443,765482.0
2024-11-08 21:45:00+00:00,0.443,0.4433,0.4409,0.4419,416864.0
2024-11-08 22:00:00+00:00,0.4419,0.445,0.4416,0.4427,499691.0
2024-11-08 22:15:00+00:00,0.4427,0.4444,0.4399,0.4443,532320.0
2024-11-08 22:30:00+00:00,0.4443,0.4463,0.4421,0.445,787953.0
2024-11-08 22:45:00+00:00,0.445,0.4458,0.4433,0.4436,471833.0
2024-11-08 23:00:00+00:00,0.4436,0.444,0.4415,0.4434,345221.0
2024-11-08 23:15:00+00:00,0.4434,0.4453,0.4423,0.4446,229481.0
2024-11-08 23:30:00+00:00,0.4446,0.4457,0.4435,0.4452,230855.0
2024-11-08 23:45:00+00:00,0.4452,0.4452,0.4423,0.4447,482371.0
2024-11-09 00:00:00+00:00,0.4447,0.4451,0.4413,0.442,350270.0
2024-11-09 00:15:00+00:00,0.442,0.4422,0.4389,0.4418,438173.0
2024-11-09 00:30:00+00:00,0.4418,0.443,0.4385,0.44,572006.0
2024-11-09 00:45:00+00:00,0.44,0.4402,0.4378,0.4379,380381.0
2024-11-09 01:00:00+00:00,0.4379,0.4421,0.4368,0.4415,783101.0
2024-11-09 01:15:00+00:00,0.4415,0.4422,0.4379,0.439,289117.0
2024-11-09 01:30:00+00:00,0.439,0.4399,0.4363,0.4363,1561659.0
2024-11-09 01:45:00+00:00,0.4363,0.437,0.4342,0.4357,792019.0
2024-11-09 02:00:00+00:00,0.4357,0.4362,0.4331,0.4342,725452.0
2024-11-09 02:15:00+00:00,0.4342,0.4356,0.4327,0.4351,1020642.0
2024-11-09 02:30:00+00:00,0.4351,0.4353,0.4323,0.4333,279927.0
2024-11-09 02:45:00+00:00,0.4333,0.4351,0.4331,0.4344,545541.0
2024-11-09 03:00:00+00:00,0.4344,0.4355,0.4316,0.4337,850453.0
2024-11-09 03:15:00+00:00,0.4337,0.4339,0.4316,0.432,331377.0
2024-11-09 03:30:00+00:00,0.432,0.4324,0.4305,0.4313,721084.0
2024-11-09 03:45:00+00:00,0.4313,0.4313,0.4284,0.4298,1656311.0
2024-11-09 04:00:00+00:00,0.4298,0.4332,0.4298,0.4318,562107.0
2024-11-09 04:15:00+00:00,0.4318,0.4338,0.4317,0.4319,250802.0
2024-11-09 04:30:00+00:00,0.4319,0.4324,0.4301,0.4303,167391.0
2024-11-09 04:45:00+00:00,0.4303,0.4312,0.4274,0.4284,508526.0
2024-11-09 05:00:00+00:00,0.4284,0.4298,0.4278,0.4296,356253.0
2024-11-09 05:15:00+00:00,0.4296,0.431,0.4293,0.4306,670003.0
2024-11-09 05:30:00+00:00,0.4306,0.435,0.4302,0.4344,278542.0
2024-11-09 05:45:00+00:00,0.4344,0.4369,0.432,0.4353,869333.0
2024-11-09 06:00:00+00:00,0.4353,0.4365,0.4333,0.4361,1349369.0
2024-11-09 06:15:00+00:00,0.4361,0.4389,0.4351,0.4377,594609.0
2024-11-09 06:30:00+00:00,0.4377,0.4377,0.4335,0.4356,513301.0
2024-11-09 06:45:00+00:00,0.4356,0.4384,0.4336,0.4373,364899.0
2024-11-09 07:00:00+00:00,0.4373,0.4388,0.435,0.4384,568226.0
2024-11-09 07:15:00+00:00,0.4384,0.4399,0.4356,0.4356,553629.0
2024-11-09 07:30:00+00:00,0.4356,0.4369,0.434,0.4346,372352.0
2024-11-09 07:45:00+00:00,0.4346,0.4365,0.4346,0.4352,180475.0
2024-11-09 08:00:00+00:00,0.4352,0.4358,0.4347,0.4353,111711.0
2024-11-09 08:15:00+00:00,0.4353,0.4385,0.4352,0.437,390238.0
2024-11-09 08:30:00+00:00,0.437,0.4392,0.4368,0.4387,375877.0
2024-11-09 08:45:00+00:00,0.4387,0.4387,0.4362,0.4366,198199.0
2024-11-09 09:00:00+00:00,0.4366,0.4392,0.4366,0.439,256739.0
2024-11-09 09:15:00+00:00,0.439,0.4391,0.4366,0.438,90393.0
2024-11-09 09:30:00+00:00,0.438,0.4392,0.4374,0.4382,571994.0
2024-11-09 09:45:00+00:00,0.4382,0.4404,0.438,0.4395,599338.0
2024-11-09 10:00:00+00:00,0.4395,0.4415,0.4393,0.4412,436952.0
2024-11-09 10:15:00+00:00,0.4412,0.4414,0.4399,0.4399,209297.0
2024-11-09 10:30:00+00:00,0.4399,0.4409,0.4386,0.439,606452.0
2024-11-09 10:45:00+00:00,0.439,0.4404,0.4378,0.4384,427648.0
2024-11-09 11:00:00+00:00,0.4384,0.4393,0.437,0.4372,725085.0
2024-11-09 11:15:00+00:00,0.4372,0.4388,0.4367,0.4374,237730.0
2024-11-09 11:30:00+00:00,0.4374,0.4397,0.4372,0.4395,415119.0
2024-11-09 11:45:00+00:00,0.4395,0.4418,0.4395,0.4415,447569.0
2024-11-09 12:00:00+00:00,0.4415,0.4423,0.438,0.438,346196.0
2024-11-09 12:15:00+00:00,0.438,0.4401,0.4366,0.44,300387.0
2024-11-09 12:30:00+00:00,0.44,0.4417,0.438,0.4416,729441.0
2024-11-09 12:45:00+00:00,0.4416,0.4417,0.4387,0.4398,537750.0
2024-11-09 13:00:00+00:00,0.4398,0.4409,0.4384,0.4393,175253.0
2024-11-09 13:15:00+00:00,0.4393,0.4404,0.4381,0.439,97707.0
2024-11-09 13:30:00+00:00,0.439,0.4449,0.439,0.4437,711862.0
2024-11-09 13:45:00+00:00,0.4437,0.4437,0.44,0.4403,853024.0
2024-11-09 14:00:00+00:00,0.4403,0.4407,0.4368,0.4391,935838.0
2024-11-09 14:15:00+00:00,0.4391,0.4397,0.4376,0.4393,474245.0
2024-11-09 14:30:00+00:00,0.4393,0.4393,0.433,0.4335,1595379.0
2024-11-09 14:45:00+00:00,0.4335,0.436,0.433,0.4353,625525.0
2024-11-09 15:00:00+00:00,0.4353,0.4353,0.4314,0.4324,677097.0
2024-11-09 15:15:00+00:00,0.4324,0.4351,0.4322,0.4346,257736.0
2024-11-09 15:30:00+00:00,0.4346,0.4396,0.4346,0.4392,333115.0
2024-11-09 15:45:00+00:00,0.4392,0.4392,0.4373,0.4377,145631.0
2024-11-09 16:00:00+00:00,0.4377,0.4387,0.4364,0.438,1563647.0
2024-11-09 16:15:00+00:00,0.438,0.4381,0.4352,0.4373,1092621.0
2024-11-09 16:30:00+00:00,0.4373,0.4417,0.437,0.4388,578995.0
2024-11-09 16:45:00+00:00,0.4388,0.4407,0.4386,0.4396,182894.0
2024-11-09 17:00:00+00:00,0.4396,0.4407,0.4362,0.4365,314878.0
2024-11-09 17:15:00+00:00,0.4365,0.4382,0.4333,0.4373,1749151.0
2024-11-09 17:30:00+00:00,0.4373,0.4387,0.4354,0.4376,95512.0
2024-11-09 17:45:00+00:00,0.4376,0.4409,0.4375,0.4409,224175.0
2024-11-09 18:00:00+00:00,0.4409,0.4409,0.4374,0.4374,434189.0
2024-11-09 18:15:00+00:00,0.4374,0.4395,0.4374,0.4392,507708.0
2024-11-09 18:30:00+00:00,0.4392,0.441,0.439,0.4405,279745.0
2024-11-09 18:45:00+00:00,0.4405,0.4425,0.4397,0.4412,166930.0
2024-11-09 19:00:00+00:00,0.4412,0.4435,0.4389,0.4393,570357.0
2024-11-09 19:15:00+00:00,0.4393,0.4404,0.4376,0.4404,310427.0
2024-11-09 19:30:00+00:00,0.4404,0.4404,0.4384,0.4395,322967.0
2024-11-18 03:30:00+00:00,0.729,0.743,0.7286,0.737,1410799.0
2024-11-18 03:45:00+00:00,0.737,0.7414,0.7357,0.7373,356964.0
2024-11-18 04:00:00+00:00,0.7373,0.7447,0.7343,0.7434,749694.0
2024-11-18 04:15:00+00:00,0.7434,0.748,0.7401,0.7454,884071.0
2024-11-18 04:30:00+00:00,0.7454,0.7481,0.7387,0.7404,949585.0
2024-11-18 04:45:00+00:00,0.7404,0.7431,0.7343,0.7429,477387.0
2024-11-18 05:00:00+00:00,0.7429,0.7497,0.7417,0.748,1216983.0
2024-11-18 05:15:00+00:00,0.748,0.7625,0.7458,0.7542,3457663.0
2024-11-18 05:30:00+00:00,0.7542,0.7567,0.748,0.7567,896171.0
2024-11-18 05:45:00+00:00,0.7567,0.7635,0.7541,0.7576,1340324.0
2024-11-18 06:00:00+00:00,0.7576,0.7695,0.756,0.769,1665973.0
2024-11-18 06:15:00+00:00,0.769,0.776,0.7648,0.7744,1677147.0
2024-11-18 06:30:00+00:00,0.7744,0.7804,0.764,0.765,2289863.0
2024-11-18 06:45:00+00:00,0.765,0.7739,0.7601,0.7696,2519509.0
2024-11-18 07:00:00+00:00,0.7696,0.7698,0.757,0.7602,1923928.0
2024-11-18 07:15:00+00:00,0.7602,0.7682,0.76,0.764,423000.0
2024-11-18 07:30:00+00:00,0.764,0.7669,0.7577,0.765,883376.0
2024-11-18 07:45:00+00:00,0.765,0.7657,0.7605,0.7624,392711.0
2024-11-18 08:00:00+00:00,0.7624,0.7747,0.7621,0.7747,1107537.0
2024-11-18 08:15:00+00:00,0.7747,0.785,0.773,0.7808,2457191.0
2024-11-18 08:30:00+00:00,0.7808,0.7827,0.7725,0.7794,1686488.0
2024-11-18 08:45:00+00:00,0.7794,0.7795,0.7671,0.7697,3886383.0
2024-11-18 09:00:00+00:00,0.7697,0.774,0.7639,0.7696,1340119.0
2024-11-18 09:15:00+00:00,0.7696,0.7797,0.7696,0.7745,1152367.0
2024-11-18 09:30:00+00:00,0.7745,0.7774,0.7672,0.7694,932490.0
2024-11-18 09:45:00+00:00,0.7694,0.7694,0.757,0.7597,1036380.0
2024-11-18 10:00:00+00:00,0.7597,0.7649,0.7594,0.7643,1214582.0
2024-11-18 10:15:00+00:00,0.7643,0.7649,0.7596,0.7628,4617695.0
2024-11-18 10:30:00+00:00,0.7628,0.7636,0.7568,0.7581,1938196.0
2024-11-18 10:45:00+00:00,0.7581,0.7641,0.7579,0.7632,519884.0
2024-11-18 11:00:00+00:00,0.7632,0.7656,0.752,0.7534,1698197.0
2024-11-18 11:15:00+00:00,0.7534,0.7571,0.7459,0.7478,2643582.0
2024-11-18 11:30:00+00:00,0.7478,0.7491,0.7358,0.7362,3193928.0
2024-11-18 11:45:00+00:00,0.7362,0.7389,0.7309,0.7356,1435990.0
2024-11-18 12:00:00+00:00,0.7356,0.7386,0.7285,0.7308,2098896.0
2024-11-18 12:15:00+00:00,0.7308,0.7366,0.7296,0.7363,686225.0
2024-11-18 12:30:00+00:00,0.7363,0.7372,0.7334,0.7367,472373.0
2024-11-18 12:45:00+00:00,0.7367,0.7369,0.7302,0.7329,479482.0
2024-11-18 13:00:00+00:00,0.7329,0.7336,0.7179,0.7188,3774036.0
2024-11-18 13:15:00+00:00,0.7188,0.7301,0.7182,0.7279,1381575.0
2024-11-18 13:30:00+00:00,0.7279,0.7339,0.7273,0.7339,1077542.0
2024-11-18 13:45:00+00:00,0.7339,0.7357,0.7263,0.7276,1031924.0
2024-11-18 14:00:00+00:00,0.7276,0.735,0.7265,0.7347,889486.0
2024-11-18 14:15:00+00:00,0.7347,0.7376,0.7328,0.734,2838846.0
2024-11-18 14:30:00+00:00,0.734,0.7443,0.731,0.7415,2044450.0
2024-11-18 14:45:00+00:00,0.7415,0.7424,0.7343,0.7399,1267939.0
2024-11-18 15:00:00+00:00,0.7399,0.7447,0.7362,0.7435,1049025.0
2024-11-18 15:15:00+00:00,0.7435,0.7435,0.7392,0.7398,601041.0
2024-11-18 15:30:00+00:00,0.7398,0.7534,0.7398,0.7495,1137328.0
2024-11-18 15:45:00+00:00,0.7495,0.7698,0.7494,0.7655,3869494.0
2024-11-18 16:00:00+00:00,0.7655,0.7697,0.7564,0.7566,1766127.0
2024-11-18 16:15:00+00:00,0.7566,0.7576,0.75,0.7537,1350050.0
2024-11-18 16:30:00+00:00,0.7537,0.7542,0.7428,0.7435,1721126.0
2024-11-18 16:45:00+00:00,0.7435,0.7528,0.737,0.7518,3785907.0
2024-11-18 17:00:00+00:00,0.7518,0.7568,0.7475,0.7561,1220142.0
2024-11-18 17:15:00+00:00,0.7561,0.7576,0.7513,0.7556,657913.0
2024-11-18 17:30:00+00:00,0.7556,0.757,0.7433,0.7443,402564.0
2024-11-18 17:45:00+00:00,0.7443,0.7523,0.7401,0.7511,458804.0
2024-11-18 18:00:00+00:00,0.7511,0.754,0.7482,0.7533,407908.0
2024-11-18 18:15:00+00:00,0.7533,0.7546,0.7471,0.7489,339631.0
2024-11-18 18:30:00+00:00,0.7489,0.7504,0.7421,0.7429,539716.0
2024-11-18 18:45:00+00:00,0.7429,0.7439,0.7382,0.7407,626796.0
2024-11-18 19:00:00+00:00,0.7407,0.7433,0.7297,0.7342,1461670.0
2024-11-18 19:15:00+00:00,0.7342,0.7349,0.7233,0.7289,1353866.0
2024-11-18 19:30:00+00:00,0.7289,0.7404,0.7267,0.7399,831110.0
2024-11-18 19:45:00+00:00,0.7399,0.7399,0.7354,0.7373,451885.0
2024-11-18 20:00:00+00:00,0.7373,0.74,0.7331,0.7352,427442.0
2024-11-18 20:15:00+00:00,0.7352,0.748,0.7342,0.7438,1065626.0
2024-11-18 20:30:00+00:00,0.7438,0.7464,0.7399,0.7408,1113387.0
2024-11-18 20:45:00+00:00,0.7408,0.7419,0.7345,0.739,614114.0
2024-11-18 21:00:00+00:00,0.739,0.7497,0.7375,0.7483,599390.0
2024-11-18 21:15:00+00:00,0.7483,0.7508,0.7444,0.7453,646002.0
2024-11-18 21:30:00+00:00,0.7453,0.7466,0.7436,0.7441,438188.0
2024-11-18 21:45:00+00:00,0.7441,0.7465,0.74,0.7421,372566.0
2024-11-18 22:00:00+00:00,0.7421,0.7466,0.7421,0.7459,373750.0
2024-11-18 22:15:00+00:00,0.7459,0.7465,0.7444,0.7464,142353.0
2024-11-18 22:30:00+00:00,0.7464,0.7489,0.7451,0.7485,208399.0
2024-11-18 22:45:00+00:00,0.7485,0.7485,0.7424,0.7433,352389.0
2024-11-18 23:00:00+00:00,0.7433,0.7483,0.7423,0.746,274660.0
2024-11-18 23:15:00+00:00,0.746,0.7467,0.7352,0.737,796071.0
2024-11-18 23:30:00+00:00,0.737,0.7422,0.7366,0.7388,187789.0
2024-11-18 23:45:00+00:00,0.7388,0.7397,0.7318,0.7332,461587.0
2024-11-19 00:00:00+00:00,0.7332,0.737,0.7301,0.7325,661612.0
2024-11-19 00:15:00+00:00,0.7325,0.7359,0.7304,0.732,364544.0
2024-11-19 00:30:00+00:00,0.732,0.7383,0.7288,0.7373,443362.0
2024-11-19 00:45:00+00:00,0.7373,0.7403,0.7337,0.7379,292037.0
2024-11-19 01:00:00+00:00,0.7379,0.741,0.737,0.7374,183124.0
2024-11-19 01:15:00+00:00,0.7374,0.7409,0.7364,0.7409,183893.0
2024-11-19 01:30:00+00:00,0.7409,0.7423,0.7377,0.7389,193413.0
2024-11-19 01:45:00+00:00,0.7389,0.7398,0.7336,0.7339,231681.0
2024-11-19 02:00:00+00:00,0.7339,0.7365,0.7327,0.7357,95454.0
2024-11-19 02:15:00+00:00,0.7357,0.7415,0.7351,0.7401,430451.0
2024-11-19 02:30:00+00:00,0.7401,0.7403,0.7361,0.7395,76852.0
2024-11-19 02:45:00+00:00,0.7395,0.7426,0.7382,0.7423,164436.0
2024-11-19 03:00:00+00:00,0.7423,0.744,0.74,0.741,208816.0
2024-11-19 03:15:00+00:00,0.741,0.7466,0.7392,0.7464,166719.0
2024-11-19 03:30:00+00:00,0.7464,0.7485,0.7449,0.7474,400797.0
2024-11-19 03:45:00+00:00,0.7474,0.7544,0.7464,0.7528,500212.0
2024-11-19 04:00:00+00:00,0.7528,0.7548,0.7453,0.7457,479398.0
2024-11-19 04:15:00+00:00,0.7457,0.7462,0.7387,0.7392,467932.0
2024-11-19 04:30:00+00:00,0.7392,0.7449,0.7374,0.7438,310073.0
2024-11-19 04:45:00+00:00,0.7438,0.7438,0.7379,0.7398,429445.0
2024-11-19 05:00:00+00:00,0.7398,0.7517,0.7374,0.7507,543258.0
2024-11-19 05:15:00+00:00,0.7507,0.7508,0.7452,0.747,511000.0
2024-11-19 05:30:00+00:00,0.747,0.7524,0.7433,0.7518,290102.0
2024-11-19 05:45:00+00:00,0.7518,0.7551,0.7502,0.7545,369110.0
2024-11-19 06:00:00+00:00,0.7545,0.7633,0.7535,0.7581,1207970.0
2024-11-19 06:15:00+00:00,0.7581,0.762,0.7566,0.7589,652158.0
2024-11-19 06:30:00+00:00,0.7589,0.7589,0.7529,0.7564,381401.0
2024-11-19 06:45:00+00:00,0.7564,0.7635,0.7538,0.7633,562284.0
2024-11-19 07:00:00+00:00,0.7633,0.7655,0.7608,0.7615,1180552.0
2024-11-19 07:15:00+00:00,0.7615,0.7633,0.7569,0.7601,567326.0
2024-11-19 07:30:00+00:00,0.7601,0.7601,0.7533,0.7549,661140.0
2024-11-19 07:45:00+00:00,0.7549,0.7591,0.7548,0.7555,336065.0
2024-11-19 08:00:00+00:00,0.7555,0.7557,0.75,0.7506,421742.0
2024-11-19 08:15:00+00:00,0.7506,0.7519,0.7463,0.7468,455745.0
2024-11-19 08:30:00+00:00,0.7468,0.7534,0.7468,0.7519,328541.0
2024-11-19 08:45:00+00:00,0.7519,0.7567,0.7509,0.7521,456606.0
2024-11-19 09:00:00+00:00,0.7521,0.7546,0.75,0.7507,211777.0
2024-11-19 09:15:00+00:00,0.7507,0.7516,0.7399,0.7402,955961.0
2024-11-19 09:30:00+00:00,0.7402,0.745,0.7388,0.7418,494686.0
2024-11-19 09:45:00+00:00,0.7418,0.7428,0.7385,0.7391,602462.0
2024-11-19 10:00:00+00:00,0.7391,0.743,0.7356,0.743,937865.0
2024-11-19 10:15:00+00:00,0.743,0.7453,0.7418,0.7419,362110.0
2024-11-19 10:30:00+00:00,0.7419,0.7423,0.7371,0.7397,250222.0
2024-11-19 10:45:00+00:00,0.7397,0.7418,0.7391,0.7393,667093.0
2024-11-19 11:00:00+00:00,0.7393,0.7407,0.738,0.7383,355241.0
2024-11-19 11:15:00+00:00,0.7383,0.7409,0.7311,0.7312,971114.0
2024-11-19 11:30:00+00:00,0.7312,0.738,0.7308,0.7363,522067.0
2024-11-19 11:45:00+00:00,0.7363,0.7388,0.7363,0.7382,182617.0
2024-11-19 12:00:00+00:00,0.7382,0.7445,0.7382,0.7429,949697.0
2024-11-19 12:15:00+00:00,0.7429,0.7509,0.7407,0.7506,1486692.0
2024-11-19 12:30:00+00:00,0.7506,0.7569,0.7489,0.7536,1770384.0
2024-11-19 12:45:00+00:00,0.7536,0.7537,0.747,0.7471,876823.0
2024-11-19 13:00:00+00:00,0.7471,0.7497,0.7387,0.7409,908553.0
2024-11-19 13:15:00+00:00,0.7409,0.7411,0.7336,0.7373,642308.0
2024-11-19 13:30:00+00:00,0.7373,0.738,0.7313,0.7319,755820.0
2024-11-19 13:45:00+00:00,0.7319,0.7364,0.7243,0.7252,1076104.0
2024-11-19 14:00:00+00:00,0.7252,0.732,0.7229,0.732,1756326.0
2024-11-19 14:15:00+00:00,0.732,0.7338,0.7262,0.7307,953391.0
2024-11-19 14:30:00+00:00,0.7307,0.7326,0.7242,0.7305,528367.0
2024-11-19 14:45:00+00:00,0.7305,0.7341,0.7257,0.727,462701.0
2024-11-19 15:00:00+00:00,0.727,0.7329,0.727,0.7305,327824.0
2024-11-19 15:15:00+00:00,0.7305,0.7305,0.7242,0.7261,485049.0
2024-11-19 15:30:00+00:00,0.7261,0.7306,0.7244,0.7293,255757.0
2024-11-19 15:45:00+00:00,0.7293,0.7326,0.7287,0.7302,346844.0
2024-11-19 16:00:00+00:00,0.7302,0.7312,0.7263,0.7269,677676.0
2024-11-19 16:15:00+00:00,0.7269,0.7352,0.7266,0.7349,799130.0
2024-11-19 16:30:00+00:00,0.7349,0.7377,0.7315,0.7344,592784.0
2024-11-19 16:45:00+00:00,0.7344,0.7344,0.7304,0.732,245325.0
2024-11-19 17:00:00+00:00,0.732,0.7342,0.7297,0.7323,296920.0
2024-11-19 17:15:00+00:00,0.7323,0.7333,0.7286,0.7299,159693.0
2024-11-19 17:30:00+00:00,0.7299,0.7387,0.7298,0.7346,509212.0
2024-11-19 17:45:00+00:00,0.7346,0.7353,0.7295,0.7322,200556.0
2024-11-19 18:00:00+00:00,0.7322,0.7383,0.7301,0.7377,196286.0
2024-11-19 18:15:00+00:00,0.7377,0.7409,0.7321,0.7368,1049025.0
2024-11-19 18:30:00+00:00,0.7368,0.7377,0.7335,0.7364,545476.0
2024-11-19 18:45:00+00:00,0.7364,0.7449,0.7349,0.7441,663478.0
2024-11-19 19:00:00+00:00,0.7441,0.7484,0.7367,0.7453,1340528.0
2024-11-19 19:15:00+00:00,0.7453,0.7529,0.745,0.748,1235391.0
2024-11-19 19:30:00+00:00,0.748,0.7521,0.7451,0.7494,856636.0
2024-11-19 19:45:00+00:00,0.7494,0.7531,0.7454,0.7469,717536.0
2024-11-19 20:00:00+00:00,0.7469,0.7622,0.7456,0.7615,1847688.0
2024-11-19 20:15:00+00:00,0.7615,0.7622,0.7524,0.7574,1355544.0
2024-11-19 20:30:00+00:00,0.7574,0.7575,0.7527,0.7575,682905.0
2024-11-19 20:45:00+00:00,0.7575,0.7597,0.749,0.7532,1264258.0
2024-11-19 21:00:00+00:00,0.7532,0.755,0.7393,0.7412,1387418.0
2024-11-19 21:15:00+00:00,0.7412,0.7431,0.7274,0.7366,2942851.0
2024-11-19 21:30:00+00:00,0.7366,0.7391,0.724,0.7312,1437932.0
2024-11-19 21:45:00+00:00,0.7312,0.7409,0.7287,0.7382,1420627.0
2024-11-19 22:00:00+00:00,0.7382,0.7401,0.7342,0.7363,404245.0
2024-11-19 22:15:00+00:00,0.7363,0.7363,0.7243,0.7248,1271992.0
2024-11-19 22:30:00+00:00,0.7248,0.7272,0.7201,0.7272,1094943.0
2024-11-19 22:45:00+00:00,0.7272,0.7376,0.7269,0.7376,1340580.0
2024-11-19 23:00:00+00:00,0.7376,0.738,0.7313,0.7335,412301.0
2024-11-19 23:15:00+00:00,0.7335,0.7378,0.7324,0.736,206987.0
2024-11-19 23:30:00+00:00,0.736,0.7403,0.7349,0.7396,78977.0
2024-11-19 23:45:00+00:00,0.7396,0.7404,0.7377,0.739,115319.0
2024-11-20 00:00:00+00:00,0.739,0.7575,0.7386,0.7562,1432340.0
2024-11-20 00:15:00+00:00,0.7562,0.7602,0.7517,0.7523,2376846.0
2024-11-20 00:30:00+00:00,0.7523,0.7653,0.7516,0.7633,2178356.0
2024-11-20 00:45:00+00:00,0.7633,0.7663,0.7575,0.7611,1273160.0
2024-11-20 01:00:00+00:00,0.7611,0.7768,0.7602,0.7767,2594169.0
2024-11-20 01:15:00+00:00,0.7767,0.7779,0.7614,0.764,2497443.0
2024-11-20 01:30:00+00:00,0.764,0.7744,0.761,0.7673,1602613.0
2024-11-20 01:45:00+00:00,0.7673,0.7728,0.7636,0.7719,1310229.0
2024-11-20 02:00:00+00:00,0.7719,0.7747,0.7682,0.7703,1662931.0
2024-11-20 02:15:00+00:00,0.7703,0.7769,0.7667,0.7714,1460537.0
2024-11-20 02:30:00+00:00,0.7714,0.7714,0.7611,0.7654,1368290.0
2024-11-20 02:45:00+00:00,0.7654,0.7709,0.764,0.7659,480296.0
2024-11-20 03:00:00+00:00,0.7659,0.7675,0.7611,0.7641,591847.0
2024-11-20 03:15:00+00:00,0.7641,0.7641,0.7522,0.7567,5090406.0
2024-11-20 03:30:00+00:00,0.7567,0.7677,0.7517,0.7667,2895236.0
2024-11-20 03:45:00+00:00,0.7667,0.771,0.7659,0.771,887559.0
2024-11-20 04:00:00+00:00,0.771,0.7714,0.7615,0.7663,816144.0
2024-11-20 04:15:00+00:00,0.7663,0.7789,0.766,0.775,2363181.0
2024-11-20 04:30:00+00:00,0.775,0.7812,0.7722,0.7796,1313200.0
2024-11-20 04:45:00+00:00,0.7796,0.787,0.7777,0.7851,1649375.0
2024-11-20 05:00:00+00:00,0.7851,0.7941,0.7834,0.7919,2355730.0
2024-11-20 05:15:00+00:00,0.7919,0.8042,0.7908,0.801,2607899.0
2024-11-28 13:15:00+00:00,0.9975,1.0036,0.9948,1.0011,619899.0
2024-11-28 13:30:00+00:00,1.0011,1.0076,0.9941,1.0076,1134642.0
2024-11-28 13:45:00+00:00,1.0076,1.0097,1.0,1.0023,945512.0
2024-11-28 14:00:00+00:00,1.0023,1.0108,1.0002,1.0029,1146237.0
2024-11-28 14:15:00+00:00,1.0029,1.0055,0.988,0.9921,6930320.0
2024-11-28 14:30:00+00:00,0.9921,1.0023,0.9897,0.9954,1922605.0
2024-11-28 14:45:00+00:00,0.9954,1.0011,0.9944,0.9947,275531.0
2024-11-28 15:00:00+00:00,0.9947,0.9999,0.9908,0.9917,255903.0
2024-11-28 15:15:00+00:00,0.9917,0.9929,0.9703,0.9809,2580328.0
2024-11-28 15:30:00+00:00,0.9809,0.9833,0.9747,0.9816,787366.0
2024-11-28 15:45:00+00:00,0.9816,0.9836,0.9748,0.9778,608520.0
2024-11-28 16:00:00+00:00,0.9778,0.9916,0.9774,0.989,692595.0
2024-11-28 16:15:00+00:00,0.989,0.99,0.9828,0.9845,539323.0
2024-11-28 16:30:00+00:00,0.9845,0.9934,0.9845,0.9916,360534.0
2024-11-28 16:45:00+00:00,0.9916,0.9932,0.985,0.9889,501152.0
2024-11-28 17:00:00+00:00,0.9889,1.0038,0.9889,1.0018,955093.0
2024-11-28 17:15:00+00:00,1.0018,1.003,0.998,0.9997,480958.0
2024-11-28 17:30:00+00:00,0.9997,1.0066,0.9963,0.9963,506793.0
2024-11-28 17:45:00+00:00,0.9963,1.0018,0.9963,0.9988,423669.0
2024-11-28 18:00:00+00:00,0.9988,1.0069,0.9986,1.0063,550782.0
2024-11-28 18:15:00+00:00,1.0063,1.007,1.0016,1.0039,680462.0
2024-11-28 18:30:00+00:00,1.0039,1.0082,1.0014,1.007,677608.0
2024-11-28 18:45:00+00:00,1.007,1.0075,1.0033,1.0038,436179.0
2024-11-28 19:00:00+00:00,1.0038,1.0052,1.0,1.0013,576155.0
2024-11-28 19:15:00+00:00,1.0013,1.0045,1.0005,1.0019,399778.0
2024-11-28 19:30:00+00:00,1.0019,1.0023,0.9982,1.0011,306469.0
2024-11-28 19:45:00+00:00,1.0011,1.0043,1.0003,1.0029,164608.0
2024-11-28 20:00:00+00:00,1.0029,1.0033,1.0,1.0005,204698.0
2024-11-28 20:15:00+00:00,1.0005,1.0011,0.9965,0.997,476409.0
2024-11-28 20:30:00+00:00,0.997,1.0024,0.997,1.0002,236468.0
2024-11-28 20:45:00+00:00,1.0002,1.0043,1.0,1.0019,284528.0
2024-11-28 21:00:00+00:00,1.0019,1.0144,1.0019,1.0099,1275539.0
2024-11-28 21:15:00+00:00,1.0099,1.0151,1.009,1.0138,489812.0
2024-11-28 21:30:00+00:00,1.0138,1.015,1.0098,1.01,898111.0
2024-11-28 21:45:00+00:00,1.01,1.0158,1.01,1.014,572633.0
2024-11-28 22:00:00+00:00,1.014,1.0158,1.0116,1.0151,202599.0
2024-11-28 22:15:00+00:00,1.0151,1.0256,1.0151,1.0247,2135670.0
2024-11-28 22:30:00+00:00,1.0247,1.0315,1.0212,1.0307,1302441.0
2024-11-28 22:45:00+00:00,1.0307,1.0399,1.0307,1.0392,2429821.0
2024-11-28 23:00:00+00:00,1.0392,1.05,1.0261,1.0333,3557569.0
2024-11-28 23:15:00+00:00,1.0333,1.0433,1.0303,1.0414,1837593.0
2024-11-28 23:30:00+00:00,1.0414,1.0424,1.0273,1.0299,1265089.0
2024-11-28 23:45:00+00:00,1.0299,1.0378,1.0269,1.0323,890193.0
2024-11-29 00:00:00+00:00,1.0323,1.049,1.0286,1.0462,2057302.0
2024-11-29 00:15:00+00:00,1.0462,1.048,1.0325,1.0349,1910373.0
2024-11-29 00:30:00+00:00,1.0349,1.0436,1.0303,1.0417,915639.0
2024-11-29 00:45:00+00:00,1.0417,1.0448,1.0304,1.0347,686685.0
2024-11-29 01:00:00+00:00,1.0347,1.0461,1.0341,1.039,788556.0
2024-11-29 01:15:00+00:00,1.039,1.0508,1.0384,1.0491,855902.0
2024-11-29 01:30:00+00:00,1.0491,1.0555,1.0456,1.0533,1477720.0
2024-11-29 01:45:00+00:00,1.0533,1.0544,1.0426,1.0515,1263130.0
2024-11-29 02:00:00+00:00,1.0515,1.0627,1.0498,1.0535,2031137.0
2024-11-29 02:15:00+00:00,1.0535,1.0536,1.0427,1.0492,556631.0
2024-11-29 02:30:00+00:00,1.0492,1.0603,1.049,1.0585,428519.0
2024-11-29 02:45:00+00:00,1.0585,1.0585,1.0512,1.0543,244708.0
2024-11-29 03:00:00+00:00,1.0543,1.0628,1.0528,1.0576,570539.0
2024-11-29 03:15:00+00:00,1.0576,1.0579,1.0479,1.0558,652799.0
2024-11-29 03:30:00+00:00,1.0558,1.0609,1.0517,1.0528,503553.0
2024-11-29 03:45:00+00:00,1.0528,1.0548,1.0461,1.0498,195059.0
2024-11-29 04:00:00+00:00,1.0498,1.0565,1.0485,1.0503,322882.0
2024-11-29 04:15:00+00:00,1.0503,1.0525,1.0468,1.049,229050.0
2024-11-29 04:30:00+00:00,1.049,1.0499,1.0421,1.0455,794255.0
2024-11-29 04:45:00+00:00,1.0455,1.0501,1.0433,1.0458,207297.0
2024-11-29 05:00:00+00:00,1.0458,1.0486,1.0386,1.0404,978169.0
2024-11-29 05:15:00+00:00,1.0404,1.0415,1.0365,1.0409,331774.0
2024-11-29 05:30:00+00:00,1.0409,1.0457,1.038,1.0424,464948.0
2024-11-29 05:45:00+00:00,1.0424,1.043,1.0387,1.0392,166869.0
2024-11-29 06:00:00+00:00,1.0392,1.0477,1.0378,1.045,453969.0
2024-11-29 06:15:00+00:00,1.045,1.0525,1.0419,1.0438,980297.0
2024-11-29 06:30:00+00:00,1.0438,1.0518,1.0403,1.0516,299149.0
2024-11-29 06:45:00+00:00,1.0516,1.0612,1.0498,1.0605,1525866.0
2024-11-29 07:00:00+00:00,1.0605,1.07,1.053,1.0686,1615227.0
2024-11-29 07:15:00+00:00,1.0686,1.0791,1.0643,1.0692,2951253.0
2024-11-29 07:30:00+00:00,1.0692,1.0713,1.0563,1.0565,2609392.0
2024-11-29 07:45:00+00:00,1.0565,1.0604,1.0462,1.0468,1821576.0
2024-11-29 08:00:00+00:00,1.0468,1.0538,1.0437,1.0455,2026299.0
2024-11-29 08:15:00+00:00,1.0455,1.052,1.0447,1.0494,243728.0
2024-11-29 08:30:00+00:00,1.0494,1.0576,1.045,1.0561,1301117.0
2024-11-29 08:45:00+00:00,1.0561,1.0608,1.0536,1.057,831562.0
2024-11-29 09:00:00+00:00,1.057,1.0585,1.0495,1.0505,478502.0
2024-11-29 09:15:00+00:00,1.0505,1.0688,1.0498,1.0671,1185202.0
2024-11-29 09:30:00+00:00,1.0671,1.0671,1.0579,1.061,784674.0
2024-11-29 09:45:00+00:00,1.061,1.0615,1.0531,1.0555,781457.0
2024-11-29 10:00:00+00:00,1.0555,1.0756,1.0544,1.0744,1427218.0
2024-11-29 10:15:00+00:00,1.0744,1.0798,1.0638,1.07,2262187.0
2024-11-29 10:30:00+00:00,1.07,1.0882,1.0688,1.0836,2939338.0
2024-11-29 10:45:00+00:00,1.0836,1.085,1.0732,1.0747,1736283.0
2024-11-29 11:00:00+00:00,1.0747,1.0762,1.0666,1.0733,938088.0
2024-11-29 11:15:00+00:00,1.0733,1.075,1.0665,1.0676,1034162.0
2024-11-29 11:30:00+00:00,1.0676,1.0711,1.0596,1.0658,2488082.0
2024-11-29 11:45:00+00:00,1.0658,1.0705,1.0623,1.065,839016.0
2024-11-29 12:00:00+00:00,1.065,1.0696,1.0633,1.0643,1143166.0
2024-11-29 12:15:00+00:00,1.0643,1.069,1.0612,1.0625,771897.0
2024-11-29 12:30:00+00:00,1.0625,1.0644,1.0562,1.063,1839132.0
2024-11-29 12:45:00+00:00,1.063,1.0676,1.0619,1.0637,571054.0
2024-11-29 13:00:00+00:00,1.0637,1.0653,1.0598,1.0609,386127.0
2024-11-29 13:15:00+00:00,1.0609,1.0656,1.0549,1.0608,1096514.0
2024-11-29 13:30:00+00:00,1.0608,1.0661,1.06,1.0607,732341.0
2024-11-29 13:45:00+00:00,1.0607,1.0649,1.058,1.0626,692495.0
2024-11-29 14:00:00+00:00,1.0626,1.0668,1.0595,1.0652,1447604.0
2024-11-29 14:15:00+00:00,1.0652,1.0709,1.0624,1.0692,1223341.0
2024-11-29 14:30:00+00:00,1.0692,1.0692,1.0607,1.0684,1452334.0
2024-11-29 14:45:00+00:00,1.0684,1.0799,1.0684,1.0797,1756441.0
2024-11-29 15:00:00+00:00,1.0797,1.0977,1.0751,1.0956,4136932.0
2024-11-29 15:15:00+00:00,1.0956,1.1,1.0851,1.0862,4502397.0
2024-11-29 15:30:00+00:00,1.0862,1.0887,1.0668,1.0785,3926750.0
2024-11-29 15:45:00+00:00,1.0785,1.0896,1.074,1.0752,1676594.0
2024-11-29 16:00:00+00:00,1.0752,1.083,1.0628,1.0639,3042050.0
2024-11-29 16:15:00+00:00,1.0639,1.0643,1.0524,1.0579,3378141.0
2024-11-29 16:30:00+00:00,1.0579,1.0647,1.0548,1.0599,1112747.0
2024-11-29 16:45:00+00:00,1.0599,1.0607,1.0544,1.056,539432.0
2024-11-29 17:00:00+00:00,1.056,1.0565,1.0439,1.0472,2222128.0
2024-11-29 17:15:00+00:00,1.0472,1.0515,1.0445,1.048,765295.0
2024-11-29 17:30:00+00:00,1.048,1.0544,1.0465,1.0526,1035456.0
2024-11-29 17:45:00+00:00,1.0526,1.0563,1.0463,1.0463,649325.0
2024-11-29 18:00:00+00:00,1.0463,1.0498,1.0408,1.0463,1108161.0
2024-11-29 18:15:00+00:00,1.0463,1.0471,1.0409,1.0442,659048.0
2024-11-29 18:30:00+00:00,1.0442,1.0503,1.0415,1.0474,661220.0
2024-11-29 18:45:00+00:00,1.0474,1.051,1.0441,1.0462,353147.0
2024-11-29 19:00:00+00:00,1.0462,1.0463,1.0377,1.0446,827876.0
2024-11-29 19:15:00+00:00,1.0446,1.0504,1.0433,1.0502,255353.0
2024-11-29 19:30:00+00:00,1.0502,1.0537,1.0459,1.0475,961772.0
2024-11-29 19:45:00+00:00,1.0475,1.0519,1.0474,1.0519,497930.0
2024-11-29 20:00:00+00:00,1.0519,1.0564,1.0489,1.0564,251744.0
2024-11-29 20:15:00+00:00,1.0564,1.0633,1.0547,1.0569,1123494.0
2024-11-29 20:30:00+00:00,1.0569,1.0576,1.0501,1.0505,997371.0
2024-11-29 20:45:00+00:00,1.0505,1.0524,1.0447,1.0465,663151.0
2024-11-29 21:00:00+00:00,1.0465,1.0537,1.0456,1.0485,396771.0
2024-11-29 21:15:00+00:00,1.0485,1.0503,1.0448,1.0498,374742.0
2024-11-29 21:30:00+00:00,1.0498,1.0554,1.0492,1.0545,575437.0
2024-11-29 21:45:00+00:00,1.0545,1.0591,1.053,1.054,888033.0
2024-11-29 22:00:00+00:00,1.054,1.0582,1.0532,1.0553,431517.0
2024-11-29 22:15:00+00:00,1.0553,1.0562,1.0518,1.0545,174734.0
2024-11-29 22:30:00+00:00,1.0545,1.0589,1.0534,1.0573,447631.0
2024-11-29 22:45:00+00:00,1.0573,1.0604,1.0546,1.0579,609673.0
2024-11-29 23:00:00+00:00,1.0579,1.0692,1.0574,1.0682,1031895.0
2024-11-29 23:15:00+00:00,1.0682,1.0685,1.0593,1.0606,1436144.0
2024-11-29 23:30:00+00:00,1.0606,1.0727,1.0606,1.0725,971525.0
2024-11-29 23:45:00+00:00,1.0725,1.0866,1.0708,1.0762,2795433.0
2024-11-30 00:00:00+00:00,1.0762,1.0891,1.0669,1.0813,3801304.0
2024-11-30 00:15:00+00:00,1.0813,1.0857,1.067,1.0681,1933416.0
2024-11-30 00:30:00+00:00,1.0681,1.0724,1.0521,1.0549,2516532.0
2024-11-30 00:45:00+00:00,1.0549,1.0648,1.0512,1.0596,909219.0
2024-11-30 01:00:00+00:00,1.0596,1.0644,1.0514,1.0633,809898.0
2024-11-30 01:15:00+00:00,1.0633,1.0711,1.0575,1.0681,990406.0
2024-11-30 01:30:00+00:00,1.0681,1.0899,1.0677,1.0769,2072620.0
2024-11-30 01:45:00+00:00,1.0769,1.0786,1.0701,1.0718,797280.0
2024-11-30 02:00:00+00:00,1.0718,1.0757,1.0664,1.0693,748124.0
2024-11-30 02:15:00+00:00,1.0693,1.0709,1.0629,1.065,549864.0
2024-11-30 02:30:00+00:00,1.065,1.0668,1.0559,1.059,866924.0
2024-11-30 02:45:00+00:00,1.059,1.0666,1.0559,1.0649,831086.0
2024-11-30 03:00:00+00:00,1.0649,1.0726,1.0647,1.0681,559005.0
2024-11-30 03:15:00+00:00,1.0681,1.0691,1.0616,1.0666,320560.0
2024-11-30 03:30:00+00:00,1.0666,1.0678,1.0559,1.0662,628472.0
2024-11-30 03:45:00+00:00,1.0662,1.0719,1.0653,1.0698,391642.0
2024-11-30 04:00:00+00:00,1.0698,1.0705,1.0616,1.0621,430934.0
2024-11-30 04:15:00+00:00,1.0621,1.0695,1.0607,1.067,377579.0
2024-11-30 04:30:00+00:00,1.067,1.0707,1.0637,1.067,443949.0
2024-11-30 04:45:00+00:00,1.067,1.0701,1.0632,1.064,284236.0
2024-11-30 05:00:00+00:00,1.064,1.0705,1.0622,1.0701,305418.0
2024-11-30 05:15:00+00:00,1.0701,1.0883,1.0701,1.0869,2578839.0
2024-11-30 05:30:00+00:00,1.0869,1.0907,1.0747,1.0813,1511798.0
2024-11-30 05:45:00+00:00,1.0813,1.0822,1.0772,1.08,1048306.0
2024-11-30 06:00:00+00:00,1.08,1.0896,1.0777,1.0864,1061566.0
2024-11-30 06:15:00+00:00,1.0864,1.1037,1.0809,1.1,2552162.0
2024-11-30 06:30:00+00:00,1.1,1.1225,1.099,1.1152,3393537.0
2024-11-30 06:45:00+00:00,1.1152,1.1169,1.0969,1.0989,3105721.0
2024-11-30 07:00:00+00:00,1.0989,1.1164,1.0945,1.1155,1296610.0
2024-11-30 07:15:00+00:00,1.1155,1.1388,1.1138,1.129,2795216.0
2024-11-30 07:30:00+00:00,1.129,1.1452,1.1268,1.1432,2019068.0
2024-11-30 07:45:00+00:00,1.1432,1.1468,1.1281,1.1299,3318168.0
2024-11-30 08:00:00+00:00,1.1299,1.1517,1.1299,1.1409,4078537.0
2024-11-30 08:15:00+00:00,1.1409,1.1439,1.1216,1.1282,2226051.0
2024-11-30 08:30:00+00:00,1.1282,1.1315,1.1158,1.1268,1417579.0
2024-11-30 08:45:00+00:00,1.1268,1.1303,1.1159,1.1198,882392.0
2024-11-30 09:00:00+00:00,1.1198,1.122,1.1111,1.1164,1120635.0
2024-11-30 09:15:00+00:00,1.1164,1.1195,1.1124,1.1141,684216.0
2024-11-30 09:30:00+00:00,1.1141,1.1145,1.1021,1.1046,1589370.0
2024-11-30 09:45:00+00:00,1.1046,1.1093,1.1039,1.108,1063646.0
2024-11-30 10:00:00+00:00,1.108,1.1082,1.0935,1.0977,3159779.0
2024-11-30 10:15:00+00:00,1.0977,1.0996,1.0811,1.0832,3489267.0
2024-11-30 10:30:00+00:00,1.0832,1.0907,1.0808,1.0829,2078800.0
2024-11-30 10:45:00+00:00,1.0829,1.0884,1.0787,1.0844,2182679.0
2024-11-30 11:00:00+00:00,1.0844,1.0914,1.0806,1.0861,950112.0
2024-11-30 11:15:00+00:00,1.0861,1.096,1.0855,1.0934,1817300.0
2024-11-30 11:30:00+00:00,1.0934,1.0961,1.09,1.0919,1366670.0
2024-11-30 11:45:00+00:00,1.0919,1.0963,1.0917,1.0959,275913.0
2024-11-30 12:00:00+00:00,1.0959,1.096,1.0865,1.0876,580702.0
2024-11-30 12:15:00+00:00,1.0876,1.0955,1.0864,1.0928,536803.0
2024-11-30 12:30:00+00:00,1.0928,1.0958,1.0865,1.089,374783.0
2024-11-30 12:45:00+00:00,1.089,1.0896,1.0729,1.0819,2114813.0
2024-11-30 13:00:00+00:00,1.0819,1.0853,1.078,1.0829,697393.0
2024-11-30 13:15:00+00:00,1.0829,1.084,1.073,1.0817,864862.0
2024-11-30 13:30:00+00:00,1.0817,1.0829,1.0775,1.081,439625.0
2024-11-30 13:45:00+00:00,1.081,1.0833,1.0723,1.0759,845874.0
2024-11-30 14:00:00+00:00,1.0759,1.0862,1.0745,1.0844,1601385.0
2024-11-30 14:15:00+00:00,1.0844,1.0912,1.0834,1.0887,2175078.0
2024-11-30 14:30:00+00:00,1.0887,1.09,1.0855,1.0867,331112.0
2024-11-30 14:45:00+00:00,1.0867,1.0885,1.0768,1.0793,605949.0
2024-11-30 15:00:00+00:00,1.0793,1.0857,1.0757,1.0844,1304758.0
2024-12-08 23:00:00+00:00,1.1924,1.1926,1.1882,1.1924,510451.0
2024-12-08 23:15:00+00:00,1.1924,1.195,1.1895,1.1919,345462.0
2024-12-08 23:30:00+00:00,1.1919,1.1932,1.1897,1.1905,1063585.0
2024-12-08 23:45:00+00:00,1.1905,1.1998,1.1888,1.1949,1079044.0
2024-12-09 00:00:00+00:00,1.1949,1.1949,1.1845,1.1908,711308.0
2024-12-09 00:15:00+00:00,1.1908,1.1908,1.1768,1.1794,878294.0
2024-12-09 00:30:00+00:00,1.1794,1.181,1.1656,1.1691,2443725.0
2024-12-09 00:45:00+00:00,1.1691,1.1777,1.1688,1.174,551568.0
2024-12-09 01:00:00+00:00,1.174,1.1823,1.1737,1.1762,302776.0
2024-12-09 01:15:00+00:00,1.1762,1.1817,1.1721,1.1817,303418.0
2024-12-09 01:30:00+00:00,1.1817,1.1832,1.1721,1.1746,393072.0
2024-12-09 01:45:00+00:00,1.1746,1.1747,1.1665,1.1687,588847.0
2024-12-09 02:00:00+00:00,1.1687,1.1743,1.1623,1.1734,1938039.0
2024-12-09 02:15:00+00:00,1.1734,1.1736,1.1646,1.1652,169504.0
2024-12-09 02:30:00+00:00,1.1652,1.168,1.1607,1.1634,567730.0
2024-12-09 02:45:00+00:00,1.1634,1.1687,1.1606,1.1671,369699.0
2024-12-09 03:00:00+00:00,1.1671,1.1724,1.1658,1.1691,674970.0
2024-12-09 03:15:00+00:00,1.1691,1.1712,1.1625,1.1653,233797.0
2024-12-09 03:30:00+00:00,1.1653,1.1666,1.1565,1.1602,782452.0
2024-12-09 03:45:00+00:00,1.1602,1.1646,1.1506,1.1646,2256559.0
2024-12-09 04:00:00+00:00,1.1646,1.1705,1.1619,1.1664,1060743.0
2024-12-09 04:15:00+00:00,1.1664,1.1674,1.1548,1.1596,461469.0
2024-12-09 04:30:00+00:00,1.1596,1.1631,1.1572,1.163,703497.0
2024-12-09 04:45:00+00:00,1.163,1.1678,1.1619,1.1674,944351.0
2024-12-09 05:00:00+00:00,1.1674,1.172,1.1672,1.1711,268823.0
2024-12-09 05:15:00+00:00,1.1711,1.1713,1.1688,1.1706,105343.0
2024-12-09 05:30:00+00:00,1.1706,1.1735,1.1693,1.1735,413120.0
2024-12-09 05:45:00+00:00,1.1735,1.18,1.1733,1.177,523018.0
2024-12-09 06:00:00+00:00,1.177,1.1786,1.167,1.1673,507340.0
2024-12-09 06:15:00+00:00,1.1673,1.1688,1.1552,1.1552,668288.0
2024-12-09 06:30:00+00:00,1.1552,1.1615,1.1528,1.1608,1351562.0
2024-12-09 06:45:00+00:00,1.1608,1.1636,1.1551,1.1551,1676916.0
2024-12-09 07:00:00+00:00,1.1551,1.1553,1.1418,1.1449,2447675.0
2024-12-09 07:15:00+00:00,1.1449,1.1506,1.1401,1.1445,930996.0
2024-12-09 07:30:00+00:00,1.1445,1.1603,1.1417,1.1597,1329171.0
2024-12-09 07:45:00+00:00,1.1597,1.1646,1.1573,1.1581,658728.0
2024-12-09 08:00:00+00:00,1.1581,1.1581,1.1462,1.1546,748960.0
2024-12-09 08:15:00+00:00,1.1546,1.1546,1.1429,1.144,601733.0
2024-12-09 08:30:00+00:00,1.144,1.1448,1.1268,1.141,3082666.0
2024-12-09 08:45:00+00:00,1.141,1.141,1.1195,1.1234,2533112.0
2024-12-09 09:00:00+00:00,1.1234,1.1368,1.1205,1.1364,923621.0
2024-12-09 09:15:00+00:00,1.1364,1.1371,1.113,1.1172,2978569.0
2024-12-09 09:30:00+00:00,1.1172,1.1259,1.1083,1.1232,3330154.0
2024-12-09 09:45:00+00:00,1.1232,1.1276,1.1193,1.1226,832578.0
2024-12-09 10:00:00+00:00,1.1226,1.1342,1.122,1.1302,773073.0
2024-12-09 10:15:00+00:00,1.1302,1.1313,1.1207,1.1233,859395.0
2024-12-09 10:30:00+00:00,1.1233,1.1314,1.1227,1.1268,489571.0
2024-12-09 10:45:00+00:00,1.1268,1.1346,1.1213,1.1328,542869.0
2024-12-09 11:00:00+00:00,1.1328,1.1331,1.1189,1.1248,806437.0
2024-12-09 11:15:00+00:00,1.1248,1.1274,1.1144,1.116,2030318.0
2024-12-09 11:30:00+00:00,1.116,1.1222,1.112,1.1129,468603.0
2024-12-09 11:45:00+00:00,1.1129,1.1151,1.0985,1.1042,4755138.0
2024-12-09 12:00:00+00:00,1.1042,1.1152,1.0941,1.1088,3025631.0
2024-12-09 12:15:00+00:00,1.1088,1.1188,1.1033,1.1179,884424.0
2024-12-09 12:30:00+00:00,1.1179,1.119,1.1062,1.1101,631163.0
2024-12-09 12:45:00+00:00,1.1101,1.118,1.1029,1.1175,521253.0
2024-12-09 13:00:00+00:00,1.1175,1.1207,1.1102,1.1201,1211307.0
2024-12-09 13:15:00+00:00,1.1201,1.1358,1.1194,1.1345,1855754.0
2024-12-09 13:30:00+00:00,1.1345,1.1389,1.1302,1.1353,1461893.0
2024-12-09 13:45:00+00:00,1.1353,1.1413,1.1343,1.138,872197.0
2024-12-09 14:00:00+00:00,1.138,1.1402,1.131,1.1358,952320.0
2024-12-09 14:15:00+00:00,1.1358,1.1371,1.1255,1.1285,1017249.0
2024-12-09 14:30:00+00:00,1.1285,1.1391,1.124,1.1361,856475.0
2024-12-09 14:45:00+00:00,1.1361,1.1513,1.1361,1.147,1465510.0
2024-12-09 15:00:00+00:00,1.147,1.1518,1.1302,1.1302,1886051.0
2024-12-09 15:15:00+00:00,1.1302,1.1323,1.1171,1.1223,1564994.0
2024-12-09 15:30:00+00:00,1.1223,1.1277,1.1109,1.1158,1710708.0
2024-12-09 15:45:00+00:00,1.1158,1.1199,1.1097,1.1156,1047356.0
2024-12-09 16:00:00+00:00,1.1156,1.1261,1.1105,1.1238,690563.0
2024-12-09 16:15:00+00:00,1.1238,1.1242,1.1158,1.123,749341.0
2024-12-09 16:30:00+00:00,1.123,1.1269,1.1179,1.1268,356213.0
2024-12-09 16:45:00+00:00,1.1268,1.1326,1.1224,1.1224,475255.0
2024-12-09 17:00:00+00:00,1.1224,1.1341,1.1184,1.1307,321062.0
2024-12-09 17:15:00+00:00,1.1307,1.1311,1.1241,1.1303,479138.0
2024-12-09 17:30:00+00:00,1.1303,1.1335,1.1212,1.1252,625529.0
2024-12-09 17:45:00+00:00,1.1252,1.1282,1.1159,1.1159,372763.0
2024-12-09 18:00:00+00:00,1.1159,1.1238,1.1157,1.1215,170090.0
2024-12-09 18:15:00+00:00,1.1215,1.1257,1.12,1.1253,209728.0
2024-12-09 18:30:00+00:00,1.1253,1.1274,1.1151,1.1181,277856.0
2024-12-09 18:45:00+00:00,1.1181,1.1216,1.1164,1.1168,166778.0
2024-12-09 19:00:00+00:00,1.1168,1.1168,1.1069,1.1091,1135191.0
2024-12-09 19:15:00+00:00,1.1091,1.12,1.109,1.1181,1431246.0
2024-12-09 19:30:00+00:00,1.1181,1.1184,1.1124,1.118,216644.0
2024-12-09 19:45:00+00:00,1.118,1.1186,1.1063,1.1072,366118.0
2024-12-09 20:00:00+00:00,1.1072,1.11,1.0953,1.0971,3174644.0
2024-12-09 20:15:00+00:00,1.0971,1.1038,1.0711,1.0773,10014051.0
2024-12-09 20:30:00+00:00,1.0773,1.0916,1.0561,1.0662,5423352.0
2024-12-09 20:45:00+00:00,1.0662,1.0672,1.0308,1.0444,12604496.0
2024-12-09 21:00:00+00:00,1.0444,1.0453,0.8952,1.0152,46940943.0
2024-12-09 21:15:00+00:00,1.0152,1.0452,1.0141,1.0309,5376393.0
2024-12-09 21:30:00+00:00,1.0309,1.0427,1.0173,1.0226,3559411.0
2024-12-09 21:45:00+00:00,1.0226,1.0229,0.9951,0.9983,8664556.0
2024-12-09 22:00:00+00:00,0.9983,1.0042,0.9566,0.9688,9884990.0
2024-12-09 22:15:00+00:00,0.9688,0.9925,0.9184,0.9919,4978032.0
2024-12-09 22:30:00+00:00,0.9919,1.0043,0.9788,0.9854,3390819.0
2024-12-09 22:45:00+00:00,0.9854,1.0169,0.9854,1.015,2455288.0
2024-12-09 23:00:00+00:00,1.015,1.0167,0.994,1.0086,1949988.0
2024-12-09 23:15:00+00:00,1.0086,1.0122,1.0019,1.0095,901170.0
2024-12-09 23:30:00+00:00,1.0095,1.0126,0.9988,1.0106,917905.0
2024-12-09 23:45:00+00:00,1.0106,1.0131,1.0029,1.0036,838809.0
2024-12-10 00:00:00+00:00,1.0036,1.0038,0.9762,0.9946,2929867.0
2024-12-10 00:15:00+00:00,0.9946,1.0214,0.9876,1.0208,1770810.0
2024-12-10 00:30:00+00:00,1.0208,1.0365,1.0188,1.0282,1893622.0
2024-12-10 00:45:00+00:00,1.0282,1.0359,1.0195,1.0255,1354550.0
2024-12-10 01:00:00+00:00,1.0255,1.0314,1.0141,1.0142,790393.0
2024-12-10 01:15:00+00:00,1.0142,1.0223,1.0097,1.0133,880800.0
2024-12-10 01:30:00+00:00,1.0133,1.0153,1.0002,1.0124,1767241.0
2024-12-10 01:45:00+00:00,1.0124,1.0249,1.0124,1.024,1355164.0
2024-12-10 02:00:00+00:00,1.024,1.024,1.0071,1.0126,1736186.0
2024-12-10 02:15:00+00:00,1.0126,1.0165,0.9969,0.9997,1514718.0
2024-12-10 02:30:00+00:00,0.9997,1.0025,0.9916,1.0014,723981.0
2024-12-10 02:45:00+00:00,1.0014,1.0068,0.9813,0.9818,1102089.0
2024-12-10 03:00:00+00:00,0.9818,0.989,0.9583,0.9586,1907084.0
2024-12-10 03:15:00+00:00,0.9586,0.9762,0.9439,0.9584,3812900.0
2024-12-10 03:30:00+00:00,0.9584,0.9799,0.9569,0.9773,2361337.0
2024-12-10 03:45:00+00:00,0.9773,0.994,0.9739,0.9919,2457019.0
2024-12-10 04:00:00+00:00,0.9919,0.9919,0.973,0.9747,2421288.0
2024-12-10 04:15:00+00:00,0.9747,0.9837,0.9644,0.9804,1366298.0
2024-12-10 04:30:00+00:00,0.9804,0.9977,0.978,0.9969,911337.0
2024-12-10 04:45:00+00:00,0.9969,1.0094,0.9843,1.0072,1201499.0
2024-12-10 05:00:00+00:00,1.0072,1.0171,1.0004,1.0123,1027789.0
2024-12-10 05:15:00+00:00,1.0123,1.0131,0.9998,1.0024,1404535.0
2024-12-10 05:30:00+00:00,1.0024,1.0115,0.9973,0.999,462109.0
2024-12-10 05:45:00+00:00,0.999,1.0095,0.9965,1.0075,536006.0
2024-12-10 06:00:00+00:00,1.0075,1.0138,0.9994,1.01,1100351.0
2024-12-10 06:15:00+00:00,1.01,1.0169,1.0064,1.0166,425485.0
2024-12-10 06:30:00+00:00,1.0166,1.0237,1.0132,1.0161,686521.0
2024-12-10 06:45:00+00:00,1.0161,1.0182,1.01,1.0131,554717.0
2024-12-10 07:00:00+00:00,1.0131,1.0131,1.0045,1.005,1022524.0
2024-12-10 07:15:00+00:00,1.005,1.0098,1.002,1.0077,445681.0
2024-12-10 07:30:00+00:00,1.0077,1.0108,1.0045,1.0079,133323.0
2024-12-10 07:45:00+00:00,1.0079,1.016,1.0077,1.0159,638952.0
2024-12-10 08:00:00+00:00,1.0159,1.0159,1.0005,1.0023,581882.0
2024-12-10 08:15:00+00:00,1.0023,1.0175,0.9991,1.0113,816355.0
2024-12-10 08:30:00+00:00,1.0113,1.0148,1.0024,1.0066,810533.0
2024-12-10 08:45:00+00:00,1.0066,1.0171,1.0066,1.0127,720487.0
2024-12-10 09:00:00+00:00,1.0127,1.0245,1.0085,1.0243,435555.0
2024-12-10 09:15:00+00:00,1.0243,1.0257,1.0116,1.0137,763170.0
2024-12-10 09:30:00+00:00,1.0137,1.0209,1.011,1.012,782790.0
2024-12-10 09:45:00+00:00,1.012,1.0168,1.0069,1.0167,308570.0
2024-12-10 10:00:00+00:00,1.0167,1.0327,1.016,1.0318,581968.0
2024-12-10 10:15:00+00:00,1.0318,1.0383,1.0269,1.0269,1030688.0
2024-12-10 10:30:00+00:00,1.0269,1.0383,1.0269,1.0329,1429323.0
2024-12-10 10:45:00+00:00,1.0329,1.0342,1.0261,1.0279,366239.0
2024-12-10 11:00:00+00:00,1.0279,1.0279,1.0209,1.0216,554419.0
2024-12-10 11:15:00+00:00,1.0216,1.0272,1.0177,1.0269,374630.0
2024-12-10 11:30:00+00:00,1.0269,1.027,1.0121,1.0149,1223902.0
2024-12-10 11:45:00+00:00,1.0149,1.0243,1.0138,1.0191,1135935.0
2024-12-10 12:00:00+00:00,1.0191,1.0224,1.009,1.0103,973510.0
2024-12-10 12:15:00+00:00,1.0103,1.0134,0.9998,1.0004,1660857.0
2024-12-10 12:30:00+00:00,1.0004,1.0054,0.9818,0.9845,3730380.0
2024-12-10 12:45:00+00:00,0.9845,0.9883,0.9698,0.9759,2409473.0
2024-12-10 13:00:00+00:00,0.9759,0.9959,0.9744,0.9905,2060666.0
2024-12-10 13:15:00+00:00,0.9905,0.9923,0.9803,0.9814,937008.0
2024-12-10 13:30:00+00:00,0.9814,1.0005,0.9814,0.9993,595286.0
2024-12-10 13:45:00+00:00,0.9993,1.0042,0.9904,0.9959,657525.0
2024-12-10 14:00:00+00:00,0.9959,1.0125,0.9956,1.0041,852628.0
2024-12-10 14:15:00+00:00,1.0041,1.0104,1.0026,1.0096,746295.0
2024-12-10 14:30:00+00:00,1.0096,1.0173,0.9923,1.0117,1821181.0
2024-12-10 14:45:00+00:00,1.0117,1.023,0.9999,1.0097,1826504.0
2024-12-10 15:00:00+00:00,1.0097,1.0152,1.0011,1.0014,944259.0
2024-12-10 15:15:00+00:00,1.0014,1.0034,0.9816,0.9817,2952498.0
2024-12-10 15:30:00+00:00,0.9817,0.9901,0.9605,0.9686,3554458.0
2024-12-10 15:45:00+00:00,0.9686,0.9771,0.9473,0.9483,2440804.0
2024-12-10 16:00:00+00:00,0.9483,0.9616,0.9348,0.9472,4974361.0
2024-12-10 16:15:00+00:00,0.9472,0.9618,0.9384,0.9493,1866379.0
2024-12-10 16:30:00+00:00,0.9493,0.9505,0.9266,0.9291,2023429.0
2024-12-10 16:45:00+00:00,0.9291,0.9725,0.9279,0.9699,2997539.0
2024-12-10 17:00:00+00:00,0.9699,0.9699,0.9483,0.9562,1657170.0
2024-12-10 17:15:00+00:00,0.9562,0.9572,0.93,0.9313,1510280.0
2024-12-10 17:30:00+00:00,0.9313,0.9366,0.9233,0.9295,1168097.0
2024-12-10 17:45:00+00:00,0.9295,0.9402,0.9141,0.9141,2594135.0
2024-12-10 18:00:00+00:00,0.9141,0.9269,0.9096,0.9202,2335475.0
2024-12-10 18:15:00+00:00,0.9202,0.9442,0.9202,0.9345,2872775.0
2024-12-10 18:30:00+00:00,0.9345,0.9558,0.933,0.9504,1279099.0
2024-12-10 18:45:00+00:00,0.9504,0.9552,0.9449,0.9469,643659.0
2024-12-10 19:00:00+00:00,0.9469,0.9611,0.9462,0.9562,1075230.0
2024-12-10 19:15:00+00:00,0.9562,0.9648,0.9492,0.9588,1185162.0
2024-12-10 19:30:00+00:00,0.9588,0.9636,0.9524,0.9616,755335.0
2024-12-10 19:45:00+00:00,0.9616,0.9674,0.9535,0.965,677383.0
2024-12-10 20:00:00+00:00,0.965,0.974,0.9597,0.9653,673901.0
2024-12-10 20:15:00+00:00,0.9653,0.9752,0.964,0.9747,541739.0
2024-12-10 20:30:00+00:00,0.9747,0.9831,0.9714,0.9824,907539.0
2024-12-10 20:45:00+00:00,0.9824,0.9874,0.9755,0.9859,832440.0
2024-12-10 21:00:00+00:00,0.9859,1.0214,0.9836,1.0185,3628283.0
2024-12-10 21:15:00+00:00,1.0185,1.0185,0.9959,1.0093,2879633.0
2024-12-10 21:30:00+00:00,1.0093,1.0171,1.0054,1.0078,1108640.0
2024-12-10 21:45:00+00:00,1.0078,1.011,0.9986,1.0093,1144966.0
2024-12-10 22:00:00+00:00,1.0093,1.0118,1.0001,1.005,800878.0
2024-12-10 22:15:00+00:00,1.005,1.0098,0.9985,1.0098,466308.0
2024-12-10 22:30:00+00:00,1.0098,1.0194,1.0085,1.0092,1316108.0
2024-12-10 22:45:00+00:00,1.0092,1.0167,1.0091,1.015,219541.0
2024-12-10 23:00:00+00:00,1.015,1.0217,1.0135,1.0186,619306.0
2024-12-10 23:15:00+00:00,1.0186,1.028,1.0186,1.0242,543003.0
2024-12-10 23:30:00+00:00,1.0242,1.0266,1.0156,1.0172,305006.0
2024-12-10 23:45:00+00:00,1.0172,1.0234,1.0128,1.0213,517152.0
2024-12-11 00:00:00+00:00,1.0213,1.0255,1.0125,1.013,696118.0
2024-12-11 00:15:00+00:00,1.013,1.014,1.003,1.0078,967690.0
2024-12-11 00:30:00+00:00,1.0078,1.0118,0.9912,0.9928,1170901.0
2024-12-11 00:45:00+00:00,0.9928,1.0071,0.9916,1.0009,734930.0
2024-12-19 08:45:00+00:00,0.9674,0.9719,0.963,0.9642,973886.0
2024-12-19 09:00:00+00:00,0.9642,0.9717,0.9634,0.9713,356789.0
2024-12-19 09:15:00+00:00,0.9713,0.9761,0.9648,0.9691,1291012.0
2024-12-19 09:30:00+00:00,0.9691,0.9752,0.9683,0.972,832085.0
2024-12-19 09:45:00+00:00,0.972,0.9768,0.9716,0.9754,342773.0
2024-12-19 10:00:00+00:00,0.9754,0.9796,0.9724,0.9736,287472.0
2024-12-19 10:15:00+00:00,0.9736,0.9835,0.9736,0.9787,671376.0
2024-12-19 10:30:00+00:00,0.9787,0.9875,0.978,0.9875,790300.0
2024-12-19 10:45:00+00:00,0.9875,0.989,0.9831,0.9835,783227.0
2024-12-19 11:00:00+00:00,0.9835,0.9849,0.9786,0.9796,784957.0
2024-12-19 11:15:00+00:00,0.9796,0.9889,0.9796,0.9872,687772.0
2024-12-19 11:30:00+00:00,0.9872,0.9875,0.9826,0.9835,627338.0
2024-12-19 11:45:00+00:00,0.9835,0.9886,0.9816,0.9854,362422.0
2024-12-19 12:00:00+00:00,0.9854,0.9868,0.9814,0.9832,200726.0
2024-12-19 12:15:00+00:00,0.9832,0.9834,0.9757,0.9783,406793.0
2024-12-19 12:30:00+00:00,0.9783,0.9783,0.9687,0.969,263540.0
2024-12-19 12:45:00+00:00,0.969,0.9732,0.9644,0.9664,442836.0
2024-12-19 13:00:00+00:00,0.9664,0.9723,0.964,0.9704,547067.0
2024-12-19 13:15:00+00:00,0.9704,0.9712,0.9651,0.9698,293736.0
2024-12-19 13:30:00+00:00,0.9698,0.9706,0.9551,0.9588,732353.0
2024-12-19 13:45:00+00:00,0.9588,0.9653,0.9586,0.9612,729140.0
2024-12-19 14:00:00+00:00,0.9612,0.9697,0.9597,0.9653,1169074.0
2024-12-19 14:15:00+00:00,0.9653,0.9681,0.9585,0.9674,333913.0
2024-12-19 14:30:00+00:00,0.9674,0.975,0.9583,0.9589,1817717.0
2024-12-19 14:45:00+00:00,0.9589,0.9591,0.9462,0.95,3786988.0
2024-12-19 15:00:00+00:00,0.95,0.9507,0.9352,0.9382,2647792.0
2024-12-19 15:15:00+00:00,0.9382,0.9396,0.9232,0.9251,2479982.0
2024-12-19 15:30:00+00:00,0.9251,0.9368,0.9211,0.9368,1767829.0
2024-12-19 15:45:00+00:00,0.9368,0.945,0.9305,0.9431,1461596.0
2024-12-19 16:00:00+00:00,0.9431,0.9431,0.9313,0.9419,546879.0
2024-12-19 16:15:00+00:00,0.9419,0.9444,0.935,0.938,339810.0
2024-12-19 16:30:00+00:00,0.938,0.9493,0.9346,0.9455,726054.0
2024-12-19 16:45:00+00:00,0.9455,0.9503,0.9435,0.9495,474932.0
2024-12-19 17:00:00+00:00,0.9495,0.9502,0.9458,0.9474,441914.0
2024-12-19 17:15:00+00:00,0.9474,0.9474,0.9271,0.9307,880871.0
2024-12-19 17:30:00+00:00,0.9307,0.9314,0.9152,0.9174,2350955.0
2024-12-19 17:45:00+00:00,0.9174,0.9196,0.8831,0.9048,12735655.0
2024-12-19 18:00:00+00:00,0.9048,0.9057,0.882,0.8889,4794653.0
2024-12-19 18:15:00+00:00,0.8889,0.9011,0.8685,0.9002,4110802.0
2024-12-19 18:30:00+00:00,0.9002,0.9004,0.8804,0.8831,1335624.0
2024-12-19 18:45:00+00:00,0.8831,0.8987,0.8801,0.8974,1704286.0
2024-12-19 19:00:00+00:00,0.8974,0.9016,0.8898,0.8923,751171.0
2024-12-19 19:15:00+00:00,0.8923,0.8923,0.8823,0.8831,1205696.0
2024-12-19 19:30:00+00:00,0.8831,0.8837,0.8654,0.8727,2958156.0
2024-12-19 19:45:00+00:00,0.8727,0.8774,0.8571,0.8764,3894234.0
2024-12-19 20:00:00+00:00,0.8764,0.8795,0.8481,0.855,3779841.0
2024-12-19 20:15:00+00:00,0.855,0.8734,0.8464,0.866,2531749.0
2024-12-19 20:30:00+00:00,0.866,0.8799,0.8611,0.8789,1889778.0
2024-12-19 20:45:00+00:00,0.8789,0.883,0.8704,0.8788,1671371.0
2024-12-19 21:00:00+00:00,0.8788,0.8896,0.8713,0.8841,1871475.0
2024-12-19 21:15:00+00:00,0.8841,0.8941,0.8797,0.8906,1155214.0
2024-12-19 21:30:00+00:00,0.8906,0.8978,0.8865,0.8971,1355880.0
2024-12-19 21:45:00+00:00,0.8971,0.8994,0.8893,0.8899,2810758.0
2024-12-19 22:00:00+00:00,0.8899,0.8954,0.8892,0.8953,508980.0
2024-12-19 22:15:00+00:00,0.8953,0.9001,0.8937,0.8938,493166.0
2024-12-19 22:30:00+00:00,0.8938,0.8942,0.8899,0.894,402666.0
2024-12-19 22:45:00+00:00,0.894,0.9013,0.8934,0.9001,494385.0
2024-12-19 23:00:00+00:00,0.9001,0.9001,0.8896,0.8928,747882.0
2024-12-19 23:15:00+00:00,0.8928,0.8937,0.8841,0.8877,973231.0
2024-12-19 23:30:00+00:00,0.8877,0.8897,0.8828,0.8889,599040.0
2024-12-19 23:45:00+00:00,0.8889,0.8914,0.8799,0.8804,545539.0
2024-12-20 00:00:00+00:00,0.8804,0.8842,0.8737,0.8739,1180224.0
2024-12-20 00:15:00+00:00,0.8739,0.8851,0.8684,0.8845,1524903.0
2024-12-20 00:30:00+00:00,0.8845,0.8913,0.8838,0.8906,851324.0
2024-12-20 00:45:00+00:00,0.8906,0.8929,0.8839,0.8867,760411.0
2024-12-20 01:00:00+00:00,0.8867,0.8909,0.879,0.8828,1299287.0
2024-12-20 01:15:00+00:00,0.8828,0.8912,0.8784,0.8862,636067.0
2024-12-20 01:30:00+00:00,0.8862,0.8929,0.8806,0.8848,321421.0
2024-12-20 01:45:00+00:00,0.8848,0.8912,0.8848,0.888,295104.0
2024-12-20 02:00:00+00:00,0.888,0.8991,0.8873,0.8983,667565.0
2024-12-20 02:15:00+00:00,0.8983,0.9067,0.8929,0.9065,494634.0
2024-12-20 02:30:00+00:00,0.9065,0.9181,0.9057,0.9173,2014738.0
2024-12-20 02:45:00+00:00,0.9173,0.9181,0.9126,0.9149,432513.0
2024-12-20 03:00:00+00:00,0.9149,0.9159,0.908,0.9119,241075.0
2024-12-20 03:15:00+00:00,0.9119,0.9161,0.9089,0.9094,247433.0
2024-12-20 03:30:00+00:00,0.9094,0.9095,0.9023,0.9032,976123.0
2024-12-20 03:45:00+00:00,0.9032,0.9086,0.9027,0.9037,400918.0
2024-12-20 04:00:00+00:00,0.9037,0.9075,0.9009,0.9029,265770.0
2024-12-20 04:15:00+00:00,0.9029,0.9084,0.9001,0.9078,251905.0
2024-12-20 04:30:00+00:00,0.9078,0.9078,0.9038,0.9055,215625.0
2024-12-20 04:45:00+00:00,0.9055,0.9085,0.898,0.8994,389089.0
2024-12-20 05:00:00+00:00,0.8994,0.9034,0.8992,0.8995,1132747.0
2024-12-20 05:15:00+00:00,0.8995,0.8996,0.8935,0.8954,267623.0
2024-12-20 05:30:00+00:00,0.8954,0.8984,0.893,0.8963,490503.0
2024-12-20 05:45:00+00:00,0.8963,0.8963,0.8839,0.8846,1353883.0
2024-12-20 06:00:00+00:00,0.8846,0.8898,0.8841,0.8862,333435.0
2024-12-20 06:15:00+00:00,0.8862,0.8944,0.8826,0.8834,274100.0
2024-12-20 06:30:00+00:00,0.8834,0.8847,0.8739,0.8741,1082964.0
2024-12-20 06:45:00+00:00,0.8741,0.8815,0.8705,0.8779,480925.0
2024-12-20 07:00:00+00:00,0.8779,0.9044,0.8779,0.8986,1483384.0
2024-12-20 07:15:00+00:00,0.8986,0.9064,0.897,0.9011,933246.0
2024-12-20 07:30:00+00:00,0.9011,0.9044,0.895,0.8969,432318.0
2024-12-20 07:45:00+00:00,0.8969,0.8983,0.8866,0.8884,773807.0
2024-12-20 08:00:00+00:00,0.8884,0.8892,0.8682,0.8737,1249164.0
2024-12-20 08:15:00+00:00,0.8737,0.877,0.8556,0.8567,2125419.0
2024-12-20 08:30:00+00:00,0.8567,0.8584,0.8445,0.8468,3127820.0
2024-12-20 08:45:00+00:00,0.8468,0.8543,0.8361,0.8417,1910176.0
2024-12-20 09:00:00+00:00,0.8417,0.8497,0.8261,0.8276,3448625.0
2024-12-20 09:15:00+00:00,0.8276,0.8388,0.8251,0.8268,1674568.0
2024-12-20 09:30:00+00:00,0.8268,0.8403,0.8268,0.8365,2750488.0
2024-12-20 09:45:00+00:00,0.8365,0.8367,0.8185,0.8185,2929589.0
2024-12-20 10:00:00+00:00,0.8185,0.8236,0.7892,0.7892,5573236.0
2024-12-20 10:15:00+00:00,0.7892,0.81,0.7847,0.8043,12958766.0
2024-12-20 10:30:00+00:00,0.8043,0.8132,0.793,0.8029,2235261.0
2024-12-20 10:45:00+00:00,0.8029,0.804,0.791,0.7941,814092.0
2024-12-20 11:00:00+00:00,0.7941,0.8091,0.793,0.8003,1605498.0
2024-12-20 11:15:00+00:00,0.8003,0.8065,0.7865,0.7889,2222730.0
2024-12-20 11:30:00+00:00,0.7889,0.7984,0.7685,0.7685,6624117.0
2024-12-20 11:45:00+00:00,0.7685,0.7764,0.7617,0.7625,3649566.0
2024-12-20 12:00:00+00:00,0.7625,0.7811,0.762,0.7777,1970326.0
2024-12-20 12:15:00+00:00,0.7777,0.8108,0.7738,0.8104,6381473.0
2024-12-20 12:30:00+00:00,0.8104,0.8304,0.8053,0.8242,4928472.0
2024-12-20 12:45:00+00:00,0.8242,0.8347,0.8202,0.8302,2596044.0
2024-12-20 13:00:00+00:00,0.8302,0.8367,0.8227,0.8292,1616776.0
2024-12-20 13:15:00+00:00,0.8292,0.83,0.8124,0.8153,2310355.0
2024-12-20 13:30:00+00:00,0.8153,0.8628,0.814,0.862,3715010.0
2024-12-20 13:45:00+00:00,0.862,0.8659,0.8535,0.8609,2008577.0
2024-12-20 14:00:00+00:00,0.8609,0.8612,0.8495,0.8568,1134746.0
2024-12-20 14:15:00+00:00,0.8568,0.8612,0.85,0.8554,744681.0
2024-12-20 14:30:00+00:00,0.8554,0.8645,0.8518,0.8569,721490.0
2024-12-20 14:45:00+00:00,0.8569,0.8583,0.8431,0.8536,1677103.0
2024-12-20 15:00:00+00:00,0.8536,0.867,0.8536,0.8669,1287317.0
2024-12-20 15:15:00+00:00,0.8669,0.8849,0.8643,0.8849,1931063.0
2024-12-20 15:30:00+00:00,0.8849,0.8895,0.8783,0.8856,857714.0
2024-12-20 15:45:00+00:00,0.8856,0.8906,0.8725,0.8752,1910595.0
2024-12-20 16:00:00+00:00,0.8752,0.884,0.8707,0.8838,601747.0
2024-12-20 16:15:00+00:00,0.8838,0.8878,0.8764,0.8779,536500.0
2024-12-20 16:30:00+00:00,0.8779,0.8958,0.8748,0.894,955283.0
2024-12-20 16:45:00+00:00,0.894,0.894,0.8688,0.8786,2420728.0
2024-12-20 17:00:00+00:00,0.8786,0.8836,0.8752,0.8802,482016.0
2024-12-20 17:15:00+00:00,0.8802,0.8888,0.8757,0.8888,265189.0
2024-12-20 17:30:00+00:00,0.8888,0.8888,0.878,0.8846,278901.0
2024-12-20 17:45:00+00:00,0.8846,0.89,0.8813,0.8859,230720.0
2024-12-20 18:00:00+00:00,0.8859,0.891,0.8829,0.8859,529651.0
2024-12-20 18:15:00+00:00,0.8859,0.8886,0.8833,0.8871,500042.0
2024-12-20 18:30:00+00:00,0.8871,0.8883,0.88,0.8878,413280.0
2024-12-20 18:45:00+00:00,0.8878,0.8941,0.8847,0.8902,838204.0
2024-12-20 19:00:00+00:00,0.8902,0.8997,0.8889,0.898,1151332.0
2024-12-20 19:15:00+00:00,0.898,0.912,0.8964,0.9106,1574151.0
2024-12-20 19:30:00+00:00,0.9106,0.9228,0.9086,0.9201,1982170.0
2024-12-20 19:45:00+00:00,0.9201,0.9218,0.908,0.91,1157376.0
2024-12-20 20:00:00+00:00,0.91,0.9199,0.9056,0.9176,915581.0
2024-12-20 20:15:00+00:00,0.9176,0.9176,0.9082,0.9122,1379319.0
2024-12-20 20:30:00+00:00,0.9122,0.9176,0.9071,0.9159,655431.0
2024-12-20 20:45:00+00:00,0.9159,0.9243,0.9158,0.9183,910016.0
2024-12-20 21:00:00+00:00,0.9183,0.9245,0.8997,0.9023,1779562.0
2024-12-20 21:15:00+00:00,0.9023,0.9163,0.9023,0.9104,1710516.0
2024-12-20 21:30:00+00:00,0.9104,0.9165,0.9087,0.9116,513146.0
2024-12-20 21:45:00+00:00,0.9116,0.9213,0.9078,0.9196,1873353.0
2024-12-20 22:00:00+00:00,0.9196,0.9304,0.9135,0.9241,2217104.0
2024-12-20 22:15:00+00:00,0.9241,0.9446,0.9222,0.9422,1519011.0
2024-12-20 22:30:00+00:00,0.9422,0.9473,0.9351,0.9457,1060008.0
2024-12-20 22:45:00+00:00,0.9457,0.9472,0.9409,0.9444,445846.0
2024-12-20 23:00:00+00:00,0.9444,0.9539,0.9416,0.9523,449746.0
2024-12-20 23:15:00+00:00,0.9523,0.958,0.9474,0.9572,707113.0
2024-12-20 23:30:00+00:00,0.9572,0.9578,0.9457,0.9482,1393330.0
2024-12-20 23:45:00+00:00,0.9482,0.9536,0.9445,0.9493,1316230.0
2024-12-21 00:00:00+00:00,0.9493,0.9551,0.9466,0.9501,1142823.0
2024-12-21 00:15:00+00:00,0.9501,0.952,0.9449,0.9484,854231.0
2024-12-21 00:30:00+00:00,0.9484,0.9484,0.9383,0.9384,904533.0
2024-12-21 00:45:00+00:00,0.9384,0.941,0.9359,0.9391,252810.0
2024-12-21 01:00:00+00:00,0.9391,0.9513,0.9385,0.9481,305372.0
2024-12-21 01:15:00+00:00,0.9481,0.9506,0.9411,0.944,885363.0
2024-12-21 01:30:00+00:00,0.944,0.9452,0.9384,0.9423,812309.0
2024-12-21 01:45:00+00:00,0.9423,0.9468,0.9416,0.9446,116426.0
2024-12-21 02:00:00+00:00,0.9446,0.9452,0.9379,0.9432,395190.0
2024-12-21 02:15:00+00:00,0.9432,0.953,0.9418,0.9477,298016.0
2024-12-21 02:30:00+00:00,0.9477,0.9598,0.9461,0.9572,431213.0
2024-12-21 02:45:00+00:00,0.9572,0.9598,0.9489,0.9495,621012.0
2024-12-21 03:00:00+00:00,0.9495,0.9526,0.9423,0.9427,467785.0
2024-12-21 03:15:00+00:00,0.9427,0.948,0.9427,0.9445,531262.0
2024-12-21 03:30:00+00:00,0.9445,0.9476,0.94,0.942,249594.0
2024-12-21 03:45:00+00:00,0.942,0.9483,0.942,0.9483,465707.0
2024-12-21 04:00:00+00:00,0.9483,0.9516,0.9456,0.9502,296999.0
2024-12-21 04:15:00+00:00,0.9502,0.9521,0.9473,0.9508,336452.0
2024-12-21 04:30:00+00:00,0.9508,0.9551,0.9495,0.9522,187190.0
2024-12-21 04:45:00+00:00,0.9522,0.9582,0.9502,0.9564,185457.0
2024-12-21 05:00:00+00:00,0.9564,0.9624,0.955,0.9619,262486.0
2024-12-21 05:15:00+00:00,0.9619,0.9619,0.9525,0.9549,239518.0
2024-12-21 05:30:00+00:00,0.9549,0.964,0.9537,0.9627,417596.0
2024-12-21 05:45:00+00:00,0.9627,0.974,0.9615,0.9738,1034021.0
2024-12-21 06:00:00+00:00,0.9738,0.9817,0.97,0.9805,1722563.0
2024-12-21 06:15:00+00:00,0.9805,0.9827,0.9749,0.9783,611294.0
2024-12-21 06:30:00+00:00,0.9783,0.983,0.9757,0.9808,362431.0
2024-12-21 06:45:00+00:00,0.9808,0.9867,0.9792,0.9828,754988.0
2024-12-21 07:00:00+00:00,0.9828,0.9843,0.9797,0.9807,407788.0
2024-12-21 07:15:00+00:00,0.9807,0.9856,0.9762,0.9852,502691.0
2024-12-21 07:30:00+00:00,0.9852,0.9972,0.9829,0.9949,1595314.0
2024-12-21 07:45:00+00:00,0.9949,0.9952,0.9882,0.9884,1355742.0
2024-12-21 08:00:00+00:00,0.9884,0.9953,0.9814,0.9882,568532.0
2024-12-21 08:15:00+00:00,0.9882,0.9892,0.9749,0.9749,724125.0
2024-12-21 08:30:00+00:00,0.9749,0.9789,0.9648,0.9648,983544.0
2024-12-21 08:45:00+00:00,0.9648,0.9699,0.9633,0.9633,742009.0
2024-12-21 09:00:00+00:00,0.9633,0.9657,0.9544,0.9558,836400.0
2024-12-21 09:15:00+00:00,0.9558,0.9601,0.9526,0.959,981827.0
2024-12-21 09:30:00+00:00,0.959,0.966,0.9564,0.965,597324.0
2024-12-21 09:45:00+00:00,0.965,0.971,0.9601,0.9696,870852.0
2024-12-21 10:00:00+00:00,0.9696,0.9761,0.9669,0.9724,779586.0
2024-12-21 10:15:00+00:00,0.9724,0.981,0.9697,0.981,371507.0
2024-12-21 10:30:00+00:00,0.981,0.9827,0.962,0.9631,1322250.0
