timestamp,equity,drawdown_pct
2025-01-16 00:00:00+00:00,50.0,0.0
2025-01-16 06:00:00+00:00,50.0,0.0
2025-01-16 12:00:00+00:00,50.0,0.0
2025-01-16 18:00:00+00:00,50.0,0.0
2025-01-17 00:00:00+00:00,50.0,0.0
2025-01-17 06:00:00+00:00,50.0,0.0
2025-01-17 12:00:00+00:00,50.0,0.0
2025-01-17 18:00:00+00:00,50.0,0.0
2025-01-18 00:00:00+00:00,50.0,0.0
2025-01-18 06:00:00+00:00,50.0,0.0
2025-01-18 12:00:00+00:00,50.0,0.0
2025-01-18 18:00:00+00:00,50.0,0.0
2025-01-19 00:00:00+00:00,50.0,0.0
2025-01-19 06:00:00+00:00,50.0,0.0
2025-01-19 12:00:00+00:00,50.0,0.0
2025-01-19 18:00:00+00:00,50.0,0.0
2025-01-20 00:00:00+00:00,50.0,0.0
2025-01-20 06:00:00+00:00,50.0,0.0
2025-01-20 12:00:00+00:00,50.0,0.0
2025-01-20 18:00:00+00:00,50.0,0.0
2025-01-21 00:00:00+00:00,50.0,0.0
2025-01-21 06:00:00+00:00,50.0,0.0
2025-01-21 12:00:00+00:00,50.0,0.0
2025-01-21 18:00:00+00:00,50.0,0.0
2025-01-22 00:00:00+00:00,50.0,0.0
2025-01-22 06:00:00+00:00,50.0,0.0
2025-01-22 12:00:00+00:00,50.0,0.0
2025-01-22 18:00:00+00:00,50.0,0.0
2025-01-23 00:00:00+00:00,50.0,0.0
2025-01-23 06:00:00+00:00,50.0,0.0
2025-01-23 12:00:00+00:00,50.0,0.0
2025-01-23 18:00:00+00:00,50.0,0.0
2025-01-24 00:00:00+00:00,50.0,0.0
2025-01-24 06:00:00+00:00,50.0,0.0
2025-01-24 12:00:00+00:00,50.0,0.0
2025-01-24 18:00:00+00:00,50.0,0.0
2025-01-25 00:00:00+00:00,50.0,0.0
2025-01-25 06:00:00+00:00,50.0,0.0
2025-01-25 12:00:00+00:00,50.0,0.0
2025-01-25 18:00:00+00:00,50.0,0.0
2025-01-26 00:00:00+00:00,50.0,0.0
2025-01-26 06:00:00+00:00,50.0,0.0
2025-01-26 12:00:00+00:00,50.0,0.0
2025-01-26 18:00:00+00:00,50.0,0.0
2025-01-27 00:00:00+00:00,50.0,0.0
2025-01-27 06:00:00+00:00,50.0,0.0
2025-01-27 12:00:00+00:00,50.0,0.0
2025-01-27 18:00:00+00:00,50.0,0.0
2025-01-28 00:00:00+00:00,50.0,0.0
2025-01-28 06:00:00+00:00,50.0,0.0
2025-01-28 12:00:00+00:00,50.0,0.0
2025-01-28 18:00:00+00:00,50.0,0.0
2025-01-29 00:00:00+00:00,50.0,0.0
2025-01-29 06:00:00+00:00,50.0,0.0
2025-01-29 12:00:00+00:00,50.0,0.0
2025-01-29 18:00:00+00:00,50.0,0.0
2025-01-30 00:00:00+00:00,50.0,0.0
2025-01-30 06:00:00+00:00,50.0,0.0
2025-01-30 12:00:00+00:00,50.0,0.0
2025-01-30 18:00:00+00:00,50.0,0.0
2025-01-31 00:00:00+00:00,50.0,0.0
2025-01-31 06:00:00+00:00,50.0,0.0
2025-01-31 12:00:00+00:00,50.0,0.0
2025-01-31 18:00:00+00:00,50.0,0.0
2025-02-01 00:00:00+00:00,50.0,0.0
2025-02-01 06:00:00+00:00,50.0,0.0
2025-02-01 12:00:00+00:00,50.0,0.0
2025-02-01 18:00:00+00:00,50.0,0.0
2025-02-02 00:00:00+00:00,50.0,0.0
2025-02-02 06:00:00+00:00,50.0,0.0
2025-02-02 12:00:00+00:00,50.0,0.0
2025-02-02 18:00:00+00:00,50.0,0.0
2025-02-03 00:00:00+00:00,50.0,0.0
2025-02-03 06:00:00+00:00,50.0,0.0
2025-02-03 12:00:00+00:00,50.0,0.0
2025-02-03 18:00:00+00:00,50.0,0.0
2025-02-04 00:00:00+00:00,50.0,0.0
2025-02-04 06:00:00+00:00,50.0,0.0
2025-02-04 12:00:00+00:00,50.0,0.0
2025-02-04 18:00:00+00:00,50.0,0.0
2025-02-05 00:00:00+00:00,50.0,0.0
2025-02-05 06:00:00+00:00,50.0,0.0
2025-02-05 12:00:00+00:00,50.0,0.0
2025-02-05 18:00:00+00:00,50.0,0.0
2025-02-06 00:00:00+00:00,50.0,0.0
2025-02-06 06:00:00+00:00,50.0,0.0
2025-02-06 12:00:00+00:00,50.0,0.0
2025-02-06 18:00:00+00:00,50.0,0.0
2025-02-07 00:00:00+00:00,50.0,0.0
2025-02-07 06:00:00+00:00,50.0,0.0
2025-02-07 12:00:00+00:00,50.0,0.0
2025-02-07 18:00:00+00:00,50.0,0.0
2025-02-08 00:00:00+00:00,50.0,0.0
2025-02-08 06:00:00+00:00,50.0,0.0
2025-02-08 12:00:00+00:00,50.0,0.0
2025-02-08 18:00:00+00:00,50.0,0.0
2025-02-09 00:00:00+00:00,50.0,0.0
2025-02-09 06:00:00+00:00,50.0,0.0
2025-02-09 12:00:00+00:00,50.0,0.0
2025-02-09 18:00:00+00:00,50.0,0.0
2025-02-10 00:00:00+00:00,50.0,0.0
2025-02-10 06:00:00+00:00,50.0,0.0
2025-02-10 12:00:00+00:00,50.0,0.0
2025-02-10 18:00:00+00:00,50.0,0.0
2025-02-11 00:00:00+00:00,50.0,0.0
2025-02-11 06:00:00+00:00,50.0,0.0
2025-02-11 12:00:00+00:00,50.0,0.0
2025-02-11 18:00:00+00:00,50.0,0.0
2025-02-12 00:00:00+00:00,50.0,0.0
2025-02-12 06:00:00+00:00,50.0,0.0
2025-02-12 12:00:00+00:00,50.0,0.0
2025-02-12 18:00:00+00:00,50.0,0.0
2025-02-13 00:00:00+00:00,50.0,0.0
2025-02-13 06:00:00+00:00,50.0,0.0
2025-02-13 12:00:00+00:00,50.0,0.0
2025-02-13 18:00:00+00:00,50.0,0.0
2025-02-14 00:00:00+00:00,50.0,0.0
2025-02-14 06:00:00+00:00,50.0,0.0
2025-02-14 12:00:00+00:00,50.0,0.0
2025-02-14 18:00:00+00:00,50.0,0.0
2025-02-15 00:00:00+00:00,50.0,0.0
2025-02-15 06:00:00+00:00,50.0,0.0
2025-02-15 12:00:00+00:00,50.0,0.0
2025-02-15 18:00:00+00:00,50.0,0.0
2025-02-16 00:00:00+00:00,50.0,0.0
2025-02-16 06:00:00+00:00,50.0,0.0
2025-02-16 12:00:00+00:00,50.0,0.0
2025-02-16 18:00:00+00:00,50.0,0.0
2025-02-17 00:00:00+00:00,50.0,0.0
2025-02-17 06:00:00+00:00,50.0,0.0
2025-02-17 12:00:00+00:00,50.0,0.0
2025-02-17 18:00:00+00:00,50.0,0.0
2025-02-18 00:00:00+00:00,50.0,0.0
2025-02-18 06:00:00+00:00,50.0,0.0
2025-02-18 12:00:00+00:00,50.0,0.0
2025-02-18 18:00:00+00:00,50.0,0.0
2025-02-19 00:00:00+00:00,50.0,0.0
2025-02-19 06:00:00+00:00,50.0,0.0
2025-02-19 12:00:00+00:00,50.0,0.0
2025-02-19 18:00:00+00:00,50.0,0.0
2025-02-20 00:00:00+00:00,50.0,0.0
2025-02-20 06:00:00+00:00,50.0,0.0
2025-02-20 12:00:00+00:00,50.0,0.0
2025-02-20 18:00:00+00:00,50.0,0.0
2025-02-21 00:00:00+00:00,50.0,0.0
2025-02-21 06:00:00+00:00,50.0,0.0
2025-02-21 12:00:00+00:00,50.0,0.0
2025-02-21 18:00:00+00:00,50.0,0.0
2025-02-22 00:00:00+00:00,50.0,0.0
2025-02-22 06:00:00+00:00,50.0,0.0
2025-02-22 12:00:00+00:00,50.0,0.0
2025-02-22 18:00:00+00:00,50.0,0.0
2025-02-23 00:00:00+00:00,50.0,0.0
2025-02-23 06:00:00+00:00,50.0,0.0
2025-02-23 12:00:00+00:00,50.0,0.0
2025-02-23 18:00:00+00:00,50.0,0.0
2025-02-24 00:00:00+00:00,50.0,0.0
2025-02-24 06:00:00+00:00,50.0,0.0
2025-02-24 12:00:00+00:00,50.0,0.0
2025-02-24 18:00:00+00:00,50.0,0.0
2025-02-25 00:00:00+00:00,50.0,0.0
2025-02-25 06:00:00+00:00,50.0,0.0
2025-02-25 12:00:00+00:00,50.0,0.0
2025-02-25 18:00:00+00:00,50.0,0.0
2025-02-26 00:00:00+00:00,50.0,0.0
2025-02-26 06:00:00+00:00,50.0,0.0
2025-02-26 12:00:00+00:00,50.0,0.0
2025-02-26 18:00:00+00:00,50.0,0.0
2025-02-27 00:00:00+00:00,50.0,0.0
2025-02-27 06:00:00+00:00,50.0,0.0
2025-02-27 12:00:00+00:00,50.0,0.0
2025-02-27 18:00:00+00:00,50.0,0.0
2025-02-28 00:00:00+00:00,50.0,0.0
2025-02-28 06:00:00+00:00,50.0,0.0
2025-02-28 12:00:00+00:00,50.0,0.0
2025-02-28 18:00:00+00:00,50.0,0.0
2025-03-01 00:00:00+00:00,50.0,0.0
2025-03-01 06:00:00+00:00,50.0,0.0
2025-03-01 12:00:00+00:00,50.0,0.0
2025-03-01 18:00:00+00:00,50.0,0.0
2025-03-02 00:00:00+00:00,50.0,0.0
2025-03-02 06:00:00+00:00,50.0,0.0
2025-03-02 12:00:00+00:00,50.0,0.0
2025-03-02 18:00:00+00:00,50.0,0.0
2025-03-03 00:00:00+00:00,50.0,0.0
2025-03-03 06:00:00+00:00,50.0,0.0
2025-03-03 12:00:00+00:00,50.0,0.0
2025-03-03 18:00:00+00:00,50.0,0.0
2025-03-04 00:00:00+00:00,50.0,0.0
2025-03-04 06:00:00+00:00,50.0,0.0
2025-03-04 12:00:00+00:00,50.0,0.0
2025-03-04 18:00:00+00:00,50.0,0.0
2025-03-05 00:00:00+00:00,50.0,0.0
2025-03-05 06:00:00+00:00,50.0,0.0
2025-03-05 12:00:00+00:00,50.0,0.0
2025-03-05 18:00:00+00:00,50.0,0.0
2025-03-06 00:00:00+00:00,50.0,0.0
2025-03-06 06:00:00+00:00,50.0,0.0
2025-03-06 12:00:00+00:00,50.0,0.0
2025-03-06 18:00:00+00:00,50.0,0.0
2025-03-07 00:00:00+00:00,50.0,0.0
2025-03-07 06:00:00+00:00,50.0,0.0
2025-03-07 12:00:00+00:00,50.0,0.0
2025-03-07 18:00:00+00:00,50.0,0.0
2025-03-08 00:00:00+00:00,50.0,0.0
2025-03-08 06:00:00+00:00,50.0,0.0
2025-03-08 12:00:00+00:00,50.0,0.0
2025-03-08 18:00:00+00:00,50.0,0.0
2025-03-09 00:00:00+00:00,50.0,0.0
2025-03-09 06:00:00+00:00,50.0,0.0
2025-03-09 12:00:00+00:00,50.0,0.0
2025-03-09 18:00:00+00:00,50.0,0.0
2025-03-10 00:00:00+00:00,50.0,0.0
2025-03-10 06:00:00+00:00,50.0,0.0
2025-03-10 12:00:00+00:00,50.0,0.0
2025-03-10 18:00:00+00:00,50.0,0.0
2025-03-11 00:00:00+00:00,50.0,0.0
2025-03-11 06:00:00+00:00,50.0,0.0
2025-03-11 12:00:00+00:00,50.0,0.0
2025-03-11 18:00:00+00:00,50.0,0.0
2025-03-12 00:00:00+00:00,50.0,0.0
2025-03-12 06:00:00+00:00,50.0,0.0
2025-03-12 12:00:00+00:00,50.0,0.0
2025-03-12 18:00:00+00:00,50.0,0.0
2025-03-13 00:00:00+00:00,50.0,0.0
2025-03-13 06:00:00+00:00,50.0,0.0
2025-03-13 12:00:00+00:00,50.0,0.0
2025-03-13 18:00:00+00:00,50.0,0.0
2025-03-14 00:00:00+00:00,50.0,0.0
2025-03-14 06:00:00+00:00,50.0,0.0
2025-03-14 12:00:00+00:00,50.0,0.0
2025-03-14 18:00:00+00:00,50.0,0.0
2025-03-15 00:00:00+00:00,50.0,0.0
2025-03-15 06:00:00+00:00,50.0,0.0
2025-03-15 12:00:00+00:00,50.0,0.0
2025-03-15 18:00:00+00:00,50.0,0.0
2025-03-16 00:00:00+00:00,50.0,0.0
2025-03-16 06:00:00+00:00,50.0,0.0
2025-03-16 12:00:00+00:00,50.0,0.0
2025-03-16 18:00:00+00:00,50.0,0.0
2025-03-17 00:00:00+00:00,50.0,0.0
2025-03-17 06:00:00+00:00,50.0,0.0
2025-03-17 12:00:00+00:00,50.0,0.0
2025-03-17 18:00:00+00:00,50.0,0.0
2025-03-18 00:00:00+00:00,50.0,0.0
2025-03-18 06:00:00+00:00,50.0,0.0
2025-03-18 12:00:00+00:00,50.0,0.0
2025-03-18 18:00:00+00:00,50.0,0.0
2025-03-19 00:00:00+00:00,50.0,0.0
2025-03-19 06:00:00+00:00,50.0,0.0
2025-03-19 12:00:00+00:00,50.0,0.0
2025-03-19 18:00:00+00:00,50.98122779313067,0.0
2025-03-20 00:00:00+00:00,49.98122779313067,0.019615063098475286
2025-03-20 06:00:00+00:00,49.98122779313067,0.019615063098475286
2025-03-20 12:00:00+00:00,49.98122779313067,0.019615063098475286
2025-03-20 18:00:00+00:00,50.641930254553955,0.006655342628339634
2025-03-21 00:00:00+00:00,50.16746266512939,0.015962054333083904
2025-03-21 06:00:00+00:00,49.78991840145894,0.023367608887447194
2025-03-21 12:00:00+00:00,48.98122779313067,0.03923012619695057
2025-03-21 18:00:00+00:00,48.98122779313067,0.03923012619695057
2025-03-22 00:00:00+00:00,48.98122779313067,0.03923012619695057
2025-03-22 06:00:00+00:00,48.98122779313067,0.03923012619695057
2025-03-22 12:00:00+00:00,48.98122779313067,0.03923012619695057
2025-03-22 18:00:00+00:00,48.98122779313067,0.03923012619695057
2025-03-23 00:00:00+00:00,48.98122779313067,0.03923012619695057
2025-03-23 06:00:00+00:00,48.98122779313067,0.03923012619695057
2025-03-23 12:00:00+00:00,48.98122779313067,0.03923012619695057
2025-03-23 18:00:00+00:00,49.62004602098372,0.02669966634915682
2025-03-24 00:00:00+00:00,50.90902236084379,0.0014163141103598082
2025-03-24 06:00:00+00:00,52.512839025914765,0.0
2025-03-24 12:00:00+00:00,51.512839025914765,0.019042962036512748
2025-03-24 18:00:00+00:00,51.16439580446578,0.025678353074446044
2025-03-25 00:00:00+00:00,52.10485906456728,0.0077691469155981175
2025-03-25 06:00:00+00:00,51.10485906456728,0.026812108952110867
2025-03-25 12:00:00+00:00,54.125813327242696,0.0
2025-03-25 18:00:00+00:00,52.618564161391916,0.027847141191911638
2025-03-26 00:00:00+00:00,53.45717140853338,0.012353475682050903
2025-03-26 06:00:00+00:00,56.077171408533374,0.0
2025-03-26 12:00:00+00:00,54.077171408533374,0.035665136984702764
2025-03-26 18:00:00+00:00,52.077171408533374,0.07133027396940553
2025-03-27 00:00:00+00:00,53.96949575279183,0.037585270490672715
2025-03-27 06:00:00+00:00,52.96949575279183,0.0554178389830241
2025-03-27 12:00:00+00:00,51.96949575279183,0.07325040747537548
2025-03-27 18:00:00+00:00,51.96949575279183,0.07325040747537548
2025-03-28 00:00:00+00:00,51.96949575279183,0.07325040747537548
2025-03-28 06:00:00+00:00,51.96949575279183,0.07325040747537548
2025-03-28 12:00:00+00:00,52.956392034551904,0.055651511936042036
2025-03-28 18:00:00+00:00,52.23425174660955,0.06852912808186039
2025-03-29 00:00:00+00:00,51.956392034551904,0.07348408042839343
2025-03-29 06:00:00+00:00,53.86492887889566,0.0394499664314572
2025-03-29 12:00:00+00:00,55.47908869783087,0.010665350902693622
2025-03-29 18:00:00+00:00,54.861687463085765,0.021675200708547976
2025-03-30 00:00:00+00:00,54.47908869783087,0.028497919395045004
2025-03-30 06:00:00+00:00,54.75783147008611,0.023527219817055495
2025-03-30 12:00:00+00:00,56.46423600792962,0.0
2025-03-30 18:00:00+00:00,58.91171794150979,0.0
2025-03-31 00:00:00+00:00,58.79497971461866,0.001981579063897485
2025-03-31 06:00:00+00:00,58.510634089341934,0.006808218571491533
2025-03-31 12:00:00+00:00,57.91171794150979,0.01697455166717163
2025-03-31 18:00:00+00:00,57.91171794150979,0.01697455166717163
2025-04-01 00:00:00+00:00,57.91171794150979,0.01697455166717163
2025-04-01 06:00:00+00:00,57.91171794150979,0.01697455166717163
2025-04-01 12:00:00+00:00,57.91171794150979,0.01697455166717163
2025-04-01 18:00:00+00:00,57.91171794150979,0.01697455166717163
2025-04-02 00:00:00+00:00,57.91171794150979,0.01697455166717163
2025-04-02 06:00:00+00:00,57.91171794150979,0.01697455166717163
2025-04-02 12:00:00+00:00,57.91171794150979,0.01697455166717163
2025-04-02 18:00:00+00:00,57.91171794150979,0.01697455166717163
2025-04-03 00:00:00+00:00,57.91171794150979,0.01697455166717163
2025-04-03 06:00:00+00:00,57.91171794150979,0.01697455166717163
2025-04-03 12:00:00+00:00,59.68605092733664,0.0
2025-04-03 18:00:00+00:00,59.68605092733664,0.0
2025-04-04 00:00:00+00:00,59.68605092733664,0.0
2025-04-04 06:00:00+00:00,59.68605092733664,0.0
2025-04-04 12:00:00+00:00,59.68605092733664,0.0
2025-04-04 18:00:00+00:00,59.68605092733664,0.0
2025-04-05 00:00:00+00:00,59.68605092733664,0.0
2025-04-05 06:00:00+00:00,59.841110480139896,0.0
2025-04-05 12:00:00+00:00,61.1746226342479,0.0
2025-04-05 18:00:00+00:00,61.43518602643426,0.0
2025-04-06 00:00:00+00:00,61.43518602643426,0.0
2025-04-06 06:00:00+00:00,61.43518602643426,0.0
2025-04-06 12:00:00+00:00,63.89518602643426,0.0
2025-04-06 18:00:00+00:00,63.89518602643426,0.0
2025-04-07 00:00:00+00:00,63.89518602643426,0.0
2025-04-07 06:00:00+00:00,63.89518602643426,0.0
2025-04-07 12:00:00+00:00,63.89518602643426,0.0
2025-04-07 18:00:00+00:00,63.89518602643426,0.0
2025-04-08 00:00:00+00:00,63.89518602643426,0.0
2025-04-08 06:00:00+00:00,63.89518602643426,0.0
2025-04-08 12:00:00+00:00,63.89518602643426,0.0
2025-04-08 18:00:00+00:00,63.89518602643426,0.0
2025-04-09 00:00:00+00:00,63.89518602643426,0.0
2025-04-09 06:00:00+00:00,63.89518602643426,0.0
2025-04-09 12:00:00+00:00,63.89518602643426,0.0
2025-04-09 18:00:00+00:00,63.89518602643426,0.0
2025-04-10 00:00:00+00:00,65.35518602643425,0.0
2025-04-10 06:00:00+00:00,66.84947828211331,0.0
2025-04-10 12:00:00+00:00,65.84947828211331,0.014958979870865599
2025-04-10 18:00:00+00:00,67.98233349151083,0.0
2025-04-11 00:00:00+00:00,69.98534785367247,0.0
2025-04-11 06:00:00+00:00,69.98534785367247,0.0
2025-04-11 12:00:00+00:00,71.9970831914949,0.0
2025-04-11 18:00:00+00:00,72.36749063722011,0.0
2025-04-12 00:00:00+00:00,71.36749063722011,0.013818359475983807
2025-04-12 06:00:00+00:00,71.36749063722011,0.013818359475983807
2025-04-12 12:00:00+00:00,73.98749063722012,0.0
2025-04-12 18:00:00+00:00,75.64861473298708,0.0
2025-04-13 00:00:00+00:00,74.64861473298708,0.013219012714636574
2025-04-13 06:00:00+00:00,76.54753568167973,0.0
2025-04-13 12:00:00+00:00,75.54753568167973,0.01306377783549382
2025-04-13 18:00:00+00:00,75.54753568167973,0.01306377783549382
2025-04-14 00:00:00+00:00,78.16753568167974,0.0
2025-04-14 06:00:00+00:00,77.16753568167974,0.012793034746192871
2025-04-14 12:00:00+00:00,76.16753568167974,0.025586069492385743
2025-04-14 18:00:00+00:00,76.16753568167974,0.025586069492385743
2025-04-15 00:00:00+00:00,76.16753568167974,0.025586069492385743
2025-04-15 06:00:00+00:00,76.16753568167974,0.025586069492385743
2025-04-15 12:00:00+00:00,76.16753568167974,0.025586069492385743
2025-04-15 18:00:00+00:00,76.16753568167974,0.025586069492385743
2025-04-16 00:00:00+00:00,76.16753568167974,0.025586069492385743
2025-04-16 06:00:00+00:00,76.16753568167974,0.025586069492385743
2025-04-16 12:00:00+00:00,76.16753568167974,0.025586069492385743
2025-04-16 18:00:00+00:00,76.16753568167974,0.025586069492385743
2025-04-17 00:00:00+00:00,78.26620352600872,0.0
2025-04-17 06:00:00+00:00,77.66002670212174,0.007745064875742233
2025-04-17 12:00:00+00:00,77.66002670212174,0.007745064875742233
2025-04-17 18:00:00+00:00,76.66002670212174,0.020521971828533023
2025-04-18 00:00:00+00:00,76.66002670212174,0.020521971828533023
2025-04-18 06:00:00+00:00,76.66002670212174,0.020521971828533023
2025-04-18 12:00:00+00:00,76.66002670212174,0.020521971828533023
2025-04-18 18:00:00+00:00,76.66002670212174,0.020521971828533023
2025-04-19 00:00:00+00:00,76.66002670212174,0.020521971828533023
2025-04-19 06:00:00+00:00,76.66002670212174,0.020521971828533023
2025-04-19 12:00:00+00:00,76.66002670212174,0.020521971828533023
2025-04-19 18:00:00+00:00,76.138849010218,0.02718101070385744
2025-04-20 00:00:00+00:00,75.84983229016228,0.030873750443810067
2025-04-20 06:00:00+00:00,74.66002670212174,0.04607578573411461
2025-04-20 12:00:00+00:00,74.66002670212174,0.04607578573411461
2025-04-20 18:00:00+00:00,74.66002670212174,0.04607578573411461
2025-04-21 00:00:00+00:00,74.66002670212174,0.04607578573411461
2025-04-21 06:00:00+00:00,72.66002670212174,0.07162959963969619
2025-04-21 12:00:00+00:00,71.66002670212174,0.08440650659248698
2025-04-21 18:00:00+00:00,70.66002670212174,0.09718341354527778
2025-04-22 00:00:00+00:00,68.66002670212174,0.12273722745085935
2025-04-22 06:00:00+00:00,72.61744082026304,0.07217371548970733
2025-04-22 12:00:00+00:00,77.69744082026304,0.007267028169530129
2025-04-22 18:00:00+00:00,82.77744082026304,0.0
2025-04-23 00:00:00+00:00,87.85744082026304,0.0
2025-04-23 06:00:00+00:00,87.4768026325114,0.004332452484364356
2025-04-23 12:00:00+00:00,90.33469829200052,0.0
2025-04-23 18:00:00+00:00,88.33469829200052,0.02213988686313139
2025-04-24 00:00:00+00:00,86.33469829200052,0.04427977372626278
2025-04-24 06:00:00+00:00,84.33469829200052,0.06641966058939416
2025-04-24 12:00:00+00:00,84.39047107499917,0.06580225903657819
2025-04-24 18:00:00+00:00,85.75209625993085,0.05072914526438928
2025-04-25 00:00:00+00:00,85.8817247084158,0.04929416567253925
2025-04-25 06:00:00+00:00,88.5041402419284,0.020264174062495657
2025-04-25 12:00:00+00:00,90.13962525598978,0.0021594474736626695
2025-04-25 18:00:00+00:00,90.37595352164617,0.0
2025-04-26 00:00:00+00:00,93.62829975237484,0.0
2025-04-26 06:00:00+00:00,94.21962525598978,0.0
2025-04-26 12:00:00+00:00,96.29830301207072,0.0
2025-04-26 18:00:00+00:00,97.09487261278126,0.0
2025-04-27 00:00:00+00:00,97.43165123525671,0.0
2025-04-27 06:00:00+00:00,98.2316084987933,0.0
2025-04-27 12:00:00+00:00,97.40888822369264,0.008375311039631106
2025-04-27 18:00:00+00:00,96.62952606585685,0.01630923546320771
2025-04-28 00:00:00+00:00,96.43165123525671,0.018323605721662483
2025-04-28 06:00:00+00:00,98.61964051361562,0.0
2025-04-28 12:00:00+00:00,95.43165123525671,0.03232610929988913
2025-04-28 18:00:00+00:00,97.16573618007229,0.014742543432234535
2025-04-29 00:00:00+00:00,96.60408140416048,0.020437704892838943
2025-04-29 06:00:00+00:00,99.62573618007228,0.0
2025-04-29 12:00:00+00:00,98.62573618007228,0.01003756698161319
2025-04-29 18:00:00+00:00,97.62573618007228,0.02007513396322638
2025-04-30 00:00:00+00:00,98.56580889333199,0.010639091136295192
2025-04-30 06:00:00+00:00,99.60695300813289,0.00018853734646878274
2025-04-30 12:00:00+00:00,96.62573618007228,0.030112700944839567
2025-04-30 18:00:00+00:00,98.59556772345915,0.01034038488559933
2025-05-01 00:00:00+00:00,99.08573618007227,0.005420286170071184
2025-05-01 06:00:00+00:00,101.54573618007227,0.0
2025-05-01 12:00:00+00:00,100.54573618007227,0.00984777931223708
2025-05-01 18:00:00+00:00,98.54573618007227,0.02954333793671124
2025-05-02 00:00:00+00:00,99.87851253043358,0.01641845056578425
2025-05-02 06:00:00+00:00,100.26264441059871,0.012635604583123367
2025-05-02 12:00:00+00:00,101.55523917267638,0.0
2025-05-02 18:00:00+00:00,99.55523917267638,0.0196937156201204
2025-05-03 00:00:00+00:00,97.04672906284381,0.04439465798674022
2025-05-03 06:00:00+00:00,97.55523917267638,0.0393874312402408
2025-05-03 12:00:00+00:00,97.55523917267638,0.0393874312402408
2025-05-03 18:00:00+00:00,97.55523917267638,0.0393874312402408
2025-05-04 00:00:00+00:00,98.87758898089405,0.02636644070356107
2025-05-04 06:00:00+00:00,96.96539875902697,0.045195505924073655
2025-05-04 12:00:00+00:00,96.96007528958968,0.045247925370678815
2025-05-04 18:00:00+00:00,96.55523917267638,0.049234289050301
2025-05-05 00:00:00+00:00,96.55523917267638,0.049234289050301
2025-05-05 06:00:00+00:00,95.55523917267638,0.0590811468603612
2025-05-05 12:00:00+00:00,95.55523917267638,0.0590811468603612
2025-05-05 18:00:00+00:00,96.1590121455599,0.05313588024681986
2025-05-06 00:00:00+00:00,94.55523917267638,0.0689280046704214
2025-05-06 06:00:00+00:00,94.55523917267638,0.0689280046704214
2025-05-06 12:00:00+00:00,94.55523917267638,0.0689280046704214
2025-05-06 18:00:00+00:00,97.01523917267637,0.04470473445767337
2025-05-07 00:00:00+00:00,98.23207614917857,0.0327227137720327
2025-05-07 06:00:00+00:00,99.07499482737022,0.024422613402435622
2025-05-07 12:00:00+00:00,96.01523917267637,0.05455159226773357
2025-05-07 18:00:00+00:00,97.60675834265454,0.0388801292989735
2025-05-08 00:00:00+00:00,98.47523917267637,0.030328322054985538
2025-05-08 06:00:00+00:00,100.93523917267636,0.006105051842237509
2025-05-08 12:00:00+00:00,106.01523917267636,0.0
2025-05-08 18:00:00+00:00,111.09523917267636,0.0
2025-05-09 00:00:00+00:00,109.09523917267636,0.018002571621375977
2025-05-09 06:00:00+00:00,114.17523917267636,0.0
2025-05-09 12:00:00+00:00,112.17523917267636,0.017516932869965262
2025-05-09 18:00:00+00:00,110.17523917267636,0.035033865739930524
2025-05-10 00:00:00+00:00,111.79523917267636,0.020845150115258622
2025-05-10 06:00:00+00:00,116.87523917267636,0.0
2025-05-10 12:00:00+00:00,121.95523917267636,0.0
2025-05-10 18:00:00+00:00,127.03523917267636,0.0
2025-05-11 00:00:00+00:00,128.65523917267635,0.0
2025-05-11 06:00:00+00:00,126.65523917267635,0.01554542211309151
2025-05-11 12:00:00+00:00,124.65523917267635,0.03109084422618302
2025-05-11 18:00:00+00:00,125.97464386858798,0.02083549275821231
2025-05-12 00:00:00+00:00,128.73523917267633,0.0
2025-05-12 06:00:00+00:00,133.81523917267634,0.0
2025-05-12 12:00:00+00:00,131.81523917267634,0.014945980834209643
2025-05-12 18:00:00+00:00,129.81523917267634,0.029891961668419287
2025-05-13 00:00:00+00:00,127.81523917267634,0.04483794250262893
2025-05-13 06:00:00+00:00,130.27523917267635,0.02645438607655101
2025-05-13 12:00:00+00:00,135.35523917267636,0.0
2025-05-13 18:00:00+00:00,137.81523917267637,0.0
2025-05-14 00:00:00+00:00,139.43523917267638,0.0
2025-05-14 06:00:00+00:00,137.43523917267638,0.014343576357503164
2025-05-14 12:00:00+00:00,135.43523917267638,0.02868715271500633
2025-05-14 18:00:00+00:00,137.42704155466978,0.014402367937416755
2025-05-15 00:00:00+00:00,137.89523917267638,0.011044553795277379
2025-05-15 06:00:00+00:00,136.89523917267638,0.018216341974028962
2025-05-15 12:00:00+00:00,135.89523917267638,0.025388130152780543
2025-05-15 18:00:00+00:00,134.89523917267638,0.03255991833153213
2025-05-16 00:00:00+00:00,139.7614140537269,0.0
2025-05-16 06:00:00+00:00,137.3552391726764,0.01721630320744698
2025-05-16 12:00:00+00:00,136.3552391726764,0.024371353882704037
2025-05-16 18:00:00+00:00,135.3552391726764,0.031526404557961095
2025-05-17 00:00:00+00:00,134.3552391726764,0.03868145523321816
2025-05-17 06:00:00+00:00,134.3552391726764,0.03868145523321816
2025-05-17 12:00:00+00:00,134.3552391726764,0.03868145523321816
2025-05-17 18:00:00+00:00,134.3552391726764,0.03868145523321816
2025-05-18 00:00:00+00:00,134.3552391726764,0.03868145523321816
2025-05-18 06:00:00+00:00,134.3552391726764,0.03868145523321816
2025-05-18 12:00:00+00:00,134.3552391726764,0.03868145523321816
2025-05-18 18:00:00+00:00,134.3552391726764,0.03868145523321816
2025-05-19 00:00:00+00:00,134.3552391726764,0.03868145523321816
2025-05-19 06:00:00+00:00,133.3552391726764,0.04583650590847521
2025-05-19 12:00:00+00:00,135.8152391726764,0.028235081247342794
2025-05-19 18:00:00+00:00,133.8152391726764,0.04254518259785691
2025-05-20 00:00:00+00:00,133.8152391726764,0.04254518259785691
2025-05-20 06:00:00+00:00,132.8152391726764,0.04970023327311397
2025-05-20 12:00:00+00:00,131.8152391726764,0.05685528394837103
2025-05-20 18:00:00+00:00,131.8152391726764,0.05685528394837103
2025-05-21 00:00:00+00:00,134.2752391726764,0.03925385928723861
2025-05-21 06:00:00+00:00,133.2752391726764,0.046408909962495665
2025-05-21 12:00:00+00:00,135.8952391726764,0.02766267719332214
2025-05-21 18:00:00+00:00,140.97523917267642,0.0
2025-05-22 00:00:00+00:00,146.05523917267644,0.0
2025-05-22 06:00:00+00:00,148.67523917267644,0.0
2025-05-22 12:00:00+00:00,150.1229527911861,0.0
2025-05-22 18:00:00+00:00,151.29523917267645,0.0
2025-05-23 00:00:00+00:00,153.91523917267645,0.0
2025-05-23 06:00:00+00:00,151.91523917267645,0.012994164910182895
2025-05-23 12:00:00+00:00,149.91523917267645,0.02598832982036579
2025-05-23 18:00:00+00:00,149.91523917267645,0.02598832982036579
2025-05-24 00:00:00+00:00,152.53523917267646,0.008965973788026167
2025-05-24 06:00:00+00:00,152.53523917267646,0.008965973788026167
2025-05-24 12:00:00+00:00,152.53523917267646,0.008965973788026167
2025-05-24 18:00:00+00:00,152.53523917267646,0.008965973788026167
2025-05-25 00:00:00+00:00,152.53523917267646,0.008965973788026167
2025-05-25 06:00:00+00:00,152.53523917267646,0.008965973788026167
2025-05-25 12:00:00+00:00,152.53523917267646,0.008965973788026167
2025-05-25 18:00:00+00:00,152.53523917267646,0.008965973788026167
2025-05-26 00:00:00+00:00,152.53523917267646,0.008965973788026167
2025-05-26 06:00:00+00:00,152.53523917267646,0.008965973788026167
2025-05-26 12:00:00+00:00,152.53523917267646,0.008965973788026167
2025-05-26 18:00:00+00:00,152.53523917267646,0.008965973788026167
2025-05-27 00:00:00+00:00,151.53523917267646,0.015463056243117616
2025-05-27 06:00:00+00:00,153.99523917267646,0.0
2025-05-27 12:00:00+00:00,153.99523917267646,0.0
2025-05-27 18:00:00+00:00,152.99523917267646,0.006493707242979698
2025-05-28 00:00:00+00:00,152.99523917267646,0.006493707242979698
2025-05-28 06:00:00+00:00,152.99523917267646,0.006493707242979698
2025-05-28 12:00:00+00:00,152.99523917267646,0.006493707242979698
2025-05-28 18:00:00+00:00,151.99523917267646,0.012987414485959395
2025-05-29 00:00:00+00:00,151.99523917267646,0.012987414485959395
2025-05-29 06:00:00+00:00,151.16560374952758,0.018374824042293843
2025-05-29 12:00:00+00:00,150.99523917267646,0.019481121728939094
2025-05-29 18:00:00+00:00,149.99523917267646,0.02597482897191879
2025-05-30 00:00:00+00:00,149.99523917267646,0.02597482897191879
2025-05-30 06:00:00+00:00,149.99523917267646,0.02597482897191879
2025-05-30 12:00:00+00:00,152.61523917267647,0.008961315995311954
2025-05-30 18:00:00+00:00,152.61523917267647,0.008961315995311954
2025-05-31 00:00:00+00:00,152.61523917267647,0.008961315995311954
2025-05-31 06:00:00+00:00,152.61523917267647,0.008961315995311954
2025-05-31 12:00:00+00:00,150.61523917267647,0.02194873048127135
2025-05-31 18:00:00+00:00,150.5019583211063,0.02268434316760354
2025-06-01 00:00:00+00:00,151.65980786715522,0.015165607184144808
2025-06-01 06:00:00+00:00,156.80656707217867,0.0
2025-06-01 12:00:00+00:00,154.69523917267648,0.013464537480310589
2025-06-01 18:00:00+00:00,154.69523917267648,0.013464537480310589
2025-06-02 00:00:00+00:00,157.1552391726765,0.0
2025-06-02 06:00:00+00:00,158.63226091176773,0.0
2025-06-02 12:00:00+00:00,156.1552391726765,0.015614867523504423
2025-06-02 18:00:00+00:00,156.1552391726765,0.015614867523504423
2025-06-03 00:00:00+00:00,156.1552391726765,0.015614867523504423
2025-06-03 06:00:00+00:00,156.1552391726765,0.015614867523504423
2025-06-03 12:00:00+00:00,156.1552391726765,0.015614867523504423
2025-06-03 18:00:00+00:00,156.1552391726765,0.015614867523504423
2025-06-04 00:00:00+00:00,156.1552391726765,0.015614867523504423
2025-06-04 06:00:00+00:00,156.1552391726765,0.015614867523504423
2025-06-04 12:00:00+00:00,156.1552391726765,0.015614867523504423
2025-06-04 18:00:00+00:00,156.1552391726765,0.015614867523504423
2025-06-05 00:00:00+00:00,156.1552391726765,0.015614867523504423
2025-06-05 06:00:00+00:00,156.1552391726765,0.015614867523504423
2025-06-05 12:00:00+00:00,158.7752391726765,0.0
2025-06-05 18:00:00+00:00,158.7752391726765,0.0
2025-06-06 00:00:00+00:00,158.7752391726765,0.0
2025-06-06 06:00:00+00:00,158.7752391726765,0.0
2025-06-06 12:00:00+00:00,157.7752391726765,0.006298211265249281
2025-06-06 18:00:00+00:00,157.7752391726765,0.006298211265249281
2025-06-07 00:00:00+00:00,157.7752391726765,0.006298211265249281
2025-06-07 06:00:00+00:00,157.7752391726765,0.006298211265249281
2025-06-07 12:00:00+00:00,157.7752391726765,0.006298211265249281
2025-06-07 18:00:00+00:00,157.7752391726765,0.006298211265249281
2025-06-08 00:00:00+00:00,157.7752391726765,0.006298211265249281
2025-06-08 06:00:00+00:00,157.7752391726765,0.006298211265249281
2025-06-08 12:00:00+00:00,157.7752391726765,0.006298211265249281
2025-06-08 18:00:00+00:00,157.7752391726765,0.006298211265249281
2025-06-09 00:00:00+00:00,157.7752391726765,0.006298211265249281
2025-06-09 06:00:00+00:00,157.7752391726765,0.006298211265249281
2025-06-09 12:00:00+00:00,157.7752391726765,0.006298211265249281
2025-06-09 18:00:00+00:00,157.7752391726765,0.006298211265249281
2025-06-10 00:00:00+00:00,157.7752391726765,0.006298211265249281
2025-06-10 06:00:00+00:00,162.8552391726765,0.0
2025-06-10 12:00:00+00:00,160.8552391726765,0.012280845308755383
2025-06-10 18:00:00+00:00,165.93523917267652,0.0
2025-06-11 00:00:00+00:00,163.93523917267652,0.012052894912326296
2025-06-11 06:00:00+00:00,165.55523917267652,0.002290050033341969
2025-06-11 12:00:00+00:00,168.17523917267653,0.0
2025-06-11 18:00:00+00:00,166.17523917267653,0.011892357102263247
2025-06-12 00:00:00+00:00,165.34160719339965,0.016849281696976793
2025-06-12 06:00:00+00:00,165.17523917267653,0.017838535653394872
2025-06-12 12:00:00+00:00,169.07976201116304,0.0
2025-06-12 18:00:00+00:00,164.17523917267653,0.02900715484898013
2025-06-13 00:00:00+00:00,163.17523917267653,0.034921523240000085
2025-06-13 06:00:00+00:00,168.16689709007426,0.005399019434558427
2025-06-13 12:00:00+00:00,165.63523917267653,0.020372176998090942
2025-06-13 18:00:00+00:00,165.63523917267653,0.020372176998090942
2025-06-14 00:00:00+00:00,165.63523917267653,0.020372176998090942
2025-06-14 06:00:00+00:00,167.38971081294548,0.009995585385943346
2025-06-14 12:00:00+00:00,168.09523917267654,0.005822830756181794
2025-06-14 18:00:00+00:00,168.09523917267654,0.005822830756181794
2025-06-15 00:00:00+00:00,168.09523917267654,0.005822830756181794
2025-06-15 06:00:00+00:00,168.09523917267654,0.005822830756181794
2025-06-15 12:00:00+00:00,167.09523917267654,0.011737199147201753
2025-06-15 18:00:00+00:00,167.09523917267654,0.011737199147201753
2025-06-16 00:00:00+00:00,167.09523917267654,0.011737199147201753
2025-06-16 06:00:00+00:00,167.09523917267654,0.011737199147201753
2025-06-16 12:00:00+00:00,167.09523917267654,0.011737199147201753
2025-06-16 18:00:00+00:00,167.09523917267654,0.011737199147201753
2025-06-17 00:00:00+00:00,167.09523917267654,0.011737199147201753
2025-06-17 06:00:00+00:00,167.09523917267654,0.011737199147201753
2025-06-17 12:00:00+00:00,167.09523917267654,0.011737199147201753
2025-06-17 18:00:00+00:00,167.09523917267654,0.011737199147201753
2025-06-18 00:00:00+00:00,167.09523917267654,0.011737199147201753
2025-06-18 06:00:00+00:00,167.09523917267654,0.011737199147201753
2025-06-18 12:00:00+00:00,167.09523917267654,0.011737199147201753
2025-06-18 18:00:00+00:00,167.09523917267654,0.011737199147201753
2025-06-19 00:00:00+00:00,167.09523917267654,0.011737199147201753
2025-06-19 06:00:00+00:00,165.84925391304074,0.019106414982468536
2025-06-19 12:00:00+00:00,168.93373018875613,0.0008636859945264763
2025-06-19 18:00:00+00:00,167.26490525058443,0.010733731458994991
2025-06-20 00:00:00+00:00,167.92766336741195,0.006813935801938403
2025-06-20 06:00:00+00:00,166.09523917267654,0.017651567538221714
2025-06-20 12:00:00+00:00,166.09523917267654,0.017651567538221714
2025-06-20 18:00:00+00:00,166.09523917267654,0.017651567538221714
2025-06-21 00:00:00+00:00,166.09523917267654,0.017651567538221714
2025-06-21 06:00:00+00:00,166.09523917267654,0.017651567538221714
2025-06-21 12:00:00+00:00,171.94140620177293,0.0
2025-06-21 18:00:00+00:00,168.55523917267655,0.019693726507754177
2025-06-22 00:00:00+00:00,168.55523917267655,0.019693726507754177
2025-06-22 06:00:00+00:00,170.83679393609165,0.006424352865795585
2025-06-22 12:00:00+00:00,173.63523917267656,0.0
2025-06-22 18:00:00+00:00,176.09523917267657,0.0
2025-06-23 00:00:00+00:00,176.09523917267657,0.0
2025-06-23 06:00:00+00:00,176.09523917267657,0.0
2025-06-23 12:00:00+00:00,176.09523917267657,0.0
2025-06-23 18:00:00+00:00,176.09523917267657,0.0
2025-06-24 00:00:00+00:00,176.09523917267657,0.0
2025-06-24 06:00:00+00:00,176.09523917267657,0.0
2025-06-24 12:00:00+00:00,175.09523917267657,0.005678745232966882
2025-06-24 18:00:00+00:00,174.09523917267657,0.011357490465933763
2025-06-25 00:00:00+00:00,174.09523917267657,0.011357490465933763
2025-06-25 06:00:00+00:00,175.1714642875622,0.0052458822251777535
2025-06-25 12:00:00+00:00,173.09523917267657,0.017036235698900646
2025-06-25 18:00:00+00:00,172.09523917267657,0.022714980931867527
2025-06-26 00:00:00+00:00,174.71523917267658,0.007836668421494272
2025-06-26 06:00:00+00:00,173.71523917267658,0.013515413654461152
2025-06-26 12:00:00+00:00,172.71523917267658,0.019194158887428037
2025-06-26 18:00:00+00:00,172.71523917267658,0.019194158887428037
2025-06-27 00:00:00+00:00,171.71523917267658,0.024872904120394917
2025-06-27 06:00:00+00:00,171.71523917267658,0.024872904120394917
2025-06-27 12:00:00+00:00,171.71523917267658,0.024872904120394917
2025-06-27 18:00:00+00:00,171.71523917267658,0.024872904120394917
2025-06-28 00:00:00+00:00,171.71523917267658,0.024872904120394917
2025-06-28 06:00:00+00:00,171.71523917267658,0.024872904120394917
2025-06-28 12:00:00+00:00,171.71523917267658,0.024872904120394917
2025-06-28 18:00:00+00:00,171.71523917267658,0.024872904120394917
2025-06-29 00:00:00+00:00,171.71523917267658,0.024872904120394917
2025-06-29 06:00:00+00:00,171.71523917267658,0.024872904120394917
2025-06-29 12:00:00+00:00,171.71523917267658,0.024872904120394917
2025-06-29 18:00:00+00:00,171.71523917267658,0.024872904120394917
2025-06-30 00:00:00+00:00,171.11514581362064,0.028280681422468878
2025-06-30 06:00:00+00:00,168.71523917267658,0.04190913981929556
2025-06-30 12:00:00+00:00,167.71523917267658,0.04758788505226245
2025-06-30 18:00:00+00:00,167.06387361931485,0.051286824083334195
2025-07-01 00:00:00+00:00,165.71523917267658,0.05894537551819621
2025-07-01 06:00:00+00:00,165.71523917267658,0.05894537551819621
2025-07-01 12:00:00+00:00,165.71523917267658,0.05894537551819621
2025-07-01 18:00:00+00:00,164.71523917267658,0.06462412075116308
2025-07-02 00:00:00+00:00,164.71523917267658,0.06462412075116308
2025-07-02 06:00:00+00:00,164.83928188508327,0.06391971378939931
2025-07-02 12:00:00+00:00,167.17523917267658,0.05065440747806452
2025-07-02 18:00:00+00:00,168.6352391726766,0.042363439437932825
2025-07-03 00:00:00+00:00,173.71906039176667,0.01349371392476913
2025-07-03 06:00:00+00:00,174.10476300277307,0.011303407061173689
2025-07-03 12:00:00+00:00,172.7152391726766,0.019194158887427874
2025-07-03 18:00:00+00:00,176.78993051895768,0.0
2025-07-04 00:00:00+00:00,170.62242299407106,0.03488607923981993
2025-07-04 06:00:00+00:00,169.7152391726766,0.040017501706763964
2025-07-04 12:00:00+00:00,168.7152391726766,0.04567393246084906
2025-07-04 18:00:00+00:00,170.1861017614784,0.037354100078517374
2025-07-05 00:00:00+00:00,171.74348567903323,0.0285448657913427
2025-07-05 06:00:00+00:00,171.48256979701225,0.030020718410635416
2025-07-05 12:00:00+00:00,169.67102947624545,0.040267570793285905
2025-07-05 18:00:00+00:00,171.27708164122376,0.031183047934637644
2025-07-06 00:00:00+00:00,170.52542759768173,0.03543472698296122
2025-07-06 06:00:00+00:00,171.2581551005591,0.0312901046013217
2025-07-06 12:00:00+00:00,171.1752391726766,0.03175911280579967
2025-07-06 18:00:00+00:00,171.1752391726766,0.03175911280579967
2025-07-07 00:00:00+00:00,170.9394413390957,0.033092886923413334
2025-07-07 06:00:00+00:00,169.1427910312912,0.043255514978815156
2025-07-07 12:00:00+00:00,168.1752391726766,0.04872840506805497
2025-07-07 18:00:00+00:00,169.34963149618153,0.0420855362120203
2025-07-08 00:00:00+00:00,170.6621876224517,0.03466115337292284
2025-07-08 06:00:00+00:00,170.63523917267662,0.03481358541300558
2025-07-08 12:00:00+00:00,173.09523917267663,0.020898765757956194
2025-07-08 18:00:00+00:00,172.91390029457847,0.02192449656494191
2025-07-09 00:00:00+00:00,174.9734035710982,0.010275058893496659
2025-07-09 06:00:00+00:00,176.79774530456123,0.0
2025-07-09 12:00:00+00:00,179.0597088395839,0.0
2025-07-09 18:00:00+00:00,179.79523917267665,0.0
2025-07-10 00:00:00+00:00,182.01344797822486,0.0
2025-07-10 06:00:00+00:00,181.4334429293045,0.0031866054698867327
2025-07-10 12:00:00+00:00,184.87523917267666,0.0
2025-07-10 18:00:00+00:00,189.95523917267667,0.0
2025-07-11 00:00:00+00:00,195.03523917267668,0.0
2025-07-11 06:00:00+00:00,193.03523917267668,0.010254557117389833
2025-07-11 12:00:00+00:00,194.6552391726767,0.001948365852304045
2025-07-11 18:00:00+00:00,193.6552391726767,0.007075644410998961
2025-07-12 00:00:00+00:00,195.55885125505225,0.0
2025-07-12 06:00:00+00:00,195.9562660779138,0.0
2025-07-12 12:00:00+00:00,193.2752391726767,0.013681761542502072
2025-07-12 18:00:00+00:00,193.55005522837595,0.012279325880710104
2025-07-13 00:00:00+00:00,194.50599433121485,0.007400997047587676
2025-07-13 06:00:00+00:00,198.93572713911885,0.0
2025-07-13 12:00:00+00:00,198.3552391726767,0.002917967399773319
2025-07-13 18:00:00+00:00,197.3552391726767,0.007944716563339522
2025-07-14 00:00:00+00:00,199.8152391726767,0.0
2025-07-14 06:00:00+00:00,200.48266742717453,0.0
2025-07-14 12:00:00+00:00,196.8152391726767,0.018292994110475993
2025-07-14 18:00:00+00:00,197.41851730974375,0.015283865467042627
2025-07-15 00:00:00+00:00,195.8152391726767,0.023280956475667743
2025-07-15 06:00:00+00:00,196.72810002524093,0.01872764089842055
2025-07-15 12:00:00+00:00,198.27523917267672,0.011010569057296003
2025-07-15 18:00:00+00:00,197.27523917267672,0.01599853142248775
2025-07-16 00:00:00+00:00,196.27523917267672,0.020986493787679496
2025-07-16 06:00:00+00:00,197.3473922449189,0.01563863461361083
2025-07-16 12:00:00+00:00,198.73523917267673,0.00871610636930776
2025-07-16 18:00:00+00:00,201.19523917267674,0.0
2025-07-17 00:00:00+00:00,202.81523917267674,0.0
2025-07-17 06:00:00+00:00,207.89523917267675,0.0
2025-07-17 12:00:00+00:00,206.89523917267675,0.004810114959724523
2025-07-17 18:00:00+00:00,211.97523917267677,0.0
2025-07-18 00:00:00+00:00,214.43523917267677,0.0
2025-07-18 06:00:00+00:00,213.43523917267677,0.00466341261752569
2025-07-18 12:00:00+00:00,215.05523917267678,0.0
2025-07-18 18:00:00+00:00,213.05523917267678,0.009299936182415518
2025-07-19 00:00:00+00:00,214.67523917267678,0.0017669878746589273
2025-07-19 06:00:00+00:00,213.67523917267678,0.006416955965866687
2025-07-19 12:00:00+00:00,211.56343148494247,0.01623679432859848
2025-07-19 18:00:00+00:00,216.36552744842191,0.0
2025-07-20 00:00:00+00:00,216.7552391726768,0.0
2025-07-20 06:00:00+00:00,218.2152391726768,0.0
2025-07-20 12:00:00+00:00,218.8816643342493,0.0
2025-07-20 18:00:00+00:00,222.4552391726768,0.0
2025-07-21 00:00:00+00:00,220.4552391726768,0.008990572698751035
2025-07-21 06:00:00+00:00,223.5679681253766,0.0
2025-07-21 12:00:00+00:00,225.53523917267682,0.0
2025-07-21 18:00:00+00:00,224.53523917267682,0.004433896909716928
2025-07-22 00:00:00+00:00,222.53523917267682,0.013301690729150785
2025-07-22 06:00:00+00:00,221.53523917267682,0.017735587638867713
2025-07-22 12:00:00+00:00,220.53523917267682,0.02216948454858464
2025-07-22 18:00:00+00:00,219.53523917267682,0.02660338145830157
2025-07-23 00:00:00+00:00,218.53523917267682,0.031037278368018496
2025-07-23 06:00:00+00:00,217.53523917267682,0.035471175277735426
2025-07-23 12:00:00+00:00,216.53523917267682,0.03990507218745235
2025-07-23 18:00:00+00:00,215.53523917267682,0.04433896909716928
2025-07-24 00:00:00+00:00,218.15523917267683,0.03272215919371091
2025-07-24 06:00:00+00:00,220.77523917267683,0.021105349290252536
2025-07-24 12:00:00+00:00,220.77523917267683,0.021105349290252536
2025-07-24 18:00:00+00:00,218.64074155341123,0.03056949168811243
2025-07-25 00:00:00+00:00,219.77523917267683,0.025539246199969466
2025-07-25 06:00:00+00:00,222.23523917267684,0.014631859802065786
2025-07-25 12:00:00+00:00,221.23523917267684,0.019065756711782716
2025-07-25 18:00:00+00:00,223.69523917267685,0.008158370313879037
2025-07-26 00:00:00+00:00,223.69523917267685,0.008158370313879037
2025-07-26 06:00:00+00:00,222.7196503229124,0.01248403070000392
2025-07-26 12:00:00+00:00,220.787578402571,0.021050638416956504
2025-07-26 18:00:00+00:00,222.69523917267685,0.012592267223595964
2025-07-27 00:00:00+00:00,228.72795193209126,0.0
2025-07-27 06:00:00+00:00,225.15523917267686,0.015619921960719213
2025-07-27 12:00:00+00:00,225.15523917267686,0.015619921960719213
2025-07-27 18:00:00+00:00,225.15523917267686,0.015619921960719213
2025-07-28 00:00:00+00:00,225.15523917267686,0.015619921960719213
2025-07-28 06:00:00+00:00,224.15523917267686,0.019991928055964177
2025-07-28 12:00:00+00:00,224.15523917267686,0.019991928055964177
2025-07-28 18:00:00+00:00,225.6292586969865,0.013547505711172289
2025-07-29 00:00:00+00:00,223.15523917267686,0.02436393415120914
2025-07-29 06:00:00+00:00,223.15523917267686,0.02436393415120914
2025-07-29 12:00:00+00:00,223.15523917267686,0.02436393415120914
2025-07-29 18:00:00+00:00,223.15523917267686,0.02436393415120914
2025-07-30 00:00:00+00:00,225.14207946121175,0.015677456299456327
2025-07-30 06:00:00+00:00,222.15523917267686,0.028735940246454105
2025-07-30 12:00:00+00:00,222.15523917267686,0.028735940246454105
2025-07-30 18:00:00+00:00,221.15523917267686,0.033107946341699064
2025-07-31 00:00:00+00:00,226.8347013947529,0.008277302889069115
2025-07-31 06:00:00+00:00,224.48974552023927,0.01852946426552319
2025-07-31 12:00:00+00:00,220.15523917267686,0.03747995243694403
2025-07-31 18:00:00+00:00,220.15523917267686,0.03747995243694403
2025-08-01 00:00:00+00:00,220.15523917267686,0.03747995243694403
2025-08-01 06:00:00+00:00,220.15523917267686,0.03747995243694403
2025-08-01 12:00:00+00:00,220.15523917267686,0.03747995243694403
2025-08-01 18:00:00+00:00,220.15523917267686,0.03747995243694403
2025-08-02 00:00:00+00:00,219.15523917267686,0.041851958532188996
2025-08-02 06:00:00+00:00,220.5581676120538,0.03571834684404046
2025-08-02 12:00:00+00:00,221.61523917267687,0.03109682353788635
2025-08-02 18:00:00+00:00,225.54516135094883,0.013915179820642951
2025-08-03 00:00:00+00:00,224.07523917267687,0.020341688543583702
2025-08-03 06:00:00+00:00,223.07523917267687,0.02471369463882867
2025-08-03 12:00:00+00:00,222.47068534473595,0.02735680765949004
2025-08-03 18:00:00+00:00,222.07523917267687,0.02908570073407363
2025-08-04 00:00:00+00:00,222.07523917267687,0.02908570073407363
2025-08-04 06:00:00+00:00,222.07523917267687,0.02908570073407363
2025-08-04 12:00:00+00:00,222.07523917267687,0.02908570073407363
2025-08-04 18:00:00+00:00,222.07523917267687,0.02908570073407363
2025-08-05 00:00:00+00:00,222.07523917267687,0.02908570073407363
2025-08-05 06:00:00+00:00,222.07523917267687,0.02908570073407363
2025-08-05 12:00:00+00:00,221.07523917267687,0.0334577068293186
2025-08-05 18:00:00+00:00,220.07523917267687,0.03782971292456356
2025-08-06 00:00:00+00:00,220.07523917267687,0.03782971292456356
2025-08-06 06:00:00+00:00,217.7964350156239,0.04779265858906872
2025-08-06 12:00:00+00:00,219.07523917267687,0.04220171901980852
2025-08-06 18:00:00+00:00,219.07523917267687,0.04220171901980852
2025-08-07 00:00:00+00:00,219.07523917267687,0.04220171901980852
2025-08-07 06:00:00+00:00,219.07523917267687,0.04220171901980852
2025-08-07 12:00:00+00:00,218.07523917267687,0.046573725115053484
2025-08-07 18:00:00+00:00,220.53523917267688,0.03581859012075084
2025-08-08 00:00:00+00:00,220.53523917267688,0.03581859012075084
2025-08-08 06:00:00+00:00,224.95105875386696,0.016512599996285755
2025-08-08 12:00:00+00:00,228.2352391726769,0.0021541431873645465
2025-08-08 18:00:00+00:00,229.9237725528919,0.0
2025-08-09 00:00:00+00:00,233.3152391726769,0.0
2025-08-09 06:00:00+00:00,238.55068526859387,0.0
2025-08-09 12:00:00+00:00,241.74843685881095,0.0
2025-08-09 18:00:00+00:00,237.39523917267692,0.018007138919687967
2025-08-10 00:00:00+00:00,232.67573713380176,0.03752950729649575
2025-08-10 06:00:00+00:00,234.39523917267692,0.03041673312009266
2025-08-10 12:00:00+00:00,244.78975669253782,0.0
2025-08-10 18:00:00+00:00,244.73177024193083,0.00023688266776547375
2025-08-11 00:00:00+00:00,239.47523917267694,0.021710538838175548
2025-08-11 06:00:00+00:00,237.47523917267694,0.0298808153522866
2025-08-11 12:00:00+00:00,239.93523917267694,0.019831375239929974
2025-08-11 18:00:00+00:00,238.93523917267694,0.023916513496985498
2025-08-12 00:00:00+00:00,241.39523917267695,0.013867073384628876
2025-08-12 06:00:00+00:00,241.39523917267695,0.013867073384628876
2025-08-12 12:00:00+00:00,243.85523917267696,0.0038176332722722516
2025-08-12 18:00:00+00:00,246.31523917267697,0.0
2025-08-13 00:00:00+00:00,248.77523917267698,0.0
2025-08-13 06:00:00+00:00,254.97650358561083,0.0
2025-08-13 12:00:00+00:00,251.23523917267698,0.01467297715798224
2025-08-13 18:00:00+00:00,252.67339940131885,0.009032613405174772
2025-08-14 00:00:00+00:00,253.63251572179914,0.005271026329531709
2025-08-14 06:00:00+00:00,250.855239172677,0.016163310559908457
2025-08-14 12:00:00+00:00,249.855239172677,0.020085240564977493
2025-08-14 18:00:00+00:00,248.855239172677,0.024007170570046532
2025-08-15 00:00:00+00:00,251.315239172677,0.01435922275757667
2025-08-15 06:00:00+00:00,252.9897232664407,0.0077920133472339425
2025-08-15 12:00:00+00:00,250.315239172677,0.018281152762645705
2025-08-15 18:00:00+00:00,249.315239172677,0.02220308276771474
2025-08-16 00:00:00+00:00,249.315239172677,0.02220308276771474
2025-08-16 06:00:00+00:00,249.315239172677,0.02220308276771474
2025-08-16 12:00:00+00:00,249.315239172677,0.02220308276771474
2025-08-16 18:00:00+00:00,249.315239172677,0.02220308276771474
2025-08-17 00:00:00+00:00,249.315239172677,0.02220308276771474
2025-08-17 06:00:00+00:00,249.315239172677,0.02220308276771474
2025-08-17 12:00:00+00:00,249.315239172677,0.02220308276771474
2025-08-17 18:00:00+00:00,249.315239172677,0.02220308276771474
2025-08-18 00:00:00+00:00,249.315239172677,0.02220308276771474
2025-08-18 06:00:00+00:00,249.315239172677,0.02220308276771474
2025-08-18 12:00:00+00:00,249.315239172677,0.02220308276771474
2025-08-18 18:00:00+00:00,249.315239172677,0.02220308276771474
2025-08-19 00:00:00+00:00,249.315239172677,0.02220308276771474
2025-08-19 06:00:00+00:00,248.315239172677,0.02612501277278378
2025-08-19 12:00:00+00:00,248.315239172677,0.02612501277278378
2025-08-19 18:00:00+00:00,248.315239172677,0.02612501277278378
2025-08-20 00:00:00+00:00,248.315239172677,0.02612501277278378
2025-08-20 06:00:00+00:00,248.315239172677,0.02612501277278378
2025-08-20 12:00:00+00:00,250.775239172677,0.016477064960313918
2025-08-20 18:00:00+00:00,250.775239172677,0.016477064960313918
2025-08-21 00:00:00+00:00,250.775239172677,0.016477064960313918
2025-08-21 06:00:00+00:00,250.775239172677,0.016477064960313918
2025-08-21 12:00:00+00:00,250.775239172677,0.016477064960313918
2025-08-21 18:00:00+00:00,250.775239172677,0.016477064960313918
2025-08-22 00:00:00+00:00,250.775239172677,0.016477064960313918
2025-08-22 06:00:00+00:00,250.775239172677,0.016477064960313918
2025-08-22 12:00:00+00:00,250.775239172677,0.016477064960313918
2025-08-22 18:00:00+00:00,250.775239172677,0.016477064960313918
2025-08-23 00:00:00+00:00,248.775239172677,0.02432092497045199
2025-08-23 06:00:00+00:00,248.775239172677,0.02432092497045199
2025-08-23 12:00:00+00:00,254.40141997854553,0.002255437653972713
2025-08-23 18:00:00+00:00,256.96190031857685,0.0
2025-08-24 00:00:00+00:00,249.31769328374654,0.029748406379907538
2025-08-24 06:00:00+00:00,249.235239172677,0.030069287066761496
2025-08-24 12:00:00+00:00,254.31523917267702,0.010299819321924936
2025-08-24 18:00:00+00:00,253.31523917267702,0.014191446830751022
2025-08-25 00:00:00+00:00,252.31523917267702,0.018083074339577107
2025-08-25 06:00:00+00:00,251.31523917267702,0.02197470184840319
2025-08-25 12:00:00+00:00,249.8908644156436,0.02751783783575197
2025-08-25 18:00:00+00:00,250.31523917267702,0.025866329357229274
2025-08-26 00:00:00+00:00,248.31523917267702,0.03364958437488145
2025-08-26 06:00:00+00:00,248.31523917267702,0.03364958437488145
2025-08-26 12:00:00+00:00,248.31523917267702,0.03364958437488145
2025-08-26 18:00:00+00:00,248.31523917267702,0.03364958437488145
2025-08-27 00:00:00+00:00,248.31523917267702,0.03364958437488145
2025-08-27 06:00:00+00:00,248.31523917267702,0.03364958437488145
2025-08-27 12:00:00+00:00,248.31523917267702,0.03364958437488145
2025-08-27 18:00:00+00:00,248.31523917267702,0.03364958437488145
2025-08-28 00:00:00+00:00,248.31523917267702,0.03364958437488145
2025-08-28 06:00:00+00:00,248.31523917267702,0.03364958437488145
2025-08-28 12:00:00+00:00,248.31523917267702,0.03364958437488145
2025-08-28 18:00:00+00:00,248.31523917267702,0.03364958437488145
2025-08-29 00:00:00+00:00,248.31523917267702,0.03364958437488145
2025-08-29 06:00:00+00:00,248.31523917267702,0.03364958437488145
2025-08-29 12:00:00+00:00,247.31523917267702,0.03754121188370753
2025-08-29 18:00:00+00:00,247.31523917267702,0.03754121188370753
2025-08-30 00:00:00+00:00,247.31523917267702,0.03754121188370753
2025-08-30 06:00:00+00:00,245.8587154677673,0.04320945960099151
2025-08-30 12:00:00+00:00,249.2700770388474,0.029933711068423997
2025-08-30 18:00:00+00:00,247.96044866492173,0.03503029687473233
2025-08-31 00:00:00+00:00,246.31523917267702,0.041432839392533616
2025-08-31 06:00:00+00:00,246.31523917267702,0.041432839392533616
2025-08-31 12:00:00+00:00,246.31523917267702,0.041432839392533616
2025-08-31 18:00:00+00:00,246.31523917267702,0.041432839392533616
2025-09-01 00:00:00+00:00,246.31523917267702,0.041432839392533616
2025-09-01 06:00:00+00:00,246.31523917267702,0.041432839392533616
2025-09-01 12:00:00+00:00,246.31523917267702,0.041432839392533616
2025-09-01 18:00:00+00:00,246.31523917267702,0.041432839392533616
2025-09-02 00:00:00+00:00,246.31523917267702,0.041432839392533616
2025-09-02 06:00:00+00:00,246.31523917267702,0.041432839392533616
2025-09-02 12:00:00+00:00,246.31523917267702,0.041432839392533616
2025-09-02 18:00:00+00:00,246.31523917267702,0.041432839392533616
2025-09-03 00:00:00+00:00,246.31523917267702,0.041432839392533616
2025-09-03 06:00:00+00:00,245.31523917267702,0.0453244669013597
2025-09-03 12:00:00+00:00,245.31523917267702,0.0453244669013597
2025-09-03 18:00:00+00:00,245.31523917267702,0.0453244669013597
2025-09-04 00:00:00+00:00,245.31523917267702,0.0453244669013597
2025-09-04 06:00:00+00:00,245.31523917267702,0.0453244669013597
2025-09-04 12:00:00+00:00,245.31523917267702,0.0453244669013597
2025-09-04 18:00:00+00:00,245.31523917267702,0.0453244669013597
2025-09-05 00:00:00+00:00,245.31523917267702,0.0453244669013597
2025-09-05 06:00:00+00:00,245.31523917267702,0.0453244669013597
2025-09-05 12:00:00+00:00,245.31523917267702,0.0453244669013597
2025-09-05 18:00:00+00:00,245.31523917267702,0.0453244669013597
2025-09-06 00:00:00+00:00,245.31523917267702,0.0453244669013597
2025-09-06 06:00:00+00:00,244.76099132661543,0.047481393065800626
2025-09-06 12:00:00+00:00,247.92077543869885,0.03518469029326515
2025-09-06 18:00:00+00:00,247.79392696258995,0.03567833731234323
2025-09-07 00:00:00+00:00,245.38494869558383,0.045053183404388436
2025-09-07 06:00:00+00:00,243.57021554188086,0.052115448866517644
2025-09-07 12:00:00+00:00,247.60194007983037,0.036425478746624176
2025-09-07 18:00:00+00:00,244.09360835321334,0.050078599004014325
2025-09-08 00:00:00+00:00,245.135822859622,0.04602268836077675
2025-09-08 06:00:00+00:00,246.21535290610277,0.04182155953528794
2025-09-08 12:00:00+00:00,246.93523917267703,0.039020030337061425
2025-09-08 18:00:00+00:00,249.55523917267703,0.028823966263937066
2025-09-09 00:00:00+00:00,248.55523917267703,0.03271559377276315
2025-09-09 06:00:00+00:00,251.17523917267704,0.02251952969963879
2025-09-09 12:00:00+00:00,253.79523917267704,0.01232346562651443
2025-09-09 18:00:00+00:00,255.21273509003032,0.006807099520893744
2025-09-10 00:00:00+00:00,252.79523917267704,0.016215093135340513
2025-09-10 06:00:00+00:00,254.42120362293772,0.009887445152332763
2025-09-10 12:00:00+00:00,255.41523917267705,0.0060190290622161545
2025-09-10 18:00:00+00:00,254.41523917267705,0.00991065657104224
2025-09-11 00:00:00+00:00,257.03523917267705,0.0
2025-09-11 06:00:00+00:00,258.8449844258831,0.0
2025-09-11 12:00:00+00:00,256.03523917267705,0.010854934119886753
2025-09-11 18:00:00+00:00,258.65523917267706,0.0007330458947347338
2025-09-12 00:00:00+00:00,261.27523917267706,0.0
2025-09-12 06:00:00+00:00,260.27523917267706,0.0038273814356327087
2025-09-12 12:00:00+00:00,265.35523917267705,0.0
2025-09-12 18:00:00+00:00,270.43523917267703,0.0
2025-09-13 00:00:00+00:00,274.41253104985407,0.0
2025-09-13 06:00:00+00:00,276.59388003709466,0.0
2025-09-13 12:00:00+00:00,277.29523917267704,0.0
2025-09-13 18:00:00+00:00,280.1609781483683,0.0
2025-09-14 00:00:00+00:00,280.22169190880874,0.0
2025-09-14 06:00:00+00:00,274.44728279296584,0.020606574303755325
2025-09-14 12:00:00+00:00,272.29523917267704,0.028286363850487217
2025-09-14 18:00:00+00:00,272.29523917267704,0.028286363850487217
2025-09-15 00:00:00+00:00,271.29523917267704,0.031854966956079145
2025-09-15 06:00:00+00:00,270.29523917267704,0.03542357006167108
2025-09-15 12:00:00+00:00,270.29523917267704,0.03542357006167108
2025-09-15 18:00:00+00:00,270.29523917267704,0.03542357006167108
2025-09-16 00:00:00+00:00,270.29523917267704,0.03542357006167108
2025-09-16 06:00:00+00:00,270.29523917267704,0.03542357006167108
2025-09-16 12:00:00+00:00,270.29523917267704,0.03542357006167108
2025-09-16 18:00:00+00:00,270.29523917267704,0.03542357006167108
2025-09-17 00:00:00+00:00,270.29523917267704,0.03542357006167108
2025-09-17 06:00:00+00:00,270.29523917267704,0.03542357006167108
2025-09-17 12:00:00+00:00,270.29523917267704,0.03542357006167108
2025-09-17 18:00:00+00:00,270.29523917267704,0.03542357006167108
2025-09-18 00:00:00+00:00,270.29523917267704,0.03542357006167108
2025-09-18 06:00:00+00:00,270.29523917267704,0.03542357006167108
2025-09-18 12:00:00+00:00,270.29523917267704,0.03542357006167108
2025-09-18 18:00:00+00:00,270.29523917267704,0.03542357006167108
2025-09-19 00:00:00+00:00,270.29523917267704,0.03542357006167108
2025-09-19 06:00:00+00:00,273.4647365802026,0.02411289177000976
2025-09-19 12:00:00+00:00,272.755239172677,0.026644806421915003
2025-09-19 18:00:00+00:00,271.59137317731563,0.030798182227454503
2025-09-20 00:00:00+00:00,270.4581030283096,0.03484237360067203
2025-09-20 06:00:00+00:00,271.4628706226227,0.031256756843208236
2025-09-20 12:00:00+00:00,271.755239172677,0.03021340952750693
2025-09-20 18:00:00+00:00,272.3928720171347,0.027937950978547774
2025-09-21 00:00:00+00:00,272.6789582363211,0.02691702280829228
2025-09-21 06:00:00+00:00,274.81733150176456,0.01928601733231593
2025-09-21 12:00:00+00:00,271.07032936826914,0.03265758078256725
2025-09-21 18:00:00+00:00,276.6405250342062,0.01277976323034964
2025-09-22 00:00:00+00:00,274.215239172677,0.021434645887750858
2025-09-22 06:00:00+00:00,276.675239172677,0.01265588224799478
2025-09-22 12:00:00+00:00,278.81496871493755,0.0050200367583569175
2025-09-22 18:00:00+00:00,274.32365522029176,0.021047752043536847
2025-09-23 00:00:00+00:00,276.3998284395147,0.013638713845671075
2025-09-23 06:00:00+00:00,275.675239172677,0.016224485353586712
2025-09-23 12:00:00+00:00,281.30687676525713,0.0
2025-09-23 18:00:00+00:00,279.31343495386494,0.007086360043219492
2025-09-24 00:00:00+00:00,278.13523917267696,0.011274653606235205
2025-09-24 06:00:00+00:00,276.8988543349479,0.015669799761019062
2025-09-24 12:00:00+00:00,276.7854857144441,0.016072806689990678
2025-09-24 18:00:00+00:00,280.84008108304846,0.0016593824067735023
2025-09-25 00:00:00+00:00,280.59523917267694,0.0025297554072026152
2025-09-25 06:00:00+00:00,283.66413299188144,0.0
2025-09-25 12:00:00+00:00,283.0552391726769,0.0021465308736157754
2025-09-25 18:00:00+00:00,282.0552391726769,0.005671826755942288
2025-09-26 00:00:00+00:00,281.0552391726769,0.009197122638268801
2025-09-26 06:00:00+00:00,283.24095505595915,0.0014918274349983063
2025-09-26 12:00:00+00:00,280.0552391726769,0.012722418520595314
2025-09-26 18:00:00+00:00,280.0552391726769,0.012722418520595314
2025-09-27 00:00:00+00:00,280.0552391726769,0.012722418520595314
2025-09-27 06:00:00+00:00,280.0552391726769,0.012722418520595314
2025-09-27 12:00:00+00:00,280.0552391726769,0.012722418520595314
2025-09-27 18:00:00+00:00,280.0552391726769,0.012722418520595314
2025-09-28 00:00:00+00:00,280.0552391726769,0.012722418520595314
2025-09-28 06:00:00+00:00,280.0552391726769,0.012722418520595314
2025-09-28 12:00:00+00:00,280.0552391726769,0.012722418520595314
2025-09-28 18:00:00+00:00,280.0552391726769,0.012722418520595314
2025-09-29 00:00:00+00:00,280.0552391726769,0.012722418520595314
2025-09-29 06:00:00+00:00,280.0552391726769,0.012722418520595314
2025-09-29 12:00:00+00:00,280.0552391726769,0.012722418520595314
2025-09-29 18:00:00+00:00,280.0552391726769,0.012722418520595314
2025-09-30 00:00:00+00:00,280.0552391726769,0.012722418520595314
2025-09-30 06:00:00+00:00,280.0552391726769,0.012722418520595314
2025-09-30 12:00:00+00:00,280.0552391726769,0.012722418520595314
2025-09-30 18:00:00+00:00,282.5152391726769,0.004050190650072165
2025-10-01 00:00:00+00:00,282.3338682333737,0.004689576875571352
2025-10-01 06:00:00+00:00,284.9752391726769,0.0
2025-10-01 12:00:00+00:00,284.1568022134636,0.0028719581448174583
2025-10-01 18:00:00+00:00,291.52406132443684,0.0
2025-10-02 00:00:00+00:00,287.43523917267686,0.01402567641649839
2025-10-02 06:00:00+00:00,289.5213203957089,0.0068698992447798965
2025-10-02 12:00:00+00:00,291.51523917267684,3.0262173626149807e-05
2025-10-02 18:00:00+00:00,296.4642157268085,0.0
2025-10-03 00:00:00+00:00,295.5952391726768,0.0029311347138517335
2025-10-03 06:00:00+00:00,294.5952391726768,0.00630422308995949
2025-10-03 12:00:00+00:00,299.6752391726768,0.0
2025-10-03 18:00:00+00:00,309.67152972173335,0.0
2025-10-04 00:00:00+00:00,302.99321991820597,0.021565785558421927
2025-10-04 06:00:00+00:00,299.41181838555264,0.03313094796089247
2025-10-04 12:00:00+00:00,295.76873141367753,0.0448953067159538
2025-10-04 18:00:00+00:00,298.89725597247235,0.034792587355197344
2025-10-05 00:00:00+00:00,299.1352391726768,0.03402408532203244
2025-10-05 06:00:00+00:00,298.1352391726768,0.037253313404118596
2025-10-05 12:00:00+00:00,296.1352391726768,0.04371176956829091
2025-10-05 18:00:00+00:00,296.442466772433,0.04271966157556616
2025-10-06 00:00:00+00:00,298.1650420326044,0.03715707317191391
2025-10-06 06:00:00+00:00,303.80148684351593,0.018955707305389553
2025-10-06 12:00:00+00:00,301.2152391726768,0.02730729091129328
2025-10-06 18:00:00+00:00,296.29428781290284,0.04319816523285535
2025-10-07 00:00:00+00:00,302.30736819880366,0.023780557190862937
2025-10-07 06:00:00+00:00,298.2152391726768,0.036994975157551756
2025-10-07 12:00:00+00:00,296.2152391726768,0.04345343132172407
2025-10-07 18:00:00+00:00,295.2152391726768,0.04668265940381023
2025-10-08 00:00:00+00:00,293.9683473954151,0.05070915734626597
2025-10-08 06:00:00+00:00,300.5414190646857,0.0294832097262923
2025-10-08 12:00:00+00:00,297.67523917267675,0.03873875832187835
2025-10-08 18:00:00+00:00,297.67523917267675,0.03873875832187835
2025-10-09 00:00:00+00:00,297.67523917267675,0.03873875832187835
2025-10-09 06:00:00+00:00,300.13523917267673,0.030794857239946464
2025-10-09 12:00:00+00:00,302.5952391726767,0.022850956158014576
2025-10-09 18:00:00+00:00,302.5952391726767,0.022850956158014576
2025-10-10 00:00:00+00:00,302.5952391726767,0.022850956158014576
2025-10-10 06:00:00+00:00,306.03946784160814,0.01172875621917497
2025-10-10 12:00:00+00:00,305.0552391726767,0.014907055076082691
2025-10-10 18:00:00+00:00,305.0552391726767,0.014907055076082691
2025-10-11 00:00:00+00:00,305.0552391726767,0.014907055076082691
2025-10-11 06:00:00+00:00,305.0552391726767,0.014907055076082691
2025-10-11 12:00:00+00:00,305.0552391726767,0.014907055076082691
2025-10-11 18:00:00+00:00,307.5152391726767,0.0069631539941508065
2025-10-12 00:00:00+00:00,306.5152391726767,0.010192382076236966
2025-10-12 06:00:00+00:00,306.5152391726767,0.010192382076236966
2025-10-12 12:00:00+00:00,306.5152391726767,0.010192382076236966
2025-10-12 18:00:00+00:00,305.5152391726767,0.013421610158323124
2025-10-13 00:00:00+00:00,305.5152391726767,0.013421610158323124
2025-10-13 06:00:00+00:00,307.97523917267665,0.0054777090763912396
2025-10-13 12:00:00+00:00,307.97523917267665,0.0054777090763912396
2025-10-13 18:00:00+00:00,307.97523917267665,0.0054777090763912396
2025-10-14 00:00:00+00:00,307.97523917267665,0.0054777090763912396
2025-10-14 06:00:00+00:00,307.97523917267665,0.0054777090763912396
2025-10-14 12:00:00+00:00,307.97523917267665,0.0054777090763912396
2025-10-14 18:00:00+00:00,307.97523917267665,0.0054777090763912396
2025-10-15 00:00:00+00:00,307.97523917267665,0.0054777090763912396
2025-10-15 06:00:00+00:00,307.97523917267665,0.0054777090763912396
2025-10-15 12:00:00+00:00,307.97523917267665,0.0054777090763912396
2025-10-15 18:00:00+00:00,307.97523917267665,0.0054777090763912396
2025-10-16 00:00:00+00:00,307.97523917267665,0.0054777090763912396
2025-10-16 06:00:00+00:00,307.97523917267665,0.0054777090763912396
2025-10-16 12:00:00+00:00,307.97523917267665,0.0054777090763912396
2025-10-16 18:00:00+00:00,307.97523917267665,0.0054777090763912396
2025-10-17 00:00:00+00:00,307.97523917267665,0.0054777090763912396
2025-10-17 06:00:00+00:00,307.97523917267665,0.0054777090763912396
2025-10-17 12:00:00+00:00,307.97523917267665,0.0054777090763912396
2025-10-17 18:00:00+00:00,307.97523917267665,0.0054777090763912396
2025-10-18 00:00:00+00:00,307.97523917267665,0.0054777090763912396
2025-10-18 06:00:00+00:00,307.97523917267665,0.0054777090763912396
2025-10-18 12:00:00+00:00,307.97523917267665,0.0054777090763912396
2025-10-18 18:00:00+00:00,307.97523917267665,0.0054777090763912396
2025-10-19 00:00:00+00:00,307.97523917267665,0.0054777090763912396
2025-10-19 06:00:00+00:00,307.97523917267665,0.0054777090763912396
2025-10-19 12:00:00+00:00,307.97523917267665,0.0054777090763912396
2025-10-19 18:00:00+00:00,307.97523917267665,0.0054777090763912396
2025-10-20 00:00:00+00:00,307.97523917267665,0.0054777090763912396
2025-10-20 06:00:00+00:00,307.97523917267665,0.0054777090763912396
2025-10-20 12:00:00+00:00,307.97523917267665,0.0054777090763912396
2025-10-20 18:00:00+00:00,307.97523917267665,0.0054777090763912396
2025-10-21 00:00:00+00:00,307.97523917267665,0.0054777090763912396
2025-10-21 06:00:00+00:00,307.97523917267665,0.0054777090763912396
2025-10-21 12:00:00+00:00,307.97523917267665,0.0054777090763912396
2025-10-21 18:00:00+00:00,307.97523917267665,0.0054777090763912396
2025-10-22 00:00:00+00:00,307.97523917267665,0.0054777090763912396
2025-10-22 06:00:00+00:00,307.97523917267665,0.0054777090763912396
2025-10-22 12:00:00+00:00,307.97523917267665,0.0054777090763912396
2025-10-22 18:00:00+00:00,307.97523917267665,0.0054777090763912396
2025-10-23 00:00:00+00:00,307.97523917267665,0.0054777090763912396
2025-10-23 06:00:00+00:00,307.97523917267665,0.0054777090763912396
2025-10-23 12:00:00+00:00,307.97523917267665,0.0054777090763912396
2025-10-23 18:00:00+00:00,307.97523917267665,0.0054777090763912396
2025-10-24 00:00:00+00:00,307.97523917267665,0.0054777090763912396
2025-10-24 06:00:00+00:00,307.97523917267665,0.0054777090763912396
2025-10-24 12:00:00+00:00,307.97523917267665,0.0054777090763912396
2025-10-24 18:00:00+00:00,307.97523917267665,0.0054777090763912396
2025-10-25 00:00:00+00:00,307.97523917267665,0.0054777090763912396
2025-10-25 06:00:00+00:00,307.97523917267665,0.0054777090763912396
2025-10-25 12:00:00+00:00,307.97523917267665,0.0054777090763912396
2025-10-25 18:00:00+00:00,307.97523917267665,0.0054777090763912396
2025-10-26 00:00:00+00:00,307.97523917267665,0.0054777090763912396
2025-10-26 06:00:00+00:00,307.97523917267665,0.0054777090763912396
2025-10-26 12:00:00+00:00,307.97523917267665,0.0054777090763912396
2025-10-26 18:00:00+00:00,307.97523917267665,0.0054777090763912396
2025-10-27 00:00:00+00:00,307.97523917267665,0.0054777090763912396
2025-10-27 06:00:00+00:00,306.97523917267665,0.008706937158477398
2025-10-27 12:00:00+00:00,306.97523917267665,0.008706937158477398
2025-10-27 18:00:00+00:00,305.97523917267665,0.011936165240563557
2025-10-28 00:00:00+00:00,304.97523917267665,0.015165393322649717
2025-10-28 06:00:00+00:00,304.97523917267665,0.015165393322649717
2025-10-28 12:00:00+00:00,303.97523917267665,0.018394621404735877
2025-10-28 18:00:00+00:00,302.97523917267665,0.021623849486822035
2025-10-29 00:00:00+00:00,310.08672259259026,0.0
2025-10-29 06:00:00+00:00,307.73501336141726,0.007584037173571003
2025-10-29 12:00:00+00:00,301.97523917267665,0.02615875762784898
2025-10-29 18:00:00+00:00,301.97523917267665,0.02615875762784898
2025-10-30 00:00:00+00:00,300.97523917267665,0.029383661911525315
2025-10-30 06:00:00+00:00,300.97523917267665,0.029383661911525315
2025-10-30 12:00:00+00:00,303.43523917267663,0.021450397373681596
2025-10-30 18:00:00+00:00,303.43523917267663,0.021450397373681596
2025-10-31 00:00:00+00:00,303.43523917267663,0.021450397373681596
2025-10-31 06:00:00+00:00,299.8188030059609,0.033113057859365226
2025-10-31 12:00:00+00:00,306.8324495970577,0.01049471892354522
2025-10-31 18:00:00+00:00,302.43523917267663,0.024675301657357932
2025-11-01 00:00:00+00:00,302.43523917267663,0.024675301657357932
2025-11-01 06:00:00+00:00,302.43523917267663,0.024675301657357932
2025-11-01 12:00:00+00:00,302.43523917267663,0.024675301657357932
2025-11-01 18:00:00+00:00,302.43523917267663,0.024675301657357932
2025-11-02 00:00:00+00:00,302.43523917267663,0.024675301657357932
2025-11-02 06:00:00+00:00,302.43523917267663,0.024675301657357932
2025-11-02 12:00:00+00:00,302.43523917267663,0.024675301657357932
2025-11-02 18:00:00+00:00,302.43523917267663,0.024675301657357932
2025-11-03 00:00:00+00:00,302.43523917267663,0.024675301657357932
2025-11-03 06:00:00+00:00,302.43523917267663,0.024675301657357932
2025-11-03 12:00:00+00:00,302.43523917267663,0.024675301657357932
2025-11-03 18:00:00+00:00,302.43523917267663,0.024675301657357932
2025-11-04 00:00:00+00:00,302.43523917267663,0.024675301657357932
2025-11-04 06:00:00+00:00,301.43523917267663,0.02790020594103427
2025-11-04 12:00:00+00:00,301.43523917267663,0.02790020594103427
2025-11-04 18:00:00+00:00,301.43523917267663,0.02790020594103427
2025-11-05 00:00:00+00:00,301.43523917267663,0.02790020594103427
2025-11-05 06:00:00+00:00,301.43523917267663,0.02790020594103427
2025-11-05 12:00:00+00:00,300.43523917267663,0.031125110224710602
2025-11-05 18:00:00+00:00,300.43523917267663,0.031125110224710602
2025-11-06 00:00:00+00:00,300.43523917267663,0.031125110224710602
2025-11-06 06:00:00+00:00,300.43523917267663,0.031125110224710602
2025-11-06 12:00:00+00:00,300.43523917267663,0.031125110224710602
2025-11-06 18:00:00+00:00,300.43523917267663,0.031125110224710602
2025-11-07 00:00:00+00:00,300.43523917267663,0.031125110224710602
2025-11-07 06:00:00+00:00,300.43523917267663,0.031125110224710602
2025-11-07 12:00:00+00:00,300.43523917267663,0.031125110224710602
2025-11-07 18:00:00+00:00,300.43523917267663,0.031125110224710602
2025-11-08 00:00:00+00:00,303.05523917267664,0.02267586100147859
2025-11-08 06:00:00+00:00,304.4464904106208,0.018189208924562415
2025-11-08 12:00:00+00:00,302.05523917267664,0.025900765285154923
2025-11-08 18:00:00+00:00,306.4827307975381,0.011622528578198009
2025-11-09 00:00:00+00:00,301.05523917267664,0.02912566956883126
2025-11-09 06:00:00+00:00,301.05523917267664,0.02912566956883126
2025-11-09 12:00:00+00:00,303.67523917267664,0.020676420345599245
2025-11-09 18:00:00+00:00,306.29523917267665,0.012227171122367231
2025-11-10 00:00:00+00:00,308.91523917267665,0.003777921899135216
2025-11-10 06:00:00+00:00,311.53523917267665,0.0
2025-11-10 12:00:00+00:00,310.53523917267665,0.0032099097445786014
2025-11-10 18:00:00+00:00,313.15523917267666,0.0
2025-11-11 00:00:00+00:00,315.77523917267666,0.0
2025-11-11 06:00:00+00:00,314.77523917267666,0.0031668094136195583
2025-11-11 12:00:00+00:00,313.77523917267666,0.006333618827239117
2025-11-11 18:00:00+00:00,313.77523917267666,0.006333618827239117
2025-11-12 00:00:00+00:00,313.77523917267666,0.006333618827239117
2025-11-12 06:00:00+00:00,313.77523917267666,0.006333618827239117
2025-11-12 12:00:00+00:00,313.77523917267666,0.006333618827239117
2025-11-12 18:00:00+00:00,313.77523917267666,0.006333618827239117
2025-11-13 00:00:00+00:00,313.77523917267666,0.006333618827239117
2025-11-13 06:00:00+00:00,313.77523917267666,0.006333618827239117
2025-11-13 12:00:00+00:00,312.77523917267666,0.009500428240858675
2025-11-13 18:00:00+00:00,311.77523917267666,0.012667237654478233
2025-11-14 00:00:00+00:00,310.77523917267666,0.01583404706809779
2025-11-14 06:00:00+00:00,310.77523917267666,0.01583404706809779
2025-11-14 12:00:00+00:00,310.77523917267666,0.01583404706809779
2025-11-14 18:00:00+00:00,310.77523917267666,0.01583404706809779
2025-11-15 00:00:00+00:00,310.77523917267666,0.01583404706809779
2025-11-15 06:00:00+00:00,310.77523917267666,0.01583404706809779
2025-11-15 12:00:00+00:00,310.77523917267666,0.01583404706809779
2025-11-15 18:00:00+00:00,310.77523917267666,0.01583404706809779
2025-11-16 00:00:00+00:00,310.77523917267666,0.01583404706809779
2025-11-16 06:00:00+00:00,310.77523917267666,0.01583404706809779
2025-11-16 12:00:00+00:00,310.77523917267666,0.01583404706809779
2025-11-16 18:00:00+00:00,310.77523917267666,0.01583404706809779
2025-11-17 00:00:00+00:00,310.77523917267666,0.01583404706809779
2025-11-17 06:00:00+00:00,310.77523917267666,0.01583404706809779
2025-11-17 12:00:00+00:00,310.77523917267666,0.01583404706809779
2025-11-17 18:00:00+00:00,310.77523917267666,0.01583404706809779
2025-11-18 00:00:00+00:00,310.77523917267666,0.01583404706809779
2025-11-18 06:00:00+00:00,310.77523917267666,0.01583404706809779
2025-11-18 12:00:00+00:00,310.77523917267666,0.01583404706809779
2025-11-18 18:00:00+00:00,310.77523917267666,0.01583404706809779
2025-11-19 00:00:00+00:00,310.77523917267666,0.01583404706809779
2025-11-19 06:00:00+00:00,310.77523917267666,0.01583404706809779
2025-11-19 12:00:00+00:00,310.77523917267666,0.01583404706809779
2025-11-19 18:00:00+00:00,310.77523917267666,0.01583404706809779
2025-11-20 00:00:00+00:00,310.77523917267666,0.01583404706809779
2025-11-20 06:00:00+00:00,310.77523917267666,0.01583404706809779
2025-11-20 12:00:00+00:00,310.77523917267666,0.01583404706809779
2025-11-20 18:00:00+00:00,310.77523917267666,0.01583404706809779
2025-11-21 00:00:00+00:00,310.77523917267666,0.01583404706809779
2025-11-21 06:00:00+00:00,310.77523917267666,0.01583404706809779
2025-11-21 12:00:00+00:00,310.77523917267666,0.01583404706809779
2025-11-21 18:00:00+00:00,310.77523917267666,0.01583404706809779
2025-11-22 00:00:00+00:00,310.77523917267666,0.01583404706809779
2025-11-22 06:00:00+00:00,310.77523917267666,0.01583404706809779
2025-11-22 12:00:00+00:00,310.77523917267666,0.01583404706809779
2025-11-22 18:00:00+00:00,310.77523917267666,0.01583404706809779
2025-11-23 00:00:00+00:00,310.77523917267666,0.01583404706809779
2025-11-23 06:00:00+00:00,310.77523917267666,0.01583404706809779
2025-11-23 12:00:00+00:00,310.77523917267666,0.01583404706809779
2025-11-23 18:00:00+00:00,310.77523917267666,0.01583404706809779
2025-11-24 00:00:00+00:00,310.77523917267666,0.01583404706809779
2025-11-24 06:00:00+00:00,310.77523917267666,0.01583404706809779
2025-11-24 12:00:00+00:00,310.77523917267666,0.01583404706809779
2025-11-24 18:00:00+00:00,310.77523917267666,0.01583404706809779
2025-11-25 00:00:00+00:00,310.77523917267666,0.01583404706809779
2025-11-25 06:00:00+00:00,313.23523917267664,0.008043695910593743
2025-11-25 12:00:00+00:00,313.23523917267664,0.008043695910593743
2025-11-25 18:00:00+00:00,313.23523917267664,0.008043695910593743
2025-11-26 00:00:00+00:00,313.23523917267664,0.008043695910593743
2025-11-26 06:00:00+00:00,313.23523917267664,0.008043695910593743
2025-11-26 12:00:00+00:00,313.23523917267664,0.008043695910593743
2025-11-26 18:00:00+00:00,313.23523917267664,0.008043695910593743
2025-11-27 00:00:00+00:00,313.23523917267664,0.008043695910593743
2025-11-27 06:00:00+00:00,312.175824815886,0.011398659268602007
2025-11-27 12:00:00+00:00,313.8364723692897,0.0061397049637789075
2025-11-27 18:00:00+00:00,314.8399098422577,0.0029620097284051706
2025-11-28 00:00:00+00:00,312.91181717725715,0.00906791173025982
2025-11-28 06:00:00+00:00,312.23523917267664,0.011210505324213301
2025-11-28 12:00:00+00:00,312.23523917267664,0.011210505324213301
2025-11-28 18:00:00+00:00,312.23523917267664,0.011210505324213301
2025-11-29 00:00:00+00:00,312.23523917267664,0.011210505324213301
2025-11-29 06:00:00+00:00,312.23523917267664,0.011210505324213301
2025-11-29 12:00:00+00:00,312.23523917267664,0.011210505324213301
2025-11-29 18:00:00+00:00,312.23523917267664,0.011210505324213301
2025-11-30 00:00:00+00:00,312.23523917267664,0.011210505324213301
2025-11-30 06:00:00+00:00,309.9573766478106,0.018424061810890374
2025-11-30 12:00:00+00:00,311.23523917267664,0.01437731473783286
2025-11-30 18:00:00+00:00,311.23523917267664,0.01437731473783286
2025-12-01 00:00:00+00:00,311.23523917267664,0.01437731473783286
2025-12-01 06:00:00+00:00,311.23523917267664,0.01437731473783286
2025-12-01 12:00:00+00:00,311.23523917267664,0.01437731473783286
2025-12-01 18:00:00+00:00,310.23523917267664,0.017544124151452418
2025-12-02 00:00:00+00:00,310.23523917267664,0.017544124151452418
2025-12-02 06:00:00+00:00,309.23523917267664,0.020710933565071976
2025-12-02 12:00:00+00:00,309.23523917267664,0.020710933565071976
2025-12-02 18:00:00+00:00,309.23523917267664,0.020710933565071976
2025-12-03 00:00:00+00:00,311.85523917267665,0.01241389290138872
2025-12-03 06:00:00+00:00,311.85523917267665,0.01241389290138872
2025-12-03 12:00:00+00:00,313.3152391726766,0.007790351157504229
2025-12-03 18:00:00+00:00,317.05923314641615,0.0
2025-12-04 00:00:00+00:00,314.2183180999959,0.008960202856191056
2025-12-04 06:00:00+00:00,311.3204035024889,0.01810018142974913
2025-12-04 12:00:00+00:00,312.7752391726766,0.01351165184885569
2025-12-04 18:00:00+00:00,310.7752391726766,0.01981962143596565
2025-12-05 00:00:00+00:00,306.7249509619004,0.03259416886226885
2025-12-05 06:00:00+00:00,309.7752391726766,0.022973606229520636
2025-12-05 12:00:00+00:00,309.7752391726766,0.022973606229520636
2025-12-05 18:00:00+00:00,313.2034752102328,0.01216100189835123
2025-12-06 00:00:00+00:00,315.21581789419423,0.005814103673715245
2025-12-06 06:00:00+00:00,317.18109478972406,0.0
2025-12-06 12:00:00+00:00,321.7169255777207,0.0
2025-12-06 18:00:00+00:00,317.41496623531367,0.013371877574304865
2025-12-07 00:00:00+00:00,320.5758484502787,0.0035468358569972465
2025-12-07 06:00:00+00:00,313.3829375881854,0.025904723460133713
2025-12-07 12:00:00+00:00,313.8552391726766,0.024436657757208602
2025-12-07 18:00:00+00:00,313.8552391726766,0.024436657757208602
2025-12-08 00:00:00+00:00,313.8552391726766,0.024436657757208602
2025-12-08 06:00:00+00:00,316.06383451285603,0.017571630882376402
2025-12-08 12:00:00+00:00,312.8552391726766,0.02754498038650222
2025-12-08 18:00:00+00:00,311.8552391726766,0.030653303015795837
2025-12-09 00:00:00+00:00,310.8552391726766,0.03376162564508946
2025-12-09 06:00:00+00:00,310.8552391726766,0.03376162564508946
2025-12-09 12:00:00+00:00,313.31523917267657,0.02611515197702722
2025-12-09 18:00:00+00:00,312.31523917267657,0.029223474606320837
2025-12-10 00:00:00+00:00,311.31523917267657,0.032331797235614454
2025-12-10 06:00:00+00:00,310.31523917267657,0.035440119864908075
2025-12-10 12:00:00+00:00,313.79685312880054,0.024618140418623473
2025-12-10 18:00:00+00:00,317.85523917267653,0.012003367240034306
2025-12-11 00:00:00+00:00,315.85523917267653,0.01822001249862154
2025-12-11 06:00:00+00:00,315.85523917267653,0.01822001249862154
2025-12-11 12:00:00+00:00,315.85523917267653,0.01822001249862154
2025-12-11 18:00:00+00:00,315.85523917267653,0.01822001249862154
2025-12-12 00:00:00+00:00,315.85523917267653,0.01822001249862154
2025-12-12 06:00:00+00:00,315.85523917267653,0.01822001249862154
2025-12-12 12:00:00+00:00,315.85523917267653,0.01822001249862154
2025-12-12 18:00:00+00:00,315.85523917267653,0.01822001249862154
2025-12-13 00:00:00+00:00,315.85523917267653,0.01822001249862154
2025-12-13 06:00:00+00:00,314.85523917267653,0.02132833512791516
2025-12-13 12:00:00+00:00,314.85523917267653,0.02132833512791516
2025-12-13 18:00:00+00:00,312.15321200706273,0.029727107311758625
2025-12-14 00:00:00+00:00,312.65908025085065,0.02815470560215163
2025-12-14 06:00:00+00:00,318.132208960748,0.011142455780141058
2025-12-14 12:00:00+00:00,318.1240825632575,0.011167715245355458
2025-12-14 18:00:00+00:00,317.3152391726765,0.013681861459852923
2025-12-15 00:00:00+00:00,316.3152391726765,0.01679018408914654
2025-12-15 06:00:00+00:00,316.3152391726765,0.01679018408914654
2025-12-15 12:00:00+00:00,316.3152391726765,0.01679018408914654
2025-12-15 18:00:00+00:00,316.3152391726765,0.01679018408914654
2025-12-16 00:00:00+00:00,316.3152391726765,0.01679018408914654
2025-12-16 06:00:00+00:00,315.3152391726765,0.019898506718440158
2025-12-16 12:00:00+00:00,315.3152391726765,0.019898506718440158
2025-12-16 18:00:00+00:00,315.3152391726765,0.019898506718440158
2025-12-17 00:00:00+00:00,315.3152391726765,0.019898506718440158
2025-12-17 06:00:00+00:00,315.76733181005494,0.01849325694313976
2025-12-17 12:00:00+00:00,317.7752391726765,0.012252033050377923
2025-12-17 18:00:00+00:00,317.7752391726765,0.012252033050377923
2025-12-18 00:00:00+00:00,317.7752391726765,0.012252033050377923
2025-12-18 06:00:00+00:00,316.7752391726765,0.01536035567967154
2025-12-18 12:00:00+00:00,316.7752391726765,0.01536035567967154
2025-12-18 18:00:00+00:00,316.7752391726765,0.01536035567967154
2025-12-19 00:00:00+00:00,316.7752391726765,0.01536035567967154
2025-12-19 06:00:00+00:00,316.7752391726765,0.01536035567967154
2025-12-19 12:00:00+00:00,316.7752391726765,0.01536035567967154
2025-12-19 18:00:00+00:00,316.7752391726765,0.01536035567967154
