timestamp,equity,drawdown_pct
2025-01-01 00:00:00+00:00,50.0,0.0
2025-01-02 00:00:00+00:00,50.0,0.0
2025-01-03 00:00:00+00:00,50.0,0.0
2025-01-04 00:00:00+00:00,50.0,0.0
2025-01-05 00:00:00+00:00,50.0,0.0
2025-01-06 00:00:00+00:00,50.0,0.0
2025-01-07 00:00:00+00:00,50.0,0.0
2025-01-08 00:00:00+00:00,50.0,0.0
2025-01-09 00:00:00+00:00,50.0,0.0
2025-01-10 00:00:00+00:00,50.0,0.0
2025-01-11 00:00:00+00:00,50.0,0.0
2025-01-12 00:00:00+00:00,50.0,0.0
2025-01-13 00:00:00+00:00,50.0,0.0
2025-01-14 00:00:00+00:00,50.0,0.0
2025-01-15 00:00:00+00:00,50.0,0.0
2025-01-16 00:00:00+00:00,50.0,0.0
2025-01-17 00:00:00+00:00,50.0,0.0
2025-01-18 00:00:00+00:00,50.0,0.0
2025-01-19 00:00:00+00:00,50.0,0.0
2025-01-20 00:00:00+00:00,50.0,0.0
2025-01-21 00:00:00+00:00,50.0,0.0
2025-01-22 00:00:00+00:00,50.0,0.0
2025-01-23 00:00:00+00:00,50.0,0.0
2025-01-24 00:00:00+00:00,50.0,0.0
2025-01-25 00:00:00+00:00,50.0,0.0
2025-01-26 00:00:00+00:00,50.0,0.0
2025-01-27 00:00:00+00:00,50.0,0.0
2025-01-28 00:00:00+00:00,50.0,0.0
2025-01-29 00:00:00+00:00,50.0,0.0
2025-01-30 00:00:00+00:00,50.0,0.0
2025-01-31 00:00:00+00:00,50.0,0.0
2025-02-01 00:00:00+00:00,50.0,0.0
2025-02-02 00:00:00+00:00,50.0,0.0
2025-02-03 00:00:00+00:00,50.0,0.0
2025-02-03 06:00:00+00:00,50.0,0.0
2025-02-03 12:00:00+00:00,50.0,0.0
2025-02-03 18:00:00+00:00,50.0,0.0
2025-02-04 00:00:00+00:00,50.0,0.0
2025-02-04 06:00:00+00:00,50.0,0.0
2025-02-04 12:00:00+00:00,50.0,0.0
2025-02-04 18:00:00+00:00,50.0,0.0
2025-02-05 00:00:00+00:00,50.0,0.0
2025-02-05 06:00:00+00:00,50.0,0.0
2025-02-05 12:00:00+00:00,50.0,0.0
2025-02-05 18:00:00+00:00,50.0,0.0
2025-02-06 00:00:00+00:00,50.0,0.0
2025-02-06 06:00:00+00:00,50.0,0.0
2025-02-06 12:00:00+00:00,50.0,0.0
2025-02-06 18:00:00+00:00,50.0,0.0
2025-02-07 00:00:00+00:00,50.0,0.0
2025-02-07 06:00:00+00:00,50.0,0.0
2025-02-07 12:00:00+00:00,50.0,0.0
2025-02-07 18:00:00+00:00,50.0,0.0
2025-02-08 00:00:00+00:00,50.0,0.0
2025-02-08 06:00:00+00:00,50.0,0.0
2025-02-08 12:00:00+00:00,50.0,0.0
2025-02-08 18:00:00+00:00,50.0,0.0
2025-02-09 00:00:00+00:00,50.0,0.0
2025-02-09 06:00:00+00:00,50.0,0.0
2025-02-09 12:00:00+00:00,50.0,0.0
2025-02-09 18:00:00+00:00,50.0,0.0
2025-02-10 00:00:00+00:00,50.0,0.0
2025-02-10 06:00:00+00:00,50.0,0.0
2025-02-10 12:00:00+00:00,50.0,0.0
2025-02-10 18:00:00+00:00,50.0,0.0
2025-02-11 00:00:00+00:00,50.0,0.0
2025-02-11 06:00:00+00:00,50.0,0.0
2025-02-11 12:00:00+00:00,50.0,0.0
2025-02-11 18:00:00+00:00,50.0,0.0
2025-02-12 00:00:00+00:00,50.0,0.0
2025-02-12 06:00:00+00:00,50.0,0.0
2025-02-12 12:00:00+00:00,50.0,0.0
2025-02-12 18:00:00+00:00,50.0,0.0
2025-02-13 00:00:00+00:00,50.0,0.0
2025-02-13 06:00:00+00:00,50.0,0.0
2025-02-13 12:00:00+00:00,50.0,0.0
2025-02-13 18:00:00+00:00,50.0,0.0
2025-02-14 00:00:00+00:00,50.0,0.0
2025-02-14 06:00:00+00:00,50.0,0.0
2025-02-14 12:00:00+00:00,50.0,0.0
2025-02-14 18:00:00+00:00,50.0,0.0
2025-02-15 00:00:00+00:00,50.0,0.0
2025-02-15 06:00:00+00:00,50.0,0.0
2025-02-15 12:00:00+00:00,50.0,0.0
2025-02-15 18:00:00+00:00,50.0,0.0
2025-02-16 00:00:00+00:00,50.0,0.0
2025-02-16 06:00:00+00:00,50.0,0.0
2025-02-16 12:00:00+00:00,50.0,0.0
2025-02-16 18:00:00+00:00,50.0,0.0
2025-02-17 00:00:00+00:00,50.0,0.0
2025-02-17 06:00:00+00:00,50.0,0.0
2025-02-17 12:00:00+00:00,50.0,0.0
2025-02-17 18:00:00+00:00,50.0,0.0
2025-02-18 00:00:00+00:00,50.0,0.0
2025-02-18 06:00:00+00:00,50.0,0.0
2025-02-18 12:00:00+00:00,50.0,0.0
2025-02-18 18:00:00+00:00,50.0,0.0
2025-02-19 00:00:00+00:00,50.0,0.0
2025-02-19 06:00:00+00:00,50.0,0.0
2025-02-19 12:00:00+00:00,50.0,0.0
2025-02-19 18:00:00+00:00,50.0,0.0
2025-02-20 00:00:00+00:00,50.0,0.0
2025-02-20 06:00:00+00:00,50.0,0.0
2025-02-20 12:00:00+00:00,50.0,0.0
2025-02-20 18:00:00+00:00,50.0,0.0
2025-02-21 00:00:00+00:00,50.0,0.0
2025-02-21 06:00:00+00:00,50.0,0.0
2025-02-21 12:00:00+00:00,50.0,0.0
2025-02-21 18:00:00+00:00,50.0,0.0
2025-02-22 00:00:00+00:00,50.0,0.0
2025-02-22 06:00:00+00:00,50.0,0.0
2025-02-22 12:00:00+00:00,50.0,0.0
2025-02-22 18:00:00+00:00,50.0,0.0
2025-02-23 00:00:00+00:00,50.0,0.0
2025-02-23 06:00:00+00:00,50.0,0.0
2025-02-23 12:00:00+00:00,50.0,0.0
2025-02-23 18:00:00+00:00,50.0,0.0
2025-02-24 00:00:00+00:00,50.0,0.0
2025-02-24 06:00:00+00:00,50.0,0.0
2025-02-24 12:00:00+00:00,50.0,0.0
2025-02-24 18:00:00+00:00,50.0,0.0
2025-02-25 00:00:00+00:00,50.0,0.0
2025-02-25 06:00:00+00:00,50.0,0.0
2025-02-25 12:00:00+00:00,50.0,0.0
2025-02-25 18:00:00+00:00,50.0,0.0
2025-02-26 00:00:00+00:00,50.0,0.0
2025-02-26 06:00:00+00:00,50.0,0.0
2025-02-26 12:00:00+00:00,50.0,0.0
2025-02-26 18:00:00+00:00,50.0,0.0
2025-02-27 00:00:00+00:00,50.0,0.0
2025-02-27 06:00:00+00:00,50.0,0.0
2025-02-27 12:00:00+00:00,50.0,0.0
2025-02-27 18:00:00+00:00,50.0,0.0
2025-02-28 00:00:00+00:00,50.0,0.0
2025-02-28 06:00:00+00:00,50.0,0.0
2025-02-28 12:00:00+00:00,50.0,0.0
2025-02-28 18:00:00+00:00,50.0,0.0
2025-03-01 00:00:00+00:00,50.0,0.0
2025-03-01 06:00:00+00:00,50.0,0.0
2025-03-01 12:00:00+00:00,50.0,0.0
2025-03-01 18:00:00+00:00,50.0,0.0
2025-03-02 00:00:00+00:00,50.0,0.0
2025-03-02 06:00:00+00:00,50.0,0.0
2025-03-02 12:00:00+00:00,50.0,0.0
2025-03-02 18:00:00+00:00,50.0,0.0
2025-03-03 00:00:00+00:00,50.0,0.0
2025-03-03 06:00:00+00:00,50.0,0.0
2025-03-03 12:00:00+00:00,50.0,0.0
2025-03-03 18:00:00+00:00,50.0,0.0
2025-03-04 00:00:00+00:00,50.0,0.0
2025-03-04 06:00:00+00:00,50.0,0.0
2025-03-04 12:00:00+00:00,50.0,0.0
2025-03-04 18:00:00+00:00,50.0,0.0
2025-03-05 00:00:00+00:00,50.0,0.0
2025-03-05 06:00:00+00:00,50.0,0.0
2025-03-05 12:00:00+00:00,50.0,0.0
2025-03-05 18:00:00+00:00,50.0,0.0
2025-03-06 00:00:00+00:00,50.0,0.0
2025-03-06 06:00:00+00:00,50.0,0.0
2025-03-06 12:00:00+00:00,50.0,0.0
2025-03-06 18:00:00+00:00,50.0,0.0
2025-03-07 00:00:00+00:00,50.0,0.0
2025-03-07 06:00:00+00:00,50.0,0.0
2025-03-07 12:00:00+00:00,50.0,0.0
2025-03-07 18:00:00+00:00,50.0,0.0
2025-03-08 00:00:00+00:00,50.0,0.0
2025-03-08 06:00:00+00:00,50.0,0.0
2025-03-08 12:00:00+00:00,50.0,0.0
2025-03-08 18:00:00+00:00,50.0,0.0
2025-03-09 00:00:00+00:00,50.0,0.0
2025-03-09 06:00:00+00:00,50.0,0.0
2025-03-09 12:00:00+00:00,50.0,0.0
2025-03-09 18:00:00+00:00,50.0,0.0
2025-03-10 00:00:00+00:00,50.0,0.0
2025-03-10 06:00:00+00:00,50.0,0.0
2025-03-10 12:00:00+00:00,50.0,0.0
2025-03-10 18:00:00+00:00,50.0,0.0
2025-03-11 00:00:00+00:00,50.0,0.0
2025-03-11 06:00:00+00:00,50.0,0.0
2025-03-11 12:00:00+00:00,50.0,0.0
2025-03-11 18:00:00+00:00,50.0,0.0
2025-03-12 00:00:00+00:00,50.0,0.0
2025-03-12 06:00:00+00:00,50.0,0.0
2025-03-12 12:00:00+00:00,50.0,0.0
2025-03-12 18:00:00+00:00,50.0,0.0
2025-03-13 00:00:00+00:00,50.0,0.0
2025-03-13 06:00:00+00:00,50.0,0.0
2025-03-13 12:00:00+00:00,50.0,0.0
2025-03-13 18:00:00+00:00,50.0,0.0
2025-03-14 00:00:00+00:00,50.0,0.0
2025-03-14 06:00:00+00:00,50.0,0.0
2025-03-14 12:00:00+00:00,50.0,0.0
2025-03-14 18:00:00+00:00,50.0,0.0
2025-03-15 00:00:00+00:00,50.0,0.0
2025-03-15 06:00:00+00:00,50.0,0.0
2025-03-15 12:00:00+00:00,50.0,0.0
2025-03-15 18:00:00+00:00,50.0,0.0
2025-03-16 00:00:00+00:00,50.0,0.0
2025-03-16 06:00:00+00:00,50.0,0.0
2025-03-16 12:00:00+00:00,50.0,0.0
2025-03-16 18:00:00+00:00,50.0,0.0
2025-03-17 00:00:00+00:00,50.0,0.0
2025-03-17 06:00:00+00:00,50.0,0.0
2025-03-17 12:00:00+00:00,50.0,0.0
2025-03-17 18:00:00+00:00,50.0,0.0
2025-03-18 00:00:00+00:00,50.0,0.0
2025-03-18 06:00:00+00:00,50.0,0.0
2025-03-18 12:00:00+00:00,50.0,0.0
2025-03-18 18:00:00+00:00,50.0,0.0
2025-03-19 00:00:00+00:00,50.0,0.0
2025-03-19 06:00:00+00:00,50.0,0.0
2025-03-19 12:00:00+00:00,50.0,0.0
2025-03-19 18:00:00+00:00,50.0,0.0
2025-03-20 00:00:00+00:00,50.0,0.0
2025-03-20 06:00:00+00:00,50.0,0.0
2025-03-20 12:00:00+00:00,50.0,0.0
2025-03-20 18:00:00+00:00,50.0,0.0
2025-03-21 00:00:00+00:00,50.0,0.0
2025-03-21 06:00:00+00:00,50.0,0.0
2025-03-21 12:00:00+00:00,50.0,0.0
2025-03-21 18:00:00+00:00,50.0,0.0
2025-03-22 00:00:00+00:00,50.0,0.0
2025-03-22 06:00:00+00:00,50.0,0.0
2025-03-22 12:00:00+00:00,50.0,0.0
2025-03-22 18:00:00+00:00,50.0,0.0
2025-03-23 00:00:00+00:00,50.0,0.0
2025-03-23 06:00:00+00:00,50.0,0.0
2025-03-23 12:00:00+00:00,50.0,0.0
2025-03-23 18:00:00+00:00,50.0,0.0
2025-03-24 00:00:00+00:00,50.0,0.0
2025-03-24 06:00:00+00:00,50.0,0.0
2025-03-24 12:00:00+00:00,50.0,0.0
2025-03-24 18:00:00+00:00,50.0,0.0
2025-03-25 00:00:00+00:00,49.29,0.014200000000000016
2025-03-25 06:00:00+00:00,49.15408979155532,0.01691820416889357
2025-03-25 12:00:00+00:00,50.38037689039054,0.0
2025-03-25 18:00:00+00:00,47.21611781759956,0.06280737199872996
2025-03-26 00:00:00+00:00,47.572900886381944,0.05572558558100198
2025-03-26 06:00:00+00:00,52.59495503104766,0.0
2025-03-26 12:00:00+00:00,50.59495503104766,0.03802646088050398
2025-03-26 18:00:00+00:00,48.59495503104766,0.07605292176100796
2025-03-27 00:00:00+00:00,53.36942691948545,0.0
2025-03-27 06:00:00+00:00,52.919052008772496,0.008438818565400748
2025-03-27 12:00:00+00:00,52.31894087911339,0.01968329249547402
2025-03-27 18:00:00+00:00,53.50849630794955,0.0
2025-03-28 00:00:00+00:00,53.452300562931896,0.0010502209722777199
2025-03-28 06:00:00+00:00,52.452300562931896,0.01973884182689579
2025-03-28 12:00:00+00:00,52.452300562931896,0.01973884182689579
2025-03-28 18:00:00+00:00,51.452300562931896,0.03842746268151386
2025-03-29 00:00:00+00:00,52.632604818129685,0.016369203963030002
2025-03-29 06:00:00+00:00,59.615981282037794,0.0
2025-03-29 12:00:00+00:00,60.40248176676343,0.0
2025-03-29 18:00:00+00:00,58.7302903573554,0.027684150725213335
2025-03-30 00:00:00+00:00,56.40248176676343,0.06622244455857784
2025-03-30 06:00:00+00:00,56.5422495178067,0.06390850402244277
2025-03-30 12:00:00+00:00,60.69511513125031,0.0
2025-03-30 18:00:00+00:00,63.159102060944754,0.0
2025-03-31 00:00:00+00:00,65.69494611124647,0.0
2025-03-31 06:00:00+00:00,65.39009989397495,0.004640329817080561
2025-03-31 12:00:00+00:00,64.820100865585,0.013316781540242328
2025-03-31 18:00:00+00:00,64.820100865585,0.013316781540242328
2025-04-01 00:00:00+00:00,63.820100865585005,0.02853865261547878
2025-04-01 06:00:00+00:00,63.820100865585005,0.02853865261547878
2025-04-01 12:00:00+00:00,63.820100865585005,0.02853865261547878
2025-04-01 18:00:00+00:00,63.820100865585005,0.02853865261547878
2025-04-02 00:00:00+00:00,67.05442884406402,0.0
2025-04-02 06:00:00+00:00,65.05442884406402,0.029826516077722874
2025-04-02 12:00:00+00:00,63.05442884406402,0.05965303215544575
2025-04-02 18:00:00+00:00,63.05442884406402,0.05965303215544575
2025-04-03 00:00:00+00:00,63.05442884406402,0.05965303215544575
2025-04-03 06:00:00+00:00,66.1065360343069,0.014136170065089345
2025-04-03 12:00:00+00:00,72.97837251141115,0.0
2025-04-03 18:00:00+00:00,70.97837251141115,0.027405379582660233
2025-04-04 00:00:00+00:00,74.24725493783116,0.0
2025-04-04 06:00:00+00:00,79.06442556758842,0.0
2025-04-04 12:00:00+00:00,78.06442556758842,0.012647913303880865
2025-04-04 18:00:00+00:00,79.27442556758841,0.0
2025-04-05 00:00:00+00:00,81.08073974307216,0.0
2025-04-05 06:00:00+00:00,80.28591372731623,0.009802895462899908
2025-04-05 12:00:00+00:00,83.6882715292639,0.0
2025-04-05 18:00:00+00:00,79.25185314156641,0.05301123211926023
2025-04-06 00:00:00+00:00,81.36317405778493,0.02778283538411873
2025-04-06 06:00:00+00:00,87.25341900371457,0.0
2025-04-06 12:00:00+00:00,96.40369417365673,0.0
2025-04-06 18:00:00+00:00,102.66369417365674,0.0
2025-04-07 00:00:00+00:00,103.87369417365673,0.0
2025-04-07 06:00:00+00:00,103.87369417365673,0.0
2025-04-07 12:00:00+00:00,102.87369417365673,0.009627076498580993
2025-04-07 18:00:00+00:00,102.87369417365673,0.009627076498580993
2025-04-08 00:00:00+00:00,101.87369417365673,0.019254152997161985
2025-04-08 06:00:00+00:00,101.87369417365673,0.019254152997161985
2025-04-08 12:00:00+00:00,106.74369417365673,0.0
2025-04-08 18:00:00+00:00,106.74369417365673,0.0
2025-04-09 00:00:00+00:00,106.74369417365673,0.0
2025-04-09 06:00:00+00:00,106.74369417365673,0.0
2025-04-09 12:00:00+00:00,106.74369417365673,0.0
2025-04-09 18:00:00+00:00,105.74369417365673,0.009368234889577111
2025-04-10 00:00:00+00:00,109.61369417365674,0.0
2025-04-10 06:00:00+00:00,111.11992060003118,0.0
2025-04-10 12:00:00+00:00,114.98992060003118,0.0
2025-04-10 18:00:00+00:00,118.74992060003119,0.0
2025-04-11 00:00:00+00:00,122.5099206000312,0.0
2025-04-11 06:00:00+00:00,125.10568910489802,0.0
2025-04-11 12:00:00+00:00,125.31568910489801,0.0
2025-04-11 18:00:00+00:00,126.38683917907392,0.0
2025-04-12 00:00:00+00:00,126.02964322060096,0.0028262116593236117
2025-04-12 06:00:00+00:00,133.18742617142098,0.0
2025-04-12 12:00:00+00:00,134.06964322060094,0.0
2025-04-12 18:00:00+00:00,137.82964322060093,0.0
2025-04-13 00:00:00+00:00,137.82964322060093,0.0
2025-04-13 06:00:00+00:00,137.82964322060093,0.0
2025-04-13 12:00:00+00:00,137.82964322060093,0.0
2025-04-13 18:00:00+00:00,141.69964322060093,0.0
2025-04-14 00:00:00+00:00,145.68964322060094,0.0
2025-04-14 06:00:00+00:00,148.67964322060095,0.0
2025-04-14 12:00:00+00:00,146.67964322060095,0.013451740646381114
2025-04-14 18:00:00+00:00,143.67964322060095,0.033629351615952784
2025-04-15 00:00:00+00:00,142.67964322060095,0.04035522193914334
2025-04-15 06:00:00+00:00,144.52632626083857,0.02793467128246981
2025-04-15 12:00:00+00:00,143.52632626083857,0.034660541605660365
2025-04-15 18:00:00+00:00,142.52632626083857,0.041386411928850925
2025-04-16 00:00:00+00:00,142.82372078616118,0.03938617491670429
2025-04-16 06:00:00+00:00,141.52632626083857,0.04811228225204148
2025-04-16 12:00:00+00:00,140.52632626083857,0.05483815257523204
2025-04-16 18:00:00+00:00,145.51632626083858,0.021276059662511095
2025-04-17 00:00:00+00:00,145.51632626083858,0.021276059662511095
2025-04-17 06:00:00+00:00,145.51632626083858,0.021276059662511095
2025-04-17 12:00:00+00:00,145.51632626083858,0.021276059662511095
2025-04-17 18:00:00+00:00,145.51632626083858,0.021276059662511095
2025-04-18 00:00:00+00:00,145.51632626083858,0.021276059662511095
2025-04-18 06:00:00+00:00,145.51632626083858,0.021276059662511095
2025-04-18 12:00:00+00:00,145.51632626083858,0.021276059662511095
2025-04-18 18:00:00+00:00,145.51632626083858,0.021276059662511095
2025-04-19 00:00:00+00:00,146.80632626083857,0.01259968694559533
2025-04-19 06:00:00+00:00,146.80632626083857,0.01259968694559533
2025-04-19 12:00:00+00:00,146.80632626083857,0.01259968694559533
2025-04-19 18:00:00+00:00,146.80632626083857,0.01259968694559533
2025-04-20 00:00:00+00:00,146.80632626083857,0.01259968694559533
2025-04-20 06:00:00+00:00,146.80632626083857,0.01259968694559533
2025-04-20 12:00:00+00:00,146.80632626083857,0.01259968694559533
2025-04-20 18:00:00+00:00,146.80632626083857,0.01259968694559533
2025-04-21 00:00:00+00:00,146.80632626083857,0.01259968694559533
2025-04-21 06:00:00+00:00,144.80632626083857,0.026051427591976446
2025-04-21 12:00:00+00:00,142.80632626083857,0.03950316823835756
2025-04-21 18:00:00+00:00,144.43010515345185,0.028581841973106713
2025-04-22 00:00:00+00:00,143.34995266559898,0.03584680753567679
2025-04-22 06:00:00+00:00,146.14632626083855,0.017038761358901266
2025-04-22 12:00:00+00:00,156.06632626083854,0.0
2025-04-22 18:00:00+00:00,165.98632626083852,0.0
2025-04-23 00:00:00+00:00,177.13632626083853,0.0
2025-04-23 06:00:00+00:00,180.14507053364719,0.0
2025-04-23 12:00:00+00:00,187.1832598904343,0.0
2025-04-23 18:00:00+00:00,184.1832598904343,0.016027074225312764
2025-04-24 00:00:00+00:00,182.1832598904343,0.026711790375521273
2025-04-24 06:00:00+00:00,179.1832598904343,0.04273886460083404
2025-04-24 12:00:00+00:00,188.05175855436806,0.0
2025-04-24 18:00:00+00:00,194.9853770304572,0.0
2025-04-25 00:00:00+00:00,195.21017787370764,0.0
2025-04-25 06:00:00+00:00,200.65197824729117,0.0
2025-04-25 12:00:00+00:00,203.96017787370764,0.0
2025-04-25 18:00:00+00:00,209.0399494607156,0.0
2025-04-26 00:00:00+00:00,215.96573968177913,0.0
2025-04-26 06:00:00+00:00,227.62017787370763,0.0
2025-04-26 12:00:00+00:00,225.795733321605,0.008015302374093087
2025-04-26 18:00:00+00:00,226.11325961271956,0.006620319319072708
2025-04-27 00:00:00+00:00,223.62017787370763,0.017573134496974837
2025-04-27 06:00:00+00:00,223.32942781107909,0.018850481985868663
2025-04-27 12:00:00+00:00,226.38017787370762,0.005447671694062239
2025-04-27 18:00:00+00:00,226.38017787370762,0.005447671694062239
2025-04-28 00:00:00+00:00,226.38017787370762,0.005447671694062239
2025-04-28 06:00:00+00:00,235.27663873148416,0.0
2025-04-28 12:00:00+00:00,227.14017787370761,0.03458252762214313
2025-04-28 18:00:00+00:00,235.49430463303625,0.0
2025-04-29 00:00:00+00:00,231.0361827385783,0.018930911732259956
2025-04-29 06:00:00+00:00,239.89753350169042,0.0
2025-04-29 12:00:00+00:00,237.89753350169042,0.008336892717514777
2025-04-29 18:00:00+00:00,235.89753350169042,0.016673785435029554
2025-04-30 00:00:00+00:00,235.89753350169042,0.016673785435029554
2025-04-30 06:00:00+00:00,235.89753350169042,0.016673785435029554
2025-04-30 12:00:00+00:00,234.89753350169042,0.02084223179378694
2025-04-30 18:00:00+00:00,244.67620150307155,0.0
2025-05-01 00:00:00+00:00,249.74753350169044,0.0
2025-05-01 06:00:00+00:00,249.74753350169044,0.0
2025-05-01 12:00:00+00:00,248.74753350169044,0.004004043547413978
2025-05-01 18:00:00+00:00,247.7375734360255,0.008047967631485428
2025-05-02 00:00:00+00:00,253.39497418100777,0.0
2025-05-02 06:00:00+00:00,251.5004586432168,0.00747653162385792
2025-05-02 12:00:00+00:00,254.5191001760852,0.0
2025-05-02 18:00:00+00:00,253.07753350169043,0.00566388405977175
2025-05-03 00:00:00+00:00,249.976022095817,0.01784965480832339
2025-05-03 06:00:00+00:00,251.07753350169043,0.013521840490610655
2025-05-03 12:00:00+00:00,250.07753350169043,0.017450818706030106
2025-05-03 18:00:00+00:00,250.07753350169043,0.017450818706030106
2025-05-04 00:00:00+00:00,249.07753350169043,0.02137979692144956
2025-05-04 06:00:00+00:00,249.07753350169043,0.02137979692144956
2025-05-04 12:00:00+00:00,248.07753350169043,0.02530877513686901
2025-05-04 18:00:00+00:00,248.07753350169043,0.02530877513686901
2025-05-05 00:00:00+00:00,248.07753350169043,0.02530877513686901
2025-05-05 06:00:00+00:00,246.07753350169043,0.03316673156770791
2025-05-05 12:00:00+00:00,245.07753350169043,0.037095709783127366
2025-05-05 18:00:00+00:00,246.62607434853902,0.031011526530172043
2025-05-06 00:00:00+00:00,243.07753350169043,0.04495366621396627
2025-05-06 06:00:00+00:00,242.07753350169043,0.048882644429385724
2025-05-06 12:00:00+00:00,246.06753350169043,0.03320602134986207
2025-05-06 18:00:00+00:00,253.92753350169045,0.0023242525766651264
2025-05-07 00:00:00+00:00,257.1124806785653,0.0
2025-05-07 06:00:00+00:00,254.51851833953717,0.010088823118124072
2025-05-07 12:00:00+00:00,250.92753350169045,0.024055414037279278
2025-05-07 18:00:00+00:00,249.92753350169045,0.02794476237758864
2025-05-08 00:00:00+00:00,259.78753350169046,0.0
2025-05-08 06:00:00+00:00,264.65753350169047,0.0
2025-05-08 12:00:00+00:00,270.8175335016905,0.0
2025-05-08 18:00:00+00:00,276.9775335016905,0.0
2025-05-09 00:00:00+00:00,274.9775335016905,0.007220802260439629
2025-05-09 06:00:00+00:00,281.13753350169054,0.0
2025-05-09 12:00:00+00:00,279.13753350169054,0.0071139558460555875
2025-05-09 18:00:00+00:00,278.13753350169054,0.01067093376908338
2025-05-10 00:00:00+00:00,278.42753350169056,0.009639410171405249
2025-05-10 06:00:00+00:00,283.29753350169057,0.0
2025-05-10 12:00:00+00:00,289.4575335016906,0.0
2025-05-10 18:00:00+00:00,295.6175335016906,0.0
2025-05-11 00:00:00+00:00,295.90753350169064,0.0
2025-05-11 06:00:00+00:00,292.90753350169064,0.010138302207107748
2025-05-11 12:00:00+00:00,291.90753350169064,0.013517736276143664
2025-05-11 18:00:00+00:00,301.098927388296,0.0
2025-05-12 00:00:00+00:00,300.53753350169063,0.0018644831832342371
2025-05-12 06:00:00+00:00,314.15753350169064,0.0
2025-05-12 12:00:00+00:00,320.90753350169064,0.0
2025-05-12 18:00:00+00:00,316.90753350169064,0.012464649727454674
2025-05-13 00:00:00+00:00,314.90753350169064,0.01869697459118201
2025-05-13 06:00:00+00:00,323.53753350169063,0.0
2025-05-13 12:00:00+00:00,327.2975335016906,0.0
2025-05-13 18:00:00+00:00,340.9175335016906,0.0
2025-05-14 00:00:00+00:00,337.9175335016906,0.008799782073939952
2025-05-14 06:00:00+00:00,334.9175335016906,0.017599564147879904
2025-05-14 12:00:00+00:00,332.9175335016906,0.023466085530506536
2025-05-14 18:00:00+00:00,331.9175335016906,0.026399346221819855
2025-05-15 00:00:00+00:00,330.9175335016906,0.02933260691313317
2025-05-15 06:00:00+00:00,328.9175335016906,0.03519912829575981
2025-05-15 12:00:00+00:00,332.6775335016906,0.02417006809642176
2025-05-15 18:00:00+00:00,331.6775335016906,0.027103328787735078
2025-05-16 00:00:00+00:00,331.6775335016906,0.027103328787735078
2025-05-16 06:00:00+00:00,336.6675335016906,0.012466357938081598
2025-05-16 12:00:00+00:00,335.6675335016906,0.015399618629394915
2025-05-16 18:00:00+00:00,334.6675335016906,0.01833287932070823
2025-05-17 00:00:00+00:00,334.6675335016906,0.01833287932070823
2025-05-17 06:00:00+00:00,334.6675335016906,0.01833287932070823
2025-05-17 12:00:00+00:00,334.6675335016906,0.01833287932070823
2025-05-17 18:00:00+00:00,334.6675335016906,0.01833287932070823
2025-05-18 00:00:00+00:00,334.6675335016906,0.01833287932070823
2025-05-18 06:00:00+00:00,334.6675335016906,0.01833287932070823
2025-05-18 12:00:00+00:00,333.6675335016906,0.02126614001202155
2025-05-18 18:00:00+00:00,333.6675335016906,0.02126614001202155
2025-05-19 00:00:00+00:00,333.6675335016906,0.02126614001202155
2025-05-19 06:00:00+00:00,337.65753350169064,0.009562429853681387
2025-05-19 12:00:00+00:00,341.64753350169065,0.0
2025-05-19 18:00:00+00:00,344.63753350169065,0.0
2025-05-20 00:00:00+00:00,348.50753350169066,0.0
2025-05-20 06:00:00+00:00,346.50753350169066,0.005738756863889422
2025-05-20 12:00:00+00:00,346.50753350169066,0.005738756863889422
2025-05-20 18:00:00+00:00,347.71753350169064,0.0022668089612363804
2025-05-21 00:00:00+00:00,346.71753350169064,0.005136187393181091
2025-05-21 06:00:00+00:00,345.71753350169064,0.008005565825125802
2025-05-21 12:00:00+00:00,345.71753350169064,0.008005565825125802
2025-05-21 18:00:00+00:00,350.58753350169064,0.0
2025-05-22 00:00:00+00:00,349.58753350169064,0.002852354703009363
2025-05-22 06:00:00+00:00,350.87753350169066,0.0
2025-05-22 12:00:00+00:00,354.29417628973084,0.0
2025-05-22 18:00:00+00:00,352.1675335016907,0.006002477405389399
2025-05-23 00:00:00+00:00,352.1675335016907,0.006002477405389399
2025-05-23 06:00:00+00:00,351.1675335016907,0.008824990635700672
2025-05-23 12:00:00+00:00,355.1575335016907,0.0
2025-05-23 18:00:00+00:00,353.1575335016907,0.005631303890082003
2025-05-24 00:00:00+00:00,353.1575335016907,0.005631303890082003
2025-05-24 06:00:00+00:00,358.1475335016907,0.0
2025-05-24 12:00:00+00:00,363.1375335016907,0.0
2025-05-24 18:00:00+00:00,362.1375335016907,0.0027537775849197483
2025-05-25 00:00:00+00:00,365.8975335016907,0.0
2025-05-25 06:00:00+00:00,368.9528395053413,0.0
2025-05-25 12:00:00+00:00,364.8975335016907,0.010991393938281002
2025-05-25 18:00:00+00:00,362.8975335016907,0.016412140943999728
2025-05-26 00:00:00+00:00,361.8975335016907,0.019122514446859088
2025-05-26 06:00:00+00:00,365.8875335016907,0.008308124170450208
2025-05-26 12:00:00+00:00,364.8875335016907,0.01101849767330957
2025-05-26 18:00:00+00:00,364.8875335016907,0.01101849767330957
2025-05-27 00:00:00+00:00,363.8875335016907,0.013728871176168932
2025-05-27 06:00:00+00:00,373.7475335016907,0.0
2025-05-27 12:00:00+00:00,377.61753350169073,0.0
2025-05-27 18:00:00+00:00,375.61753350169073,0.005296364237787823
2025-05-28 00:00:00+00:00,374.61753350169073,0.007944546356681735
2025-05-28 06:00:00+00:00,374.61753350169073,0.007944546356681735
2025-05-28 12:00:00+00:00,373.61753350169073,0.010592728475575646
2025-05-28 18:00:00+00:00,371.61753350169073,0.01588909271336347
2025-05-29 00:00:00+00:00,375.48753350169073,0.00564062791324402
2025-05-29 06:00:00+00:00,373.4380103689964,0.011068138425504585
2025-05-29 12:00:00+00:00,374.48753350169073,0.008288810032137932
2025-05-29 18:00:00+00:00,378.53753350169075,0.0
2025-05-30 00:00:00+00:00,383.58753350169076,0.0
2025-05-30 06:00:00+00:00,388.63753350169077,0.0
2025-05-30 12:00:00+00:00,393.89753350169076,0.0
2025-05-30 18:00:00+00:00,398.86753350169073,0.0
2025-05-31 00:00:00+00:00,403.8375335016907,0.0
2025-05-31 06:00:00+00:00,409.68001743055845,0.0
2025-05-31 12:00:00+00:00,399.8375335016907,0.024024808411691866
2025-05-31 18:00:00+00:00,397.5368073830483,0.029640718440870586
2025-06-01 00:00:00+00:00,409.84371584781803,0.0
2025-06-01 06:00:00+00:00,416.07832008415346,0.0
2025-06-01 12:00:00+00:00,408.4675335016907,0.018291716282942724
2025-06-01 18:00:00+00:00,406.4675335016907,0.023098503619508333
2025-06-02 00:00:00+00:00,408.9675335016907,0.017090019448801324
2025-06-02 06:00:00+00:00,408.9675335016907,0.017090019448801324
2025-06-02 12:00:00+00:00,407.92238536209425,0.01960192186992498
2025-06-02 18:00:00+00:00,407.9675335016907,0.019493413117084128
2025-06-03 00:00:00+00:00,406.9675335016907,0.02189680678536693
2025-06-03 06:00:00+00:00,406.9675335016907,0.02189680678536693
2025-06-03 12:00:00+00:00,405.9675335016907,0.024300200453649733
2025-06-03 18:00:00+00:00,405.9675335016907,0.024300200453649733
2025-06-04 00:00:00+00:00,403.9675335016907,0.029106987790215342
2025-06-04 06:00:00+00:00,408.96061307412566,0.01710665196059294
2025-06-04 12:00:00+00:00,411.9475335016907,0.009927906317318526
2025-06-04 18:00:00+00:00,412.1575335016907,0.009423193646979187
2025-06-05 00:00:00+00:00,416.1067538169766,0.0
2025-06-05 06:00:00+00:00,412.0100392098355,0.00984534514174946
2025-06-05 12:00:00+00:00,423.7275335016907,0.0
2025-06-05 18:00:00+00:00,428.9875335016907,0.0
2025-06-06 00:00:00+00:00,432.9775335016907,0.0
2025-06-06 06:00:00+00:00,431.9775335016907,0.002309588656742845
2025-06-06 12:00:00+00:00,428.9775335016907,0.00923835462697138
2025-06-06 18:00:00+00:00,436.0054712580362,0.0
2025-06-07 00:00:00+00:00,427.18753350169067,0.020224374090771265
2025-06-07 06:00:00+00:00,425.6734628949424,0.02369696952031851
2025-06-07 12:00:00+00:00,426.4775335016907,0.02185279402309773
2025-06-07 18:00:00+00:00,426.0046312728833,0.022937418551874665
2025-06-08 00:00:00+00:00,439.191746487682,0.0
2025-06-08 06:00:00+00:00,429.590046926227,0.021862204010530753
2025-06-08 12:00:00+00:00,424.1719816829661,0.03419864996287488
2025-06-08 18:00:00+00:00,427.6497631362825,0.02628005522349499
2025-06-09 00:00:00+00:00,454.7116793481068,0.0
2025-06-09 06:00:00+00:00,421.9652673717046,0.07201577057213222
2025-06-09 12:00:00+00:00,426.65753350169064,0.06169655876584423
2025-06-09 18:00:00+00:00,426.65753350169064,0.06169655876584423
2025-06-10 00:00:00+00:00,427.8675335016906,0.05903553188891271
2025-06-10 06:00:00+00:00,434.14753350169065,0.045224582478061215
2025-06-10 12:00:00+00:00,431.14753350169065,0.05182216977623865
2025-06-10 18:00:00+00:00,441.06753350169066,0.030006147776931898
2025-06-11 00:00:00+00:00,439.06753350169066,0.034404539309050186
2025-06-11 06:00:00+00:00,438.3575335016907,0.03596596830295214
2025-06-11 12:00:00+00:00,448.2775335016907,0.014149946303645383
2025-06-11 18:00:00+00:00,446.2775335016907,0.01854833783576367
2025-06-12 00:00:00+00:00,443.0387449468373,0.025671067912758055
2025-06-12 06:00:00+00:00,443.2775335016907,0.025145925133941108
2025-06-12 12:00:00+00:00,453.7560244789971,0.0021016721419598755
2025-06-12 18:00:00+00:00,442.2775335016907,0.027345120900000252
2025-06-13 00:00:00+00:00,442.2775335016907,0.027345120900000252
2025-06-13 06:00:00+00:00,446.2675335016907,0.018570329793424246
2025-06-13 12:00:00+00:00,444.2675335016907,0.022968721325542535
2025-06-13 18:00:00+00:00,442.2675335016907,0.027367112857660823
2025-06-14 00:00:00+00:00,444.7675335016907,0.02186912344251296
2025-06-14 06:00:00+00:00,453.36691208592424,0.002957406469326891
2025-06-14 12:00:00+00:00,457.1075335016907,0.0
2025-06-14 18:00:00+00:00,448.14131526306204,0.01961511806629518
2025-06-15 00:00:00+00:00,452.53076445748064,0.010012455951337129
2025-06-15 06:00:00+00:00,473.9698958187478,0.0
2025-06-15 12:00:00+00:00,457.6097150037303,0.034517341627270416
2025-06-15 18:00:00+00:00,465.94753350169066,0.016925889993918457
2025-06-16 00:00:00+00:00,463.94753350169066,0.021145567272250972
2025-06-16 06:00:00+00:00,466.9736757398998,0.014760895450464221
2025-06-16 12:00:00+00:00,461.94753350169066,0.02536524455058349
2025-06-16 18:00:00+00:00,461.94753350169066,0.02536524455058349
2025-06-17 00:00:00+00:00,463.15753350169064,0.022812339797192358
2025-06-17 06:00:00+00:00,473.01611368292544,0.0020123264035044864
2025-06-17 12:00:00+00:00,469.31753350169066,0.009815733779928155
2025-06-17 18:00:00+00:00,469.31753350169066,0.009815733779928155
2025-06-18 00:00:00+00:00,468.31753350169066,0.011925572419094414
2025-06-18 06:00:00+00:00,477.8603130574505,0.0
2025-06-18 12:00:00+00:00,475.7675335016907,0.0043794797319948505
2025-06-18 18:00:00+00:00,474.7675335016907,0.0064721414841328135
2025-06-19 00:00:00+00:00,474.7675335016907,0.0064721414841328135
2025-06-19 06:00:00+00:00,476.7802777406146,0.0022601485985007026
2025-06-19 12:00:00+00:00,482.30934121167945,0.0
2025-06-19 18:00:00+00:00,474.75016835431813,0.015672872597430564
2025-06-20 00:00:00+00:00,482.47269952149134,0.0
2025-06-20 06:00:00+00:00,477.10753350169074,0.011120144259191623
2025-06-20 12:00:00+00:00,483.26753350169076,0.0
2025-06-20 18:00:00+00:00,483.26753350169076,0.0
2025-06-21 00:00:00+00:00,481.4039940935994,0.0038561237387258417
2025-06-21 06:00:00+00:00,474.2911468726307,0.018574363073841103
2025-06-21 12:00:00+00:00,494.58165184366453,0.0
2025-06-21 18:00:00+00:00,494.60753350169074,0.0
2025-06-22 00:00:00+00:00,493.60753350169074,0.002021805031800191
2025-06-22 06:00:00+00:00,496.10753350169074,0.0
2025-06-22 12:00:00+00:00,498.60753350169074,0.0
2025-06-22 18:00:00+00:00,499.8175335016907,0.0
2025-06-23 00:00:00+00:00,498.8175335016907,0.002000730132442657
2025-06-23 06:00:00+00:00,500.8976578511233,0.0
2025-06-23 12:00:00+00:00,500.0275335016907,0.001737130002095624
2025-06-23 18:00:00+00:00,499.0275335016907,0.0037335458054556384
2025-06-24 00:00:00+00:00,499.0275335016907,0.0037335458054556384
2025-06-24 06:00:00+00:00,498.0275335016907,0.005729961608815653
2025-06-24 12:00:00+00:00,498.560449986477,0.004666038716717192
2025-06-24 18:00:00+00:00,499.61283455629666,0.00256504153031701
2025-06-25 00:00:00+00:00,507.3297297155895,0.0
2025-06-25 06:00:00+00:00,501.1875335016907,0.012106911647661804
2025-06-25 12:00:00+00:00,500.1875335016907,0.01407801631870208
2025-06-25 18:00:00+00:00,499.1875335016907,0.016049120989742358
2025-06-26 00:00:00+00:00,502.9475335016907,0.008637767426630933
2025-06-26 06:00:00+00:00,501.9475335016907,0.01060887209767121
2025-06-26 12:00:00+00:00,499.9475335016907,0.014551081439751765
2025-06-26 18:00:00+00:00,505.479482047492,0.0036470318211683536
2025-06-27 00:00:00+00:00,511.55337913909466,0.0
2025-06-27 06:00:00+00:00,515.4594820474921,0.0
2025-06-27 12:00:00+00:00,513.9175335016907,0.0029914059193876246
2025-06-27 18:00:00+00:00,512.9175335016907,0.004931422612897328
2025-06-28 00:00:00+00:00,512.9175335016907,0.004931422612897328
2025-06-28 06:00:00+00:00,510.6289777749122,0.009371258926874956
2025-06-28 12:00:00+00:00,524.6413628388724,0.0
2025-06-28 18:00:00+00:00,517.9075335016908,0.012835109494120723
2025-06-29 00:00:00+00:00,517.9075335016908,0.012835109494120723
2025-06-29 06:00:00+00:00,517.9075335016908,0.012835109494120723
2025-06-29 12:00:00+00:00,517.9075335016908,0.012835109494120723
2025-06-29 18:00:00+00:00,517.9075335016908,0.012835109494120723
2025-06-30 00:00:00+00:00,519.1136854020123,0.010536106811993374
2025-06-30 06:00:00+00:00,514.9075335016908,0.01855330141053155
2025-06-30 12:00:00+00:00,518.8975335016908,0.010948106161705133
2025-06-30 18:00:00+00:00,521.7100156026216,0.0055873353568407684
2025-07-01 00:00:00+00:00,519.6575335016908,0.009499497542881074
2025-07-01 06:00:00+00:00,518.6575335016908,0.011405561515018016
2025-07-01 12:00:00+00:00,517.6575335016908,0.01331162548715496
2025-07-01 18:00:00+00:00,517.6575335016908,0.01331162548715496
2025-07-02 00:00:00+00:00,525.3897140914141,0.0
2025-07-02 06:00:00+00:00,522.6475335016908,0.005219326751505941
2025-07-02 12:00:00+00:00,522.6475335016908,0.005219326751505941
2025-07-02 18:00:00+00:00,520.3417142427905,0.009608105589492514
2025-07-03 00:00:00+00:00,526.8075335016907,0.0
2025-07-03 06:00:00+00:00,527.9005243418276,0.0
2025-07-03 12:00:00+00:00,523.8075335016907,0.0077533373266485805
2025-07-03 18:00:00+00:00,547.8278913634914,0.0
2025-07-04 00:00:00+00:00,514.6066622204992,0.06064172647418107
2025-07-04 06:00:00+00:00,517.8075335016907,0.05479888544389894
2025-07-04 12:00:00+00:00,517.8075335016907,0.05479888544389894
2025-07-04 18:00:00+00:00,517.8075335016907,0.05479888544389894
2025-07-05 00:00:00+00:00,517.8075335016907,0.05479888544389894
2025-07-05 06:00:00+00:00,516.8075335016907,0.05662427625689879
2025-07-05 12:00:00+00:00,516.8075335016907,0.05662427625689879
2025-07-05 18:00:00+00:00,516.8075335016907,0.05662427625689879
2025-07-06 00:00:00+00:00,516.8075335016907,0.05662427625689879
2025-07-06 06:00:00+00:00,516.8075335016907,0.05662427625689879
2025-07-06 12:00:00+00:00,516.8075335016907,0.05662427625689879
2025-07-06 18:00:00+00:00,516.8075335016907,0.05662427625689879
2025-07-07 00:00:00+00:00,516.8075335016907,0.05662427625689879
2025-07-07 06:00:00+00:00,514.7370828080097,0.060403657931913234
2025-07-07 12:00:00+00:00,511.8075335016907,0.06575123032189807
2025-07-07 18:00:00+00:00,518.4833672472355,0.05356522473366624
2025-07-08 00:00:00+00:00,524.3757188666419,0.042809380220636906
2025-07-08 06:00:00+00:00,521.9575335016907,0.047223513569949575
2025-07-08 12:00:00+00:00,537.3667171008008,0.01909573139230602
2025-07-08 18:00:00+00:00,538.0245054776051,0.017895010532389326
2025-07-09 00:00:00+00:00,535.8675335016907,0.021832327361121645
2025-07-09 06:00:00+00:00,537.8075466398748,0.018291045201581372
2025-07-09 12:00:00+00:00,550.1552769533417,0.0
2025-07-09 18:00:00+00:00,551.5375335016906,0.0
2025-07-10 00:00:00+00:00,553.9741844161041,0.0
2025-07-10 06:00:00+00:00,558.3228660047163,0.0
2025-07-10 12:00:00+00:00,568.2075335016906,0.0
2025-07-10 18:00:00+00:00,581.8275335016906,0.0
2025-07-11 00:00:00+00:00,596.7375335016906,0.0
2025-07-11 06:00:00+00:00,597.4975335016906,0.0
2025-07-11 12:00:00+00:00,595.4975335016906,0.0033472941524608675
2025-07-11 18:00:00+00:00,593.4975335016906,0.006694588304921735
2025-07-12 00:00:00+00:00,591.3020108607492,0.010369118353730966
2025-07-12 06:00:00+00:00,595.5846848239747,0.003201433596730348
2025-07-12 12:00:00+00:00,592.4975335016906,0.008368235381152169
2025-07-12 18:00:00+00:00,593.3399995923572,0.0069582444716846025
2025-07-13 00:00:00+00:00,596.2704916876423,0.002053634944494292
2025-07-13 06:00:00+00:00,605.8148880517883,0.0
2025-07-13 12:00:00+00:00,601.1275335016906,0.007737271966312388
2025-07-13 18:00:00+00:00,600.1275335016906,0.00938794120492396
2025-07-14 00:00:00+00:00,604.9975335016906,0.0013491820128855984
2025-07-14 06:00:00+00:00,615.0361473383481,0.0
2025-07-14 12:00:00+00:00,607.9875335016906,0.011460487106589345
2025-07-14 18:00:00+00:00,607.8511370931233,0.011682256849973644
2025-07-15 00:00:00+00:00,603.9875335016906,0.017964169885740684
2025-07-15 06:00:00+00:00,605.8032314887319,0.015011988953125638
2025-07-15 12:00:00+00:00,616.6075335016906,0.0
2025-07-15 18:00:00+00:00,613.6075335016906,0.004865331409370098
2025-07-16 00:00:00+00:00,610.6075335016906,0.009730662818740196
2025-07-16 06:00:00+00:00,621.8575321280059,0.0
2025-07-16 12:00:00+00:00,624.2275335016906,0.0
2025-07-16 18:00:00+00:00,633.0675335016906,0.0
2025-07-17 00:00:00+00:00,630.0675335016906,0.004738830916515463
2025-07-17 06:00:00+00:00,643.6875335016906,0.0
2025-07-17 12:00:00+00:00,640.6875335016906,0.004660646422154331
2025-07-17 18:00:00+00:00,649.3175335016906,0.0
2025-07-18 00:00:00+00:00,654.1875335016906,0.0
2025-07-18 06:00:00+00:00,652.1875335016906,0.003057227320267838
2025-07-18 12:00:00+00:00,650.1875335016906,0.006114454640535676
2025-07-18 18:00:00+00:00,647.1875335016906,0.010700295620937432
2025-07-19 00:00:00+00:00,649.9475335016906,0.006481321918967831
2025-07-19 06:00:00+00:00,647.9475335016906,0.009538549239235668
2025-07-19 12:00:00+00:00,642.5760944346983,0.01774940437161702
2025-07-19 18:00:00+00:00,672.8486700153692,0.0
2025-07-20 00:00:00+00:00,657.9175335016906,0.022190928182019735
2025-07-20 06:00:00+00:00,666.5475335016906,0.009364864336485389
2025-07-20 12:00:00+00:00,665.5502578201128,0.010847033694946032
2025-07-20 18:00:00+00:00,674.2775335016906,0.0
2025-07-21 00:00:00+00:00,681.3775335016907,0.0
2025-07-21 06:00:00+00:00,689.9982782125414,0.0
2025-07-21 12:00:00+00:00,684.2475335016907,0.008334433421701025
2025-07-21 18:00:00+00:00,682.2475335016907,0.011232991379238328
2025-07-22 00:00:00+00:00,679.2475335016907,0.015580828315544283
2025-07-22 06:00:00+00:00,676.2475335016907,0.019928665251850237
2025-07-22 12:00:00+00:00,674.2475335016907,0.022827223209387543
2025-07-22 18:00:00+00:00,682.9975335016907,0.01014603214516184
2025-07-23 00:00:00+00:00,679.9975335016907,0.014493869081467794
2025-07-23 06:00:00+00:00,677.9975335016907,0.017392427039005096
2025-07-23 12:00:00+00:00,675.9975335016907,0.020290984996542402
2025-07-23 18:00:00+00:00,673.9975335016907,0.023189542954079705
2025-07-24 00:00:00+00:00,673.9975335016907,0.023189542954079705
2025-07-24 06:00:00+00:00,673.9975335016907,0.023189542954079705
2025-07-24 12:00:00+00:00,673.9975335016907,0.023189542954079705
2025-07-24 18:00:00+00:00,667.4811952744449,0.03263353496537362
2025-07-25 00:00:00+00:00,674.2075335016907,0.022885194368538236
2025-07-25 06:00:00+00:00,672.2075335016907,0.025783752326075538
2025-07-25 12:00:00+00:00,675.9675335016907,0.02033446336590542
2025-07-25 18:00:00+00:00,674.9675335016907,0.021783742344674072
2025-07-26 00:00:00+00:00,673.9675335016907,0.023233021323442724
2025-07-26 06:00:00+00:00,675.7437506253953,0.020658787184328797
2025-07-26 12:00:00+00:00,673.1775335016907,0.024377951716669906
2025-07-26 18:00:00+00:00,689.6947461356366,0.0004399026584401801
2025-07-27 00:00:00+00:00,671.1775335016907,0.02727650967420721
2025-07-27 06:00:00+00:00,671.1775335016907,0.02727650967420721
2025-07-27 12:00:00+00:00,670.1775335016907,0.02872578865297586
2025-07-27 18:00:00+00:00,669.1775335016907,0.030175067631744514
2025-07-28 00:00:00+00:00,669.1775335016907,0.030175067631744514
2025-07-28 06:00:00+00:00,668.1775335016907,0.031624346610513165
2025-07-28 12:00:00+00:00,668.1775335016907,0.031624346610513165
2025-07-28 18:00:00+00:00,680.0273161615185,0.014450705698647565
2025-07-29 00:00:00+00:00,671.9375335016907,0.02617505765034305
2025-07-29 06:00:00+00:00,675.8075335016907,0.02056634800250836
2025-07-29 12:00:00+00:00,679.5675335016907,0.015117059042338243
2025-07-29 18:00:00+00:00,689.3842063917036,0.0008899613813944241
2025-07-30 00:00:00+00:00,695.293627415553,0.0
2025-07-30 06:00:00+00:00,682.9587966818154,0.017740462802150043
2025-07-30 12:00:00+00:00,697.7668743753263,0.0
2025-07-30 18:00:00+00:00,690.3775335016907,0.010589985201362484
2025-07-31 00:00:00+00:00,706.1070394141932,0.0
2025-07-31 06:00:00+00:00,702.0718683437087,0.005714673335974898
2025-07-31 12:00:00+00:00,690.3475335016907,0.022318862485179367
2025-07-31 18:00:00+00:00,696.6075335016907,0.013453351095867247
2025-08-01 00:00:00+00:00,701.5775335016907,0.0064147581877392066
2025-08-01 06:00:00+00:00,706.5475335016907,0.0
2025-08-01 12:00:00+00:00,712.8075335016907,0.0
2025-08-01 18:00:00+00:00,714.0175335016908,0.0
2025-08-02 00:00:00+00:00,712.0175335016908,0.0028010516635236997
2025-08-02 06:00:00+00:00,721.5455338071158,0.0
2025-08-02 12:00:00+00:00,724.3575335016908,0.0
2025-08-02 18:00:00+00:00,724.5675335016908,0.0
2025-08-03 00:00:00+00:00,723.5675335016908,0.0013801336021325697
2025-08-03 06:00:00+00:00,720.5675335016908,0.005520534408530279
2025-08-03 12:00:00+00:00,711.3458203583713,0.01824773058685317
2025-08-03 18:00:00+00:00,722.9810719722121,0.0021895288653241804
2025-08-04 00:00:00+00:00,716.8575335016908,0.010640830072442164
2025-08-04 06:00:00+00:00,715.8575335016908,0.012020963674574734
2025-08-04 12:00:00+00:00,714.8575335016908,0.013401097276707304
2025-08-04 18:00:00+00:00,714.8575335016908,0.013401097276707304
2025-08-05 00:00:00+00:00,716.0675335016908,0.011731135618126843
2025-08-05 06:00:00+00:00,716.0675335016908,0.011731135618126843
2025-08-05 12:00:00+00:00,717.2775335016909,0.010061173959546383
2025-08-05 18:00:00+00:00,717.2775335016909,0.010061173959546383
2025-08-06 00:00:00+00:00,718.4875335016909,0.008391212300965924
2025-08-06 06:00:00+00:00,717.4875335016909,0.009771345903098494
2025-08-06 12:00:00+00:00,717.4875335016909,0.009771345903098494
2025-08-06 18:00:00+00:00,717.7136808434318,0.009459232357728923
2025-08-07 00:00:00+00:00,714.1769412388301,0.014340405528032835
2025-08-07 06:00:00+00:00,721.3575335016909,0.004430228862845442
2025-08-07 12:00:00+00:00,720.3575335016909,0.005810362464978012
2025-08-07 18:00:00+00:00,725.2275335016909,0.0
2025-08-08 00:00:00+00:00,721.1363346591004,0.005641262436406091
2025-08-08 06:00:00+00:00,728.319280351818,0.0
2025-08-08 12:00:00+00:00,735.6675335016909,0.0
2025-08-08 18:00:00+00:00,725.2491032671542,0.01416187307457512
2025-08-09 00:00:00+00:00,743.5275335016909,0.0
2025-08-09 06:00:00+00:00,745.6644782155336,0.0
2025-08-09 12:00:00+00:00,759.2629952445908,0.0
2025-08-09 18:00:00+00:00,744.6075335016909,0.019302220488407632
2025-08-10 00:00:00+00:00,743.8975335016909,0.02023733783832051
2025-08-10 06:00:00+00:00,740.8975335016909,0.024188537908374726
2025-08-10 12:00:00+00:00,760.9724391410895,0.0
2025-08-10 18:00:00+00:00,782.5304630659253,0.0
2025-08-11 00:00:00+00:00,758.167533501691,0.031133522225807442
2025-08-11 06:00:00+00:00,756.167533501691,0.033689333270100943
2025-08-11 12:00:00+00:00,762.4633039352293,0.02564393346691406
2025-08-11 18:00:00+00:00,759.037533501691,0.030021744421539764
2025-08-12 00:00:00+00:00,763.907533501691,0.023798344528685084
2025-08-12 06:00:00+00:00,765.1652670471854,0.02219107988550861
2025-08-12 12:00:00+00:00,767.777533501691,0.018852850157977153
2025-08-12 18:00:00+00:00,777.637533501691,0.006252701709610171
2025-08-13 00:00:00+00:00,781.507533501691,0.00130720733890224
2025-08-13 06:00:00+00:00,805.9783100936888,0.0
2025-08-13 12:00:00+00:00,789.367533501691,0.02060945857223744
2025-08-13 18:00:00+00:00,801.0181010729549,0.006154271099624698
2025-08-14 00:00:00+00:00,800.7896943802753,0.006437661719222253
2025-08-14 06:00:00+00:00,796.347533501691,0.011949175891443403
2025-08-14 12:00:00+00:00,793.347533501691,0.015671360424735957
2025-08-14 18:00:00+00:00,791.347533501691,0.018152816780264328
2025-08-15 00:00:00+00:00,791.347533501691,0.018152816780264328
2025-08-15 06:00:00+00:00,791.347533501691,0.018152816780264328
2025-08-15 12:00:00+00:00,791.347533501691,0.018152816780264328
2025-08-15 18:00:00+00:00,807.5475099450929,0.0
2025-08-16 00:00:00+00:00,796.337533501691,0.013881507038717805
2025-08-16 06:00:00+00:00,796.337533501691,0.013881507038717805
2025-08-16 12:00:00+00:00,796.337533501691,0.013881507038717805
2025-08-16 18:00:00+00:00,790.1269131488409,0.02157222526441378
2025-08-17 00:00:00+00:00,795.337533501691,0.015119824274155744
2025-08-17 06:00:00+00:00,794.337533501691,0.016358141509593683
2025-08-17 12:00:00+00:00,794.337533501691,0.016358141509593683
2025-08-17 18:00:00+00:00,794.337533501691,0.016358141509593683
2025-08-18 00:00:00+00:00,794.337533501691,0.016358141509593683
2025-08-18 06:00:00+00:00,793.337533501691,0.017596458745031626
2025-08-18 12:00:00+00:00,792.337533501691,0.018834775980469565
2025-08-18 18:00:00+00:00,793.5475335016911,0.01733641212558961
2025-08-19 00:00:00+00:00,799.6275335016911,0.009807443334126885
2025-08-19 06:00:00+00:00,798.6275335016911,0.011045760569564824
2025-08-19 12:00:00+00:00,803.4975335016911,0.00501515563298205
2025-08-19 18:00:00+00:00,803.4975335016911,0.00501515563298205
2025-08-20 00:00:00+00:00,801.4975335016911,0.007491790103857931
2025-08-20 06:00:00+00:00,801.7075335016912,0.0072317434844159185
2025-08-20 12:00:00+00:00,799.7075335016912,0.0097083779552918
2025-08-20 18:00:00+00:00,799.7075335016912,0.0097083779552918
2025-08-21 00:00:00+00:00,798.7075335016912,0.010946695190729739
2025-08-21 06:00:00+00:00,835.912453920125,0.0
2025-08-21 12:00:00+00:00,808.6275335016911,0.03264088277483791
2025-08-21 18:00:00+00:00,815.2181840094376,0.02475650388224135
2025-08-22 00:00:00+00:00,804.6275335016911,0.03742607287607574
2025-08-22 06:00:00+00:00,808.6775335016911,0.03258106789857249
2025-08-22 12:00:00+00:00,805.6775335016911,0.03616996047450086
2025-08-22 18:00:00+00:00,805.6775335016911,0.03616996047450086
2025-08-23 00:00:00+00:00,805.8875335016911,0.03591873799418583
2025-08-23 06:00:00+00:00,804.8875335016911,0.037115035519495285
2025-08-23 12:00:00+00:00,830.0013575150622,0.00707143000124229
2025-08-23 18:00:00+00:00,831.0166098081221,0.005856886195489962
2025-08-24 00:00:00+00:00,812.1775335016912,0.028394026559989263
2025-08-24 06:00:00+00:00,811.1775335016912,0.029590324085298717
2025-08-24 12:00:00+00:00,811.1775335016912,0.029590324085298717
2025-08-24 18:00:00+00:00,809.1775335016912,0.03198291913591763
2025-08-25 00:00:00+00:00,809.3875335016912,0.031731696655602604
2025-08-25 06:00:00+00:00,808.3875335016912,0.03292799418091206
2025-08-25 12:00:00+00:00,808.3875335016912,0.03292799418091206
2025-08-25 18:00:00+00:00,808.3875335016912,0.03292799418091206
2025-08-26 00:00:00+00:00,809.5975335016913,0.03148047417528757
2025-08-26 06:00:00+00:00,810.3397887403282,0.03059251607015818
2025-08-26 12:00:00+00:00,808.5975335016913,0.032676771700597025
2025-08-26 18:00:00+00:00,807.5975335016913,0.03387306922590648
2025-08-27 00:00:00+00:00,802.8024599219292,0.03960940388305259
2025-08-27 06:00:00+00:00,806.0175151026687,0.03576324132660064
2025-08-27 12:00:00+00:00,806.8875335016912,0.03472244046887624
2025-08-27 18:00:00+00:00,806.8875335016912,0.03472244046887624
2025-08-28 00:00:00+00:00,804.8875335016912,0.03711503551949515
2025-08-28 06:00:00+00:00,803.8875335016912,0.03831133304480461
2025-08-28 12:00:00+00:00,807.6475335016912,0.03381325434964107
2025-08-28 18:00:00+00:00,806.6475335016912,0.03500955187495052
2025-08-29 00:00:00+00:00,817.9028974369737,0.021544787852714766
2025-08-29 06:00:00+00:00,815.2775335016912,0.024685504231529924
2025-08-29 12:00:00+00:00,814.2775335016912,0.02588180175683938
2025-08-29 18:00:00+00:00,813.2775335016912,0.027078099282148833
2025-08-30 00:00:00+00:00,816.1475335016912,0.023644725384510693
2025-08-30 06:00:00+00:00,829.551188904432,0.007609965596111144
2025-08-30 12:00:00+00:00,827.6485557201672,0.009886080966018774
2025-08-30 18:00:00+00:00,810.3598906302456,0.030568468228996042
2025-08-31 00:00:00+00:00,818.1975335016912,0.02119231545762636
2025-08-31 06:00:00+00:00,832.9590937426327,0.0035330974716815335
2025-08-31 12:00:00+00:00,843.0954131600336,0.0
2025-08-31 18:00:00+00:00,823.2475335016911,0.02354167671717006
2025-09-01 00:00:00+00:00,827.0075335016911,0.019081920512463633
2025-09-01 06:00:00+00:00,827.2175335016912,0.01883283838400924
2025-09-01 12:00:00+00:00,827.2175335016912,0.01883283838400924
2025-09-01 18:00:00+00:00,830.9775335016911,0.01437308217930281
2025-09-02 00:00:00+00:00,830.9775335016911,0.01437308217930281
2025-09-02 06:00:00+00:00,844.7481797956427,0.0
2025-09-02 12:00:00+00:00,835.8475335016911,0.010536449212716601
2025-09-02 18:00:00+00:00,835.8475335016911,0.010536449212716601
2025-09-03 00:00:00+00:00,835.8475335016911,0.010536449212716601
2025-09-03 06:00:00+00:00,834.8475335016911,0.011720233947525872
2025-09-03 12:00:00+00:00,835.0575335016912,0.011471639153215883
2025-09-03 18:00:00+00:00,834.0575335016912,0.012655423888025154
2025-09-04 00:00:00+00:00,861.0747083910438,0.0
2025-09-04 06:00:00+00:00,837.9275335016912,0.026881726595598378
2025-09-04 12:00:00+00:00,842.7975335016912,0.02122600363388253
2025-09-04 18:00:00+00:00,842.7975335016912,0.02122600363388253
2025-09-05 00:00:00+00:00,841.7975335016912,0.022387343051072643
2025-09-05 06:00:00+00:00,841.0075335016912,0.02330480119065279
2025-09-05 12:00:00+00:00,841.0075335016912,0.02330480119065279
2025-09-05 18:00:00+00:00,841.0075335016912,0.02330480119065279
2025-09-06 00:00:00+00:00,841.0075335016912,0.02330480119065279
2025-09-06 06:00:00+00:00,841.1491967485173,0.023140282078146557
2025-09-06 12:00:00+00:00,863.8866678055026,0.0
2025-09-06 18:00:00+00:00,860.1432743323617,0.004333199727054634
2025-09-07 00:00:00+00:00,820.847234376758,0.049820694117291994
2025-09-07 06:00:00+00:00,832.0251166547499,0.03688163313330131
2025-09-07 12:00:00+00:00,845.8469677588815,0.02088202158790877
2025-09-07 18:00:00+00:00,832.8194499330075,0.035962145302478106
2025-09-08 00:00:00+00:00,836.3924454565243,0.031826191297546894
2025-09-08 06:00:00+00:00,842.4906591108096,0.02476714769663533
2025-09-08 12:00:00+00:00,837.2975335016912,0.030778498262225475
2025-09-08 18:00:00+00:00,838.5875335016912,0.029285246834608356
2025-09-09 00:00:00+00:00,832.545073878964,0.03627975184077611
2025-09-09 06:00:00+00:00,837.8775335016911,0.030107113899420945
2025-09-09 12:00:00+00:00,838.1675335016911,0.02977142171801868
2025-09-09 18:00:00+00:00,845.881019011574,0.02084260524550936
2025-09-10 00:00:00+00:00,842.217533501691,0.025083306770848572
2025-09-10 06:00:00+00:00,837.5688839795009,0.030464394007672
2025-09-10 12:00:00+00:00,846.267533501691,0.020395191823678462
2025-09-10 18:00:00+00:00,845.267533501691,0.02155275106989332
2025-09-11 00:00:00+00:00,847.1318762109479,0.01939466392867974
2025-09-11 06:00:00+00:00,845.8198981061604,0.020913356314707948
2025-09-11 12:00:00+00:00,843.477533501691,0.023624782120617867
2025-09-11 18:00:00+00:00,877.472047968638,0.0
2025-09-12 00:00:00+00:00,849.737533501691,0.0316072911167402
2025-09-12 06:00:00+00:00,851.4644212539774,0.02963926517644479
2025-09-12 12:00:00+00:00,850.237533501691,0.031037472395839052
2025-09-12 18:00:00+00:00,883.8205089954868,0.0
2025-09-13 00:00:00+00:00,861.0074588357566,0.025811858773970478
2025-09-13 06:00:00+00:00,877.2245446505083,0.007463013448822521
2025-09-13 12:00:00+00:00,859.837533501691,0.027135572494299508
2025-09-13 18:00:00+00:00,884.0691802683643,0.0
2025-09-14 00:00:00+00:00,874.3234862450064,0.011023678056958823
2025-09-14 06:00:00+00:00,846.9656578958114,0.041969025954835246
2025-09-14 12:00:00+00:00,854.0475335016911,0.03395848134595079
2025-09-14 18:00:00+00:00,846.764318774647,0.042196767319038576
2025-09-15 00:00:00+00:00,888.63926887716,0.0
2025-09-15 06:00:00+00:00,849.0475335016911,0.04455321384288483
2025-09-15 12:00:00+00:00,847.0475335016911,0.046803845871027254
2025-09-15 18:00:00+00:00,847.0475335016911,0.046803845871027254
2025-09-16 00:00:00+00:00,847.0475335016911,0.046803845871027254
2025-09-16 06:00:00+00:00,847.0475335016911,0.046803845871027254
2025-09-16 12:00:00+00:00,847.0475335016911,0.046803845871027254
2025-09-16 18:00:00+00:00,847.0475335016911,0.046803845871027254
2025-09-17 00:00:00+00:00,847.0475335016911,0.046803845871027254
2025-09-17 06:00:00+00:00,847.0475335016911,0.046803845871027254
2025-09-17 12:00:00+00:00,847.0475335016911,0.046803845871027254
2025-09-17 18:00:00+00:00,847.0475335016911,0.046803845871027254
2025-09-18 00:00:00+00:00,847.0475335016911,0.046803845871027254
2025-09-18 06:00:00+00:00,851.9960607497717,0.041235188912694405
2025-09-18 12:00:00+00:00,847.2575335016911,0.04656752950807226
2025-09-18 18:00:00+00:00,846.2575335016911,0.047692845522143465
2025-09-19 00:00:00+00:00,863.4697137963688,0.028323703399461803
2025-09-19 06:00:00+00:00,872.292062448339,0.018395773179680087
2025-09-19 12:00:00+00:00,852.5786483657382,0.0405795937388477
2025-09-19 18:00:00+00:00,849.1275335016911,0.04446318856175909
2025-09-20 00:00:00+00:00,845.6070065321034,0.04842489393860579
2025-09-20 06:00:00+00:00,850.0183376790055,0.04346075235562566
2025-09-20 12:00:00+00:00,840.4248847179501,0.05425641860294016
2025-09-20 18:00:00+00:00,841.729496147807,0.05278831846878186
2025-09-21 00:00:00+00:00,847.1709186644883,0.04666499857143271
2025-09-21 06:00:00+00:00,852.9771373827334,0.040131167666591507
2025-09-21 12:00:00+00:00,842.51557273587,0.05190373389594811
2025-09-21 18:00:00+00:00,861.2751423095799,0.030793289837569356
2025-09-22 00:00:00+00:00,858.4475335016909,0.03397524331061561
2025-09-22 06:00:00+00:00,857.4475335016909,0.03510055932468682
2025-09-22 12:00:00+00:00,857.4475335016909,0.03510055932468682
2025-09-22 18:00:00+00:00,856.4475335016909,0.03622587533875803
2025-09-23 00:00:00+00:00,864.0571262092419,0.027662678804391425
2025-09-23 06:00:00+00:00,859.3675651074395,0.03293991701121508
2025-09-23 12:00:00+00:00,875.835841120398,0.014407902289688178
2025-09-23 18:00:00+00:00,888.299235686905,0.0003826447943096573
2025-09-24 00:00:00+00:00,866.707533501691,0.0246801330343873
2025-09-24 06:00:00+00:00,861.854788857199,0.030141004295032536
2025-09-24 12:00:00+00:00,860.5015166945433,0.031663863131065756
2025-09-24 18:00:00+00:00,874.3461916883462,0.016084228650928158
2025-09-25 00:00:00+00:00,871.9975335016911,0.01872721131995051
2025-09-25 06:00:00+00:00,873.2075335016912,0.017365578942924308
2025-09-25 12:00:00+00:00,874.4175335016912,0.0160039465658981
2025-09-25 18:00:00+00:00,873.4175335016912,0.01712926257996931
2025-09-26 00:00:00+00:00,872.4175335016912,0.018254578594040522
2025-09-26 06:00:00+00:00,873.6275335016912,0.016892946217014315
2025-09-26 12:00:00+00:00,872.6275335016912,0.018018262231085526
2025-09-26 18:00:00+00:00,871.6275335016912,0.019143578245156737
2025-09-27 00:00:00+00:00,872.8375335016913,0.017781945868130533
2025-09-27 06:00:00+00:00,881.7528645151237,0.007749381107969254
2025-09-27 12:00:00+00:00,888.0543249569799,0.0006582467607122363
2025-09-27 18:00:00+00:00,871.5924397230228,0.019183069836286554
2025-09-28 00:00:00+00:00,876.2740291701642,0.013914802260111565
2025-09-28 06:00:00+00:00,910.4685597346423,0.0
2025-09-28 12:00:00+00:00,861.8388739790277,0.0534117133817206
2025-09-28 18:00:00+00:00,869.3375335016913,0.04517566893791343
2025-09-29 00:00:00+00:00,880.9106373313929,0.032464517403944355
2025-09-29 06:00:00+00:00,885.1954162447488,0.027758392335106477
2025-09-29 12:00:00+00:00,868.3375335016913,0.04627400450294541
2025-09-29 18:00:00+00:00,866.3375335016913,0.048470675633009365
2025-09-30 00:00:00+00:00,879.7567418417302,0.033731881858570845
2025-09-30 06:00:00+00:00,887.6014050170852,0.02511580929738178
2025-09-30 12:00:00+00:00,872.4175335016913,0.041792795397614886
2025-09-30 18:00:00+00:00,872.4175335016913,0.041792795397614886
2025-10-01 00:00:00+00:00,871.4175335016913,0.042891130962646865
2025-10-01 06:00:00+00:00,871.4175335016913,0.042891130962646865
2025-10-01 12:00:00+00:00,868.9148588188143,0.045639907574555806
2025-10-01 18:00:00+00:00,934.2622593713463,0.0
2025-10-02 00:00:00+00:00,893.448779233012,0.04368524975609865
2025-10-02 06:00:00+00:00,869.1579672545029,0.06968524251493509
2025-10-02 12:00:00+00:00,879.5475335016913,0.05856463249031582
2025-10-02 18:00:00+00:00,907.1914648765414,0.02897558391475697
2025-10-03 00:00:00+00:00,876.993664009043,0.06129820057254448
2025-10-03 06:00:00+00:00,879.6275335016913,0.05847900342931332
2025-10-03 12:00:00+00:00,894.4575335016914,0.04260551624598327
2025-10-03 18:00:00+00:00,926.9053180567573,0.007874599707730237
2025-10-04 00:00:00+00:00,898.6422856656459,0.0381263112668906
2025-10-04 06:00:00+00:00,897.6407991053744,0.03919826568892341
2025-10-04 12:00:00+00:00,888.1833040719015,0.049321220928319205
2025-10-04 18:00:00+00:00,905.9672925648761,0.03028589298417084
2025-10-05 00:00:00+00:00,905.0775335016914,0.031238258397907427
2025-10-05 06:00:00+00:00,902.0775335016914,0.034449348185499475
2025-10-05 12:00:00+00:00,899.0775335016914,0.037660437973091515
2025-10-05 18:00:00+00:00,899.0775335016914,0.037660437973091515
2025-10-06 00:00:00+00:00,899.0775335016914,0.037660437973091515
2025-10-06 06:00:00+00:00,951.2076706043878,0.0
2025-10-06 12:00:00+00:00,913.9875335016914,0.039129349197790965
2025-10-06 18:00:00+00:00,882.3803968410028,0.0723577783173813
2025-10-07 00:00:00+00:00,916.3357509876625,0.03666067957018046
2025-10-07 06:00:00+00:00,905.9875335016914,0.04753971030738639
2025-10-07 12:00:00+00:00,902.9875335016914,0.050693595723484676
2025-10-07 18:00:00+00:00,899.9875335016914,0.05384748113958296
2025-10-08 00:00:00+00:00,899.9875335016914,0.05384748113958296
2025-10-08 06:00:00+00:00,899.9875335016914,0.05384748113958296
2025-10-08 12:00:00+00:00,899.9875335016914,0.05384748113958296
2025-10-08 18:00:00+00:00,899.9875335016914,0.05384748113958296
2025-10-09 00:00:00+00:00,899.9875335016914,0.05384748113958296
2025-10-09 06:00:00+00:00,904.8575335016914,0.04872767381411674
2025-10-09 12:00:00+00:00,904.8575335016914,0.04872767381411674
2025-10-09 18:00:00+00:00,904.8575335016914,0.04872767381411674
2025-10-10 00:00:00+00:00,904.9321334114749,0.04864924729161393
2025-10-10 06:00:00+00:00,916.5210654010582,0.036465859428246684
2025-10-10 12:00:00+00:00,912.3075335016913,0.04089552503080607
2025-10-10 18:00:00+00:00,916.0675335016913,0.03694265530929623
2025-10-11 00:00:00+00:00,916.0675335016913,0.03694265530929623
2025-10-11 06:00:00+00:00,916.0675335016913,0.03694265530929623
2025-10-11 12:00:00+00:00,923.6863328392021,0.028933048603044662
2025-10-11 18:00:00+00:00,920.9375335016913,0.03182284798383001
2025-10-12 00:00:00+00:00,920.9375335016913,0.03182284798383001
2025-10-12 06:00:00+00:00,920.9375335016913,0.03182284798383001
2025-10-12 12:00:00+00:00,920.9375335016913,0.03182284798383001
2025-10-12 18:00:00+00:00,919.9375335016913,0.03287414312252944
2025-10-13 00:00:00+00:00,918.9375335016913,0.03392543826122887
2025-10-13 06:00:00+00:00,928.7975335016913,0.02355966819365249
2025-10-13 12:00:00+00:00,927.7975335016913,0.024610963332351916
2025-10-13 18:00:00+00:00,926.7975335016913,0.025662258471051344
2025-10-14 00:00:00+00:00,926.7975335016913,0.025662258471051344
2025-10-14 06:00:00+00:00,925.7975335016913,0.02671355360975077
2025-10-14 12:00:00+00:00,930.7875335016913,0.021467590867640617
2025-10-14 18:00:00+00:00,930.7875335016913,0.021467590867640617
2025-10-15 00:00:00+00:00,929.7875335016913,0.022518886006340045
2025-10-15 06:00:00+00:00,934.7775335016913,0.017272923264229887
2025-10-15 12:00:00+00:00,933.7775335016913,0.018324218402929315
2025-10-15 18:00:00+00:00,932.7775335016913,0.019375513541628742
2025-10-16 00:00:00+00:00,932.7775335016913,0.019375513541628742
2025-10-16 06:00:00+00:00,937.7675335016913,0.014129550799518586
2025-10-16 12:00:00+00:00,937.7675335016913,0.014129550799518586
2025-10-16 18:00:00+00:00,937.9775335016914,0.013908778820391668
2025-10-17 00:00:00+00:00,935.9775335016914,0.016011369097790527
2025-10-17 06:00:00+00:00,936.1875335016914,0.015790597118663607
2025-10-17 12:00:00+00:00,936.3975335016914,0.015569825139536688
2025-10-17 18:00:00+00:00,935.3975335016914,0.016621120278236118
2025-10-18 00:00:00+00:00,934.3975335016914,0.017672415416935545
2025-10-18 06:00:00+00:00,933.3975335016914,0.018723710555634973
2025-10-18 12:00:00+00:00,933.3975335016914,0.018723710555634973
2025-10-18 18:00:00+00:00,934.9491366455323,0.01709251771332428
2025-10-19 00:00:00+00:00,932.4132681204576,0.019758463966116264
2025-10-19 06:00:00+00:00,932.6075335016915,0.019554233715207484
2025-10-19 12:00:00+00:00,931.6075335016915,0.020605528853906912
2025-10-19 18:00:00+00:00,937.985207972411,0.01390071068663204
2025-10-20 00:00:00+00:00,938.8975335016916,0.012941587292787998
2025-10-20 06:00:00+00:00,950.8326422368119,0.0003942654997068745
2025-10-20 12:00:00+00:00,943.7675335016916,0.007821779967321777
2025-10-20 18:00:00+00:00,942.7675335016916,0.008873075106021207
2025-10-21 00:00:00+00:00,948.8475335016916,0.0024812006627286387
2025-10-21 06:00:00+00:00,948.8475335016916,0.0024812006627286387
2025-10-21 12:00:00+00:00,947.8475335016916,0.003532495801428067
2025-10-21 18:00:00+00:00,947.8475335016916,0.003532495801428067
2025-10-22 00:00:00+00:00,947.8475335016916,0.003532495801428067
2025-10-22 06:00:00+00:00,952.7175335016916,0.0
2025-10-22 12:00:00+00:00,952.7175335016916,0.0
2025-10-22 18:00:00+00:00,953.9275335016916,0.0
2025-10-23 00:00:00+00:00,952.9275335016916,0.001048297658763643
2025-10-23 06:00:00+00:00,951.9275335016916,0.002096595317527286
2025-10-23 12:00:00+00:00,950.9275335016916,0.003144892976290929
2025-10-23 18:00:00+00:00,950.9275335016916,0.003144892976290929
2025-10-24 00:00:00+00:00,949.9275335016916,0.004193190635054572
2025-10-24 06:00:00+00:00,963.135023260244,0.0
2025-10-24 12:00:00+00:00,953.7975335016916,0.009694891716163159
2025-10-24 18:00:00+00:00,952.7975335016916,0.010733167737540688
2025-10-25 00:00:00+00:00,944.4860913494654,0.019362738827263675
2025-10-25 06:00:00+00:00,949.7788910044605,0.013867351859526922
2025-10-25 12:00:00+00:00,951.9659526630055,0.011596578182185518
2025-10-25 18:00:00+00:00,942.1789111435298,0.021758228712083414
2025-10-26 00:00:00+00:00,949.7858925761383,0.013860082295541976
2025-10-26 06:00:00+00:00,951.0075335016917,0.012591681815806428
2025-10-26 12:00:00+00:00,950.0075335016917,0.013629957837183956
2025-10-26 18:00:00+00:00,948.0075335016917,0.015706509879939014
2025-10-27 00:00:00+00:00,947.0075335016917,0.016744785901316544
2025-10-27 06:00:00+00:00,945.0075335016917,0.018821337944071603
2025-10-27 12:00:00+00:00,969.459767430847,0.0
2025-10-27 18:00:00+00:00,941.0075335016917,0.029348545329071513
2025-10-28 00:00:00+00:00,939.0075335016917,0.03141154997061551
2025-10-28 06:00:00+00:00,947.7575335016917,0.022385904663860527
2025-10-28 12:00:00+00:00,945.7575335016917,0.024448909305404522
2025-10-28 18:00:00+00:00,943.7575335016917,0.026511913946948518
2025-10-29 00:00:00+00:00,956.0966711956304,0.013784064779325502
2025-10-29 06:00:00+00:00,979.6860781864491,0.0
2025-10-29 12:00:00+00:00,947.7475335016917,0.032600794678924704
2025-10-29 18:00:00+00:00,946.7475335016917,0.033621529812623
2025-10-30 00:00:00+00:00,943.7475335016917,0.03668373521371787
2025-10-30 06:00:00+00:00,959.7299695942246,0.020369901171981893
2025-10-30 12:00:00+00:00,946.6175335016917,0.03375422538000377
2025-10-30 18:00:00+00:00,951.4875335016917,0.028783245278893085
2025-10-31 00:00:00+00:00,950.4875335016917,0.02980398041259138
2025-10-31 06:00:00+00:00,938.1593255402828,0.04238781541434044
2025-10-31 12:00:00+00:00,961.3390336974508,0.018727472909446218
2025-10-31 18:00:00+00:00,948.6975335016917,0.031631096301911285
2025-11-01 00:00:00+00:00,958.481944800919,0.021643803926235473
2025-11-01 06:00:00+00:00,947.7702918617788,0.03257756442119845
2025-11-01 12:00:00+00:00,948.9075335016918,0.031416741923834604
2025-11-01 18:00:00+00:00,947.9075335016918,0.032437477057532894
2025-11-02 00:00:00+00:00,939.4799074368129,0.0410398510756262
2025-11-02 06:00:00+00:00,951.5206789587581,0.028749412546342883
2025-11-02 12:00:00+00:00,967.2296861687926,0.012714676971540965
2025-11-02 18:00:00+00:00,943.6945580838056,0.03673780908397651
2025-11-03 00:00:00+00:00,952.1975335016919,0.028058523333967147
2025-11-03 06:00:00+00:00,952.1975335016919,0.028058523333967147
2025-11-03 12:00:00+00:00,953.4075335016919,0.026823433822192176
2025-11-03 18:00:00+00:00,953.4075335016919,0.026823433822192176
2025-11-04 00:00:00+00:00,959.4875335016919,0.020617364209306523
2025-11-04 06:00:00+00:00,959.4875335016919,0.020617364209306523
2025-11-04 12:00:00+00:00,960.697533501692,0.01938227469753155
2025-11-04 18:00:00+00:00,960.697533501692,0.01938227469753155
2025-11-05 00:00:00+00:00,961.907533501692,0.018147185185756583
2025-11-05 06:00:00+00:00,961.907533501692,0.018147185185756583
2025-11-05 12:00:00+00:00,960.907533501692,0.019167920319454874
2025-11-05 18:00:00+00:00,959.907533501692,0.020188655453153164
2025-11-06 00:00:00+00:00,961.117533501692,0.018953565941378196
2025-11-06 06:00:00+00:00,961.117533501692,0.018953565941378196
2025-11-06 12:00:00+00:00,962.3275335016921,0.017718476429603225
2025-11-06 18:00:00+00:00,962.3275335016921,0.017718476429603225
2025-11-07 00:00:00+00:00,961.3275335016921,0.01873921156330152
2025-11-07 06:00:00+00:00,966.1975335016921,0.013768231462190833
2025-11-07 12:00:00+00:00,966.1975335016921,0.013768231462190833
2025-11-07 18:00:00+00:00,966.1975335016921,0.013768231462190833
2025-11-08 00:00:00+00:00,965.487533501692,0.014492953407116657
2025-11-08 06:00:00+00:00,965.777533501692,0.01419694021834419
2025-11-08 12:00:00+00:00,964.777533501692,0.01521767535204248
2025-11-08 18:00:00+00:00,972.3544355693138,0.0074836652070297376
2025-11-09 00:00:00+00:00,961.5515239312826,0.018510576662206246
2025-11-09 06:00:00+00:00,977.3122563623106,0.002423043337037966
2025-11-09 12:00:00+00:00,963.277533501692,0.016748778052589917
2025-11-09 18:00:00+00:00,963.567533501692,0.01645276486381745
2025-11-10 00:00:00+00:00,962.8575335016919,0.017177486808743276
2025-11-10 06:00:00+00:00,961.7698295508097,0.018287744446471178
2025-11-10 12:00:00+00:00,964.0175335016919,0.01599343405365329
2025-11-10 18:00:00+00:00,989.9041877446961,0.0
2025-11-11 00:00:00+00:00,975.5575335016919,0.014492972573123722
2025-11-11 06:00:00+00:00,972.5575335016919,0.01752356890470902
2025-11-11 12:00:00+00:00,970.7675335016919,0.01933182471588821
2025-11-11 18:00:00+00:00,968.9775335016919,0.021140080527067402
2025-11-12 00:00:00+00:00,978.357676102598,0.011664271941716417
2025-11-12 06:00:00+00:00,983.0075335016919,0.006966991683020186
2025-11-12 12:00:00+00:00,982.217533501692,0.007765048717004277
2025-11-12 18:00:00+00:00,981.427533501692,0.008563105750988368
2025-11-13 00:00:00+00:00,981.717533501692,0.008270148105601827
2025-11-13 06:00:00+00:00,975.7250028525042,0.014323795239715453
2025-11-13 12:00:00+00:00,980.137533501692,0.009866262173570011
2025-11-13 18:00:00+00:00,979.347533501692,0.010664319207554103
2025-11-14 00:00:00+00:00,978.5575335016921,0.011462376241538194
2025-11-14 06:00:00+00:00,983.6375335016921,0.0063305664533870485
2025-11-14 12:00:00+00:00,984.8475335016922,0.005108225932980941
2025-11-14 18:00:00+00:00,986.0575335016922,0.003885885412574834
2025-11-15 00:00:00+00:00,985.0575335016922,0.0048960841897699335
2025-11-15 06:00:00+00:00,1001.9959680318315,0.0
2025-11-15 12:00:00+00:00,983.2675335016922,0.018691127636897096
2025-11-15 18:00:00+00:00,984.4775335016923,0.01748353794731304
2025-11-16 00:00:00+00:00,987.2375335016923,0.014729035845451975
2025-11-16 06:00:00+00:00,985.2375335016923,0.016725051861293333
2025-11-16 12:00:00+00:00,986.4475335016923,0.015517462171709276
2025-11-16 18:00:00+00:00,985.4475335016923,0.016515470179629954
2025-11-17 00:00:00+00:00,984.4475335016923,0.017513478187550634
2025-11-17 06:00:00+00:00,982.4475335016923,0.01950949420339199
2025-11-17 12:00:00+00:00,982.4475335016923,0.01950949420339199
2025-11-17 18:00:00+00:00,982.4475335016923,0.01950949420339199
2025-11-18 00:00:00+00:00,981.4475335016923,0.02050750221131267
2025-11-18 06:00:00+00:00,981.4475335016923,0.02050750221131267
2025-11-18 12:00:00+00:00,979.4475335016923,0.022503518227154025
2025-11-18 18:00:00+00:00,979.4475335016923,0.022503518227154025
2025-11-19 00:00:00+00:00,979.4475335016923,0.022503518227154025
2025-11-19 06:00:00+00:00,979.4475335016923,0.022503518227154025
2025-11-19 12:00:00+00:00,979.4475335016923,0.022503518227154025
2025-11-19 18:00:00+00:00,979.4475335016923,0.022503518227154025
2025-11-20 00:00:00+00:00,978.4475335016923,0.023501526235074705
2025-11-20 06:00:00+00:00,985.8977152965844,0.016066185143307588
2025-11-20 12:00:00+00:00,983.3175335016923,0.018641227236500996
2025-11-20 18:00:00+00:00,983.3175335016923,0.018641227236500996
2025-11-21 00:00:00+00:00,984.5275335016923,0.017433637546916937
2025-11-21 06:00:00+00:00,985.7375335016924,0.01622604785733288
2025-11-21 12:00:00+00:00,986.9475335016924,0.015018458167748824
2025-11-21 18:00:00+00:00,988.1575335016925,0.013810868478164765
2025-11-22 00:00:00+00:00,989.3675335016925,0.012603278788580708
2025-11-22 06:00:00+00:00,989.3675335016925,0.012603278788580708
2025-11-22 12:00:00+00:00,988.3675335016925,0.013601286796501386
2025-11-22 18:00:00+00:00,987.3675335016925,0.014599294804422066
2025-11-23 00:00:00+00:00,986.3675335016925,0.015597302812342744
2025-11-23 06:00:00+00:00,986.3675335016925,0.015597302812342744
2025-11-23 12:00:00+00:00,985.3675335016925,0.01659531082026342
2025-11-23 18:00:00+00:00,984.3675335016925,0.0175933188281841
2025-11-24 00:00:00+00:00,983.3675335016925,0.01859132683610478
2025-11-24 06:00:00+00:00,988.2375335016925,0.01373102783753107
2025-11-24 12:00:00+00:00,988.2375335016925,0.01373102783753107
2025-11-24 18:00:00+00:00,988.2375335016925,0.01373102783753107
2025-11-25 00:00:00+00:00,1004.9497021221466,0.0
2025-11-25 06:00:00+00:00,993.1075335016925,0.011783842112144595
2025-11-25 12:00:00+00:00,992.1075335016925,0.012778916788905338
2025-11-25 18:00:00+00:00,998.1875335016925,0.00672886275419998
2025-11-26 00:00:00+00:00,997.1875335016925,0.007723937430960722
2025-11-26 06:00:00+00:00,1017.5188671624119,0.0
2025-11-26 12:00:00+00:00,996.1875335016925,0.020964066956524086
2025-11-26 18:00:00+00:00,996.1875335016925,0.020964066956524086
2025-11-27 00:00:00+00:00,995.4880845839905,0.021651473293914793
2025-11-27 06:00:00+00:00,1008.2758236088436,0.009083903848726368
2025-11-27 12:00:00+00:00,1001.3875335016926,0.01585359660770249
2025-11-27 18:00:00+00:00,1000.3875335016926,0.01683637936709125
2025-11-28 00:00:00+00:00,994.423920409701,0.02269731549756562
2025-11-28 06:00:00+00:00,993.2188444004632,0.023881643423197554
2025-11-28 12:00:00+00:00,998.8075335016927,0.018389176126925418
2025-11-28 18:00:00+00:00,1014.9848693592736,0.002490369353253291
2025-11-29 00:00:00+00:00,1022.9967807895144,0.0
2025-11-29 06:00:00+00:00,1023.2746891455738,0.0
2025-11-29 12:00:00+00:00,1017.3740190691555,0.005766457569028081
2025-11-29 18:00:00+00:00,1005.6521312618014,0.017221727528985493
2025-11-30 00:00:00+00:00,1008.8257747340065,0.014120269527659341
2025-11-30 06:00:00+00:00,999.1513679727774,0.023574629010846726
2025-11-30 12:00:00+00:00,1009.8675335016927,0.013102205875018712
2025-11-30 18:00:00+00:00,1044.074659307667,0.0
2025-12-01 00:00:00+00:00,1020.9175335016928,0.022179568864672757
2025-12-01 06:00:00+00:00,1038.5915085947734,0.00525168450743694
2025-12-01 12:00:00+00:00,1021.1275335016928,0.02197843382310467
2025-12-01 18:00:00+00:00,1020.1275335016928,0.0229362197353335
2025-12-02 00:00:00+00:00,1015.9256975829027,0.026960678983847797
2025-12-02 06:00:00+00:00,1017.1275335016928,0.025809577472019993
2025-12-02 12:00:00+00:00,1015.1275335016928,0.027725149296477656
2025-12-02 18:00:00+00:00,1015.1275335016928,0.027725149296477656
2025-12-03 00:00:00+00:00,1021.4075335016928,0.021710253767680623
2025-12-03 06:00:00+00:00,1016.2265695231763,0.026672508078068764
2025-12-03 12:00:00+00:00,1016.4075335016928,0.02649918332882478
2025-12-03 18:00:00+00:00,1031.3175335016929,0.012218595377492826
2025-12-04 00:00:00+00:00,1026.4986370342656,0.01683406652648397
2025-12-04 06:00:00+00:00,1016.0434813496481,0.02684786735136976
2025-12-04 12:00:00+00:00,1024.3175335016929,0.018923096763094643
2025-12-04 18:00:00+00:00,1020.3175335016929,0.02275424041200997
2025-12-05 00:00:00+00:00,993.613210687905,0.048331264598666934
2025-12-05 06:00:00+00:00,1017.3175335016929,0.025627598148696463
2025-12-05 12:00:00+00:00,1014.3175335016929,0.028500955885382956
2025-12-05 18:00:00+00:00,1026.817199347721,0.016528952030489305
2025-12-06 00:00:00+00:00,1019.6798930111918,0.023364963490878604
2025-12-06 06:00:00+00:00,1024.5314394476175,0.0187182206615461
2025-12-06 12:00:00+00:00,1017.5975335016929,0.025359418093272416
2025-12-06 18:00:00+00:00,1016.5975335016929,0.02631720400550125
2025-12-07 00:00:00+00:00,1016.5975335016929,0.02631720400550125
2025-12-07 06:00:00+00:00,1010.7353055145127,0.031931963385895996
2025-12-07 12:00:00+00:00,1025.3475335016929,0.017936577273498976
2025-12-07 18:00:00+00:00,1024.3475335016929,0.018894363185727805
2025-12-08 00:00:00+00:00,1029.3375335016929,0.014115011483705928
2025-12-08 06:00:00+00:00,1045.3309686788666,0.0
2025-12-08 12:00:00+00:00,1039.8475335016929,0.005245645007632326
2025-12-08 18:00:00+00:00,1036.8475335016929,0.008115549458843149
2025-12-09 00:00:00+00:00,1034.8475335016929,0.010028819092983697
2025-12-09 06:00:00+00:00,1044.1064842084343,0.001171384477377437
2025-12-09 12:00:00+00:00,1047.3575335016928,0.0
2025-12-09 18:00:00+00:00,1044.3575335016928,0.002864351383400014
2025-12-10 00:00:00+00:00,1044.456255633686,0.0027700930916178023
2025-12-10 06:00:00+00:00,1043.5521103860578,0.003633356321897162
2025-12-10 12:00:00+00:00,1055.411665299229,0.0
2025-12-10 18:00:00+00:00,1066.8875335016926,0.0
2025-12-11 00:00:00+00:00,1062.8875335016926,0.003749223675780868
2025-12-11 06:00:00+00:00,1059.8875335016926,0.006561141432616519
2025-12-11 12:00:00+00:00,1056.8875335016926,0.00937305918945217
2025-12-11 18:00:00+00:00,1057.1775335016926,0.009101240472958091
2025-12-12 00:00:00+00:00,1055.1775335016926,0.010975852310848525
2025-12-12 06:00:00+00:00,1075.213365390459,0.0
2025-12-12 12:00:00+00:00,1056.5975335016926,0.017313616522992365
2025-12-12 18:00:00+00:00,1081.4262193922757,0.0
2025-12-13 00:00:00+00:00,1054.9296868430301,0.02450147044163188
2025-12-13 06:00:00+00:00,1062.0875335016926,0.017882575384061558
2025-12-13 12:00:00+00:00,1091.5609677768987,0.0
2025-12-13 18:00:00+00:00,1076.8505176227989,0.013476526358449314
2025-12-14 00:00:00+00:00,1090.6198216121297,0.0008622021055642129
2025-12-14 06:00:00+00:00,1071.1375335016926,0.018710301007557082
2025-12-14 12:00:00+00:00,1104.7462389281013,0.0
2025-12-14 18:00:00+00:00,1092.3105756933717,0.011256578928746168
2025-12-15 00:00:00+00:00,1074.3175335016927,0.027543615315615496
2025-12-15 06:00:00+00:00,1079.825297764813,0.022558068346508447
2025-12-15 12:00:00+00:00,1078.2875335016927,0.02395002987480695
2025-12-15 18:00:00+00:00,1081.2775335016927,0.021243525978580872
2025-12-16 00:00:00+00:00,1082.4875335016927,0.020148251826596377
2025-12-16 06:00:00+00:00,1080.4875335016927,0.021958622325744248
2025-12-16 12:00:00+00:00,1084.3575335016926,0.01845555540989322
2025-12-16 18:00:00+00:00,1083.3575335016926,0.019360740659467152
2025-12-17 00:00:00+00:00,1107.691493661814,0.0
2025-12-17 06:00:00+00:00,1110.4382125332147,0.0
2025-12-17 12:00:00+00:00,1091.8575335016926,0.01673274462442576
2025-12-17 18:00:00+00:00,1093.0675335016927,0.015643084716883766
2025-12-18 00:00:00+00:00,1113.5774109088381,0.0
2025-12-18 06:00:00+00:00,1078.1742988846363,0.031792232562716814
2025-12-18 12:00:00+00:00,1098.1475335016926,0.013856133624830434
2025-12-18 18:00:00+00:00,1099.3575335016926,0.012769545491714026
2025-12-19 00:00:00+00:00,1098.3575335016926,0.013667552213297806
2025-12-19 06:00:00+00:00,1096.3575335016926,0.015463565656465367
2025-12-19 12:00:00+00:00,1094.3575335016926,0.017259579099632927
2025-12-19 18:00:00+00:00,1093.3575335016926,0.01815758582121671
2025-12-20 00:00:00+00:00,1089.3813049635946,0.021728265774981947
2025-12-20 06:00:00+00:00,1082.7731148117887,0.02766246494880744
2025-12-20 12:00:00+00:00,1097.6366548530475,0.01431490608522735
2025-12-20 18:00:00+00:00,1101.3140281431665,0.011012600152927807
2025-12-21 00:00:00+00:00,1098.2387483452778,0.013774222082182666
2025-12-21 06:00:00+00:00,1092.5675335016927,0.01886701113126786
2025-12-21 12:00:00+00:00,1103.2819581661454,0.009245385764686266
2025-12-21 18:00:00+00:00,1079.5364478820782,0.030569013607215412
2025-12-22 00:00:00+00:00,1090.7775335016927,0.020474443162902797
2025-12-22 06:00:00+00:00,1076.2050051056547,0.033560671613015444
2025-12-22 12:00:00+00:00,1089.7775335016927,0.021372449884486576
2025-12-22 18:00:00+00:00,1090.9875335016927,0.02028586175137017
2025-12-23 00:00:00+00:00,1107.3858017449256,0.0055601066466131705
2025-12-23 06:00:00+00:00,1092.1975335016928,0.019199273618253763
2025-12-23 12:00:00+00:00,1093.4075335016928,0.018112685485137357
2025-12-23 18:00:00+00:00,1092.4075335016928,0.019010692206721136
2025-12-24 00:00:00+00:00,1093.6175335016928,0.01792410407360473
2025-12-24 06:00:00+00:00,1085.3045642960383,0.025389206296601498
2025-12-24 12:00:00+00:00,1086.7457213996765,0.024095037530676128
2025-12-24 18:00:00+00:00,1090.6175335016928,0.02061812423835607
2025-12-25 00:00:00+00:00,1097.1289512207438,0.014770827359608548
2025-12-25 06:00:00+00:00,1122.315748161792,0.0
2025-12-25 12:00:00+00:00,1085.6933968371472,0.03263105893740462
2025-12-25 18:00:00+00:00,1123.0572823710647,0.0
2025-12-26 00:00:00+00:00,1088.8275335016929,0.030479076541050514
2025-12-26 06:00:00+00:00,1079.2850953672646,0.03897591662589615
2025-12-26 12:00:00+00:00,1094.9075335016928,0.025065283232873506
2025-12-26 18:00:00+00:00,1087.6272046329184,0.03154788121167272
2025-12-27 00:00:00+00:00,1091.760105813961,0.02786783635027707
2025-12-27 06:00:00+00:00,1095.491759193353,0.024545073176956637
2025-12-27 12:00:00+00:00,1089.950471301887,0.02947918293115075
2025-12-27 18:00:00+00:00,1091.9075335016928,0.027736562825724034
2025-12-28 00:00:00+00:00,1118.6565513043474,0.0039185276973817545
2025-12-28 06:00:00+00:00,1097.0695320051825,0.023140182405491688
2025-12-28 12:00:00+00:00,1099.0504163368753,0.02137635044180893
2025-12-28 18:00:00+00:00,1091.3022443587392,0.028275528337505972
2025-12-29 00:00:00+00:00,1091.1175335016928,0.02843999978517464
2025-12-29 06:00:00+00:00,1092.3275335016929,0.027362583682724893
2025-12-29 12:00:00+00:00,1093.537533501693,0.02628516758027515
2025-12-29 18:00:00+00:00,1104.3251311084468,0.016679604466006817
2025-12-30 00:00:00+00:00,1101.6061621535532,0.019100646560273975
2025-12-30 06:00:00+00:00,1092.537533501693,0.027175594111225325
2025-12-30 12:00:00+00:00,1091.537533501693,0.0280660206421755
2025-12-30 18:00:00+00:00,1086.108436161308,0.0329002329531653
2025-12-31 00:00:00+00:00,1090.537533501693,0.02895644717312568
2025-12-31 06:00:00+00:00,1071.6924891242397,0.04573657466374344
2025-12-31 12:00:00+00:00,1089.537533501693,0.029846873704075856
2025-12-31 18:00:00+00:00,1090.747533501693,0.02876945760162611
2026-01-01 00:00:00+00:00,1079.8925821249502,0.038434994299652
2026-01-01 06:00:00+00:00,1081.293221012272,0.03718782827410018
2026-01-01 12:00:00+00:00,1081.520824831462,0.03698516379494772
2026-01-01 18:00:00+00:00,1089.747533501693,0.029659884132576284
2026-01-02 00:00:00+00:00,1083.2002197996699,0.03548978595931125
2026-01-02 06:00:00+00:00,1091.3275335016929,0.028253010213675073
2026-01-02 12:00:00+00:00,1091.6175335016928,0.02799478651969955
2026-01-02 18:00:00+00:00,1090.9075335016928,0.02862698935667421
2026-01-03 00:00:00+00:00,1079.6801279396745,0.038624169142832836
2026-01-03 06:00:00+00:00,1088.1975335016928,0.03104004525554922
2026-01-03 12:00:00+00:00,1141.7690542580801,0.0
2026-01-03 18:00:00+00:00,1140.72452490529,0.0009148341767493287
2026-01-04 00:00:00+00:00,1103.3975335016926,0.03360707720469908
2026-01-04 06:00:00+00:00,1092.7533698811148,0.042929596133445394
2026-01-04 12:00:00+00:00,1099.6875335016925,0.03685642083173475
2026-01-04 18:00:00+00:00,1102.6943527128353,0.03422294675050156
2026-01-05 00:00:00+00:00,1102.8475335016924,0.03408878582865331
2026-01-05 06:00:00+00:00,1137.1239777496905,0.00406831529639587
2026-01-05 12:00:00+00:00,1121.7475335016923,0.017535525841868106
2026-01-05 18:00:00+00:00,1137.6635973610505,0.003595698168310706
2026-01-06 00:00:00+00:00,1141.0197101347576,0.000656300957297767
2026-01-06 06:00:00+00:00,1143.293771908766,0.0
2026-01-06 12:00:00+00:00,1151.643837291641,0.0
